Index,CompanyType,Company,CompanyLabel,Score
2022,Digital Platform,Alibaba,Alibaba,26.45
2022,Digital Platform,Amazon,Amazon,25.36
2022,Digital Platform,Apple,Apple,43.9
2022,Digital Platform,Baidu,Baidu,27.77
2022,Digital Platform,Meta,Meta,45.72
2022,Digital Platform,Google,Google,46.97
2022,Digital Platform,Kakao,Kakao,43.94
2022,Digital Platform,VK,VK,27.93
2022,Digital Platform,Microsoft,Microsoft,49.62
2022,Digital Platform,Samsung,Samsung,25.7
2022,Digital Platform,Tencent,Tencent,25.29
2022,Digital Platform,Twitter,Twitter,56.01
2022,Digital Platform,Yahoo,Yahoo,53.62
2022,Digital Platform,Yandex,Yandex,35.1
