Index,CompanyType,Company,CompanyLabel,Category,IndicatorFam,Indicator,isSubindicator,IndicatorNr,IndicatorSuffix,Score
2022,Digital Platform,Alibaba,Alibaba,G,G01,G01,FALSE,1,NA,0
2022,Digital Platform,Alibaba,Alibaba,G,G02,G02,FALSE,2,NA,16.67
2022,Digital Platform,Alibaba,Alibaba,G,G03,G03,FALSE,3,NA,18.75
2022,Digital Platform,Alibaba,Alibaba,G,G04,G04,FALSE,4,NA,0
2022,Digital Platform,Alibaba,Alibaba,G,G04,G04a,TRUE,4,a,0
2022,Digital Platform,Alibaba,Alibaba,G,G04,G04b,TRUE,4,b,0
2022,Digital Platform,Alibaba,Alibaba,G,G04,G04c,TRUE,4,c,0
2022,Digital Platform,Alibaba,Alibaba,G,G04,G04d,TRUE,4,d,0
2022,Digital Platform,Alibaba,Alibaba,G,G04,G04e,TRUE,4,e,NA
2022,Digital Platform,Alibaba,Alibaba,G,G05,G05,FALSE,5,NA,0
2022,Digital Platform,Alibaba,Alibaba,G,G06,G06,FALSE,6,NA,15.28
2022,Digital Platform,Alibaba,Alibaba,G,G06,G06a,TRUE,6,a,5.56
2022,Digital Platform,Alibaba,Alibaba,G,G06,G06b,TRUE,6,b,25
2022,Digital Platform,Alibaba,Alibaba,F,F01,F01,FALSE,1,NA,47.92
2022,Digital Platform,Alibaba,Alibaba,F,F01,F01a,TRUE,1,a,50
2022,Digital Platform,Alibaba,Alibaba,F,F01,F01b,TRUE,1,b,66.67
2022,Digital Platform,Alibaba,Alibaba,F,F01,F01c,TRUE,1,c,75
2022,Digital Platform,Alibaba,Alibaba,F,F01,F01d,TRUE,1,d,0
2022,Digital Platform,Alibaba,Alibaba,F,F02,F02,FALSE,2,NA,9.38
2022,Digital Platform,Alibaba,Alibaba,F,F02,F02a,TRUE,2,a,37.5
2022,Digital Platform,Alibaba,Alibaba,F,F02,F02b,TRUE,2,b,0
2022,Digital Platform,Alibaba,Alibaba,F,F02,F02c,TRUE,2,c,0
2022,Digital Platform,Alibaba,Alibaba,F,F02,F02d,TRUE,2,d,0
2022,Digital Platform,Alibaba,Alibaba,F,F03,F03,FALSE,3,NA,49.52
2022,Digital Platform,Alibaba,Alibaba,F,F03,F03a,TRUE,3,a,78.57
2022,Digital Platform,Alibaba,Alibaba,F,F03,F03b,TRUE,3,b,50
2022,Digital Platform,Alibaba,Alibaba,F,F03,F03c,TRUE,3,c,20
2022,Digital Platform,Alibaba,Alibaba,F,F04,F04,FALSE,4,NA,0
2022,Digital Platform,Alibaba,Alibaba,F,F04,F04a,TRUE,4,a,0
2022,Digital Platform,Alibaba,Alibaba,F,F04,F04b,TRUE,4,b,0
2022,Digital Platform,Alibaba,Alibaba,F,F04,F04c,TRUE,4,c,0
2022,Digital Platform,Alibaba,Alibaba,F,F05,F05,FALSE,5,NA,11.08
2022,Digital Platform,Alibaba,Alibaba,F,F05,F05a,TRUE,5,a,7.15
2022,Digital Platform,Alibaba,Alibaba,F,F05,F05b,TRUE,5,b,15
2022,Digital Platform,Alibaba,Alibaba,F,F06,F06,FALSE,6,NA,0
2022,Digital Platform,Alibaba,Alibaba,F,F07,F07,FALSE,7,NA,0
2022,Digital Platform,Alibaba,Alibaba,F,F08,F08,FALSE,8,NA,18.75
2022,Digital Platform,Alibaba,Alibaba,F,F09,F09,FALSE,9,NA,NA
2022,Digital Platform,Alibaba,Alibaba,F,F10,F10,FALSE,10,NA,NA
2022,Digital Platform,Alibaba,Alibaba,F,F11,F11,FALSE,11,NA,0
2022,Digital Platform,Alibaba,Alibaba,F,F12,F12,FALSE,12,NA,45
2022,Digital Platform,Alibaba,Alibaba,F,F13,F13,FALSE,13,NA,NA
2022,Digital Platform,Alibaba,Alibaba,P,P01,P01,FALSE,1,NA,37.5
2022,Digital Platform,Alibaba,Alibaba,P,P01,P01a,TRUE,1,a,75
2022,Digital Platform,Alibaba,Alibaba,P,P01,P01b,TRUE,1,b,0
2022,Digital Platform,Alibaba,Alibaba,P,P02,P02,FALSE,2,NA,17.5
2022,Digital Platform,Alibaba,Alibaba,P,P02,P02a,TRUE,2,a,35
2022,Digital Platform,Alibaba,Alibaba,P,P02,P02b,TRUE,2,b,0
2022,Digital Platform,Alibaba,Alibaba,P,P03,P03,FALSE,3,NA,50
2022,Digital Platform,Alibaba,Alibaba,P,P03,P03a,TRUE,3,a,66.67
2022,Digital Platform,Alibaba,Alibaba,P,P03,P03b,TRUE,3,b,33.33
2022,Digital Platform,Alibaba,Alibaba,P,P04,P04,FALSE,4,NA,52.09
2022,Digital Platform,Alibaba,Alibaba,P,P05,P05,FALSE,5,NA,70
2022,Digital Platform,Alibaba,Alibaba,P,P06,P06,FALSE,6,NA,17.15
2022,Digital Platform,Alibaba,Alibaba,P,P07,P07,FALSE,7,NA,31.95
2022,Digital Platform,Alibaba,Alibaba,P,P08,P08,FALSE,8,NA,11.31
2022,Digital Platform,Alibaba,Alibaba,P,P09,P09,FALSE,9,NA,8.34
2022,Digital Platform,Alibaba,Alibaba,P,P10,P10,FALSE,10,NA,1.79
2022,Digital Platform,Alibaba,Alibaba,P,P10,P10a,TRUE,10,a,3.57
2022,Digital Platform,Alibaba,Alibaba,P,P10,P10b,TRUE,10,b,0
2022,Digital Platform,Alibaba,Alibaba,P,P11,P11,FALSE,11,NA,0
2022,Digital Platform,Alibaba,Alibaba,P,P11,P11a,TRUE,11,a,0
2022,Digital Platform,Alibaba,Alibaba,P,P11,P11b,TRUE,11,b,0
2022,Digital Platform,Alibaba,Alibaba,P,P12,P12,FALSE,12,NA,16.67
2022,Digital Platform,Alibaba,Alibaba,P,P13,P13,FALSE,13,NA,100
2022,Digital Platform,Alibaba,Alibaba,P,P14,P14,FALSE,14,NA,36.11
2022,Digital Platform,Alibaba,Alibaba,P,P15,P15,FALSE,15,NA,83.33
2022,Digital Platform,Alibaba,Alibaba,P,P16,P16,FALSE,16,NA,25
2022,Digital Platform,Alibaba,Alibaba,P,P17,P17,FALSE,17,NA,58.33
2022,Digital Platform,Alibaba,Alibaba,P,P18,P18,FALSE,18,NA,50
2022,Digital Platform,Amazon,Amazon,G,G01,G01,FALSE,1,NA,33.33
2022,Digital Platform,Amazon,Amazon,G,G02,G02,FALSE,2,NA,16.67
2022,Digital Platform,Amazon,Amazon,G,G03,G03,FALSE,3,NA,12.5
2022,Digital Platform,Amazon,Amazon,G,G04,G04,FALSE,4,NA,0
2022,Digital Platform,Amazon,Amazon,G,G04,G04a,TRUE,4,a,0
2022,Digital Platform,Amazon,Amazon,G,G04,G04b,TRUE,4,b,0
2022,Digital Platform,Amazon,Amazon,G,G04,G04c,TRUE,4,c,0
2022,Digital Platform,Amazon,Amazon,G,G04,G04d,TRUE,4,d,0
2022,Digital Platform,Amazon,Amazon,G,G04,G04e,TRUE,4,e,NA
2022,Digital Platform,Amazon,Amazon,G,G05,G05,FALSE,5,NA,16.67
2022,Digital Platform,Amazon,Amazon,G,G06,G06,FALSE,6,NA,4.55
2022,Digital Platform,Amazon,Amazon,G,G06,G06a,TRUE,6,a,0
2022,Digital Platform,Amazon,Amazon,G,G06,G06b,TRUE,6,b,9.09
2022,Digital Platform,Amazon,Amazon,F,F01,F01,FALSE,1,NA,48.44
2022,Digital Platform,Amazon,Amazon,F,F01,F01a,TRUE,1,a,66.67
2022,Digital Platform,Amazon,Amazon,F,F01,F01b,TRUE,1,b,39.59
2022,Digital Platform,Amazon,Amazon,F,F01,F01c,TRUE,1,c,87.5
2022,Digital Platform,Amazon,Amazon,F,F01,F01d,TRUE,1,d,0
2022,Digital Platform,Amazon,Amazon,F,F02,F02,FALSE,2,NA,6.25
2022,Digital Platform,Amazon,Amazon,F,F02,F02a,TRUE,2,a,18.75
2022,Digital Platform,Amazon,Amazon,F,F02,F02b,TRUE,2,b,6.25
2022,Digital Platform,Amazon,Amazon,F,F02,F02c,TRUE,2,c,0
2022,Digital Platform,Amazon,Amazon,F,F02,F02d,TRUE,2,d,0
2022,Digital Platform,Amazon,Amazon,F,F03,F03,FALSE,3,NA,26.27
2022,Digital Platform,Amazon,Amazon,F,F03,F03a,TRUE,3,a,17.15
2022,Digital Platform,Amazon,Amazon,F,F03,F03b,TRUE,3,b,41.67
2022,Digital Platform,Amazon,Amazon,F,F03,F03c,TRUE,3,c,20
2022,Digital Platform,Amazon,Amazon,F,F04,F04,FALSE,4,NA,5.83
2022,Digital Platform,Amazon,Amazon,F,F04,F04a,TRUE,4,a,12.5
2022,Digital Platform,Amazon,Amazon,F,F04,F04b,TRUE,4,b,5
2022,Digital Platform,Amazon,Amazon,F,F04,F04c,TRUE,4,c,0
2022,Digital Platform,Amazon,Amazon,F,F05,F05,FALSE,5,NA,0
2022,Digital Platform,Amazon,Amazon,F,F05,F05a,TRUE,5,a,0
2022,Digital Platform,Amazon,Amazon,F,F05,F05b,TRUE,5,b,0
2022,Digital Platform,Amazon,Amazon,F,F06,F06,FALSE,6,NA,0
2022,Digital Platform,Amazon,Amazon,F,F07,F07,FALSE,7,NA,0
2022,Digital Platform,Amazon,Amazon,F,F08,F08,FALSE,8,NA,6.25
2022,Digital Platform,Amazon,Amazon,F,F09,F09,FALSE,9,NA,NA
2022,Digital Platform,Amazon,Amazon,F,F10,F10,FALSE,10,NA,NA
2022,Digital Platform,Amazon,Amazon,F,F11,F11,FALSE,11,NA,50
2022,Digital Platform,Amazon,Amazon,F,F12,F12,FALSE,12,NA,20
2022,Digital Platform,Amazon,Amazon,F,F13,F13,FALSE,13,NA,NA
2022,Digital Platform,Amazon,Amazon,P,P01,P01,FALSE,1,NA,46.88
2022,Digital Platform,Amazon,Amazon,P,P01,P01a,TRUE,1,a,93.75
2022,Digital Platform,Amazon,Amazon,P,P01,P01b,TRUE,1,b,0
2022,Digital Platform,Amazon,Amazon,P,P02,P02,FALSE,2,NA,5.63
2022,Digital Platform,Amazon,Amazon,P,P02,P02a,TRUE,2,a,11.25
2022,Digital Platform,Amazon,Amazon,P,P02,P02b,TRUE,2,b,0
2022,Digital Platform,Amazon,Amazon,P,P03,P03,FALSE,3,NA,26.67
2022,Digital Platform,Amazon,Amazon,P,P03,P03a,TRUE,3,a,36.67
2022,Digital Platform,Amazon,Amazon,P,P03,P03b,TRUE,3,b,16.67
2022,Digital Platform,Amazon,Amazon,P,P04,P04,FALSE,4,NA,41.67
2022,Digital Platform,Amazon,Amazon,P,P05,P05,FALSE,5,NA,30
2022,Digital Platform,Amazon,Amazon,P,P06,P06,FALSE,6,NA,0
2022,Digital Platform,Amazon,Amazon,P,P07,P07,FALSE,7,NA,19.79
2022,Digital Platform,Amazon,Amazon,P,P08,P08,FALSE,8,NA,15.48
2022,Digital Platform,Amazon,Amazon,P,P09,P09,FALSE,9,NA,33.33
2022,Digital Platform,Amazon,Amazon,P,P10,P10,FALSE,10,NA,32.15
2022,Digital Platform,Amazon,Amazon,P,P10,P10a,TRUE,10,a,64.29
2022,Digital Platform,Amazon,Amazon,P,P10,P10b,TRUE,10,b,0
2022,Digital Platform,Amazon,Amazon,P,P11,P11,FALSE,11,NA,17.5
2022,Digital Platform,Amazon,Amazon,P,P11,P11a,TRUE,11,a,35
2022,Digital Platform,Amazon,Amazon,P,P11,P11b,TRUE,11,b,0
2022,Digital Platform,Amazon,Amazon,P,P12,P12,FALSE,12,NA,33.33
2022,Digital Platform,Amazon,Amazon,P,P13,P13,FALSE,13,NA,25
2022,Digital Platform,Amazon,Amazon,P,P14,P14,FALSE,14,NA,61.11
2022,Digital Platform,Amazon,Amazon,P,P15,P15,FALSE,15,NA,0
2022,Digital Platform,Amazon,Amazon,P,P16,P16,FALSE,16,NA,43.75
2022,Digital Platform,Amazon,Amazon,P,P17,P17,FALSE,17,NA,83.33
2022,Digital Platform,Amazon,Amazon,P,P18,P18,FALSE,18,NA,100
2022,Digital Platform,Apple,Apple,G,G01,G01,FALSE,1,NA,66.67
2022,Digital Platform,Apple,Apple,G,G02,G02,FALSE,2,NA,100
2022,Digital Platform,Apple,Apple,G,G03,G03,FALSE,3,NA,87.5
2022,Digital Platform,Apple,Apple,G,G04,G04,FALSE,4,NA,15.2
2022,Digital Platform,Apple,Apple,G,G04,G04a,TRUE,4,a,54.55
2022,Digital Platform,Apple,Apple,G,G04,G04b,TRUE,4,b,0
2022,Digital Platform,Apple,Apple,G,G04,G04c,TRUE,4,c,0
2022,Digital Platform,Apple,Apple,G,G04,G04d,TRUE,4,d,6.25
2022,Digital Platform,Apple,Apple,G,G04,G04e,TRUE,4,e,NA
2022,Digital Platform,Apple,Apple,G,G05,G05,FALSE,5,NA,16.67
2022,Digital Platform,Apple,Apple,G,G06,G06,FALSE,6,NA,15.91
2022,Digital Platform,Apple,Apple,G,G06,G06a,TRUE,6,a,25
2022,Digital Platform,Apple,Apple,G,G06,G06b,TRUE,6,b,6.82
2022,Digital Platform,Apple,Apple,F,F01,F01,FALSE,1,NA,24.74
2022,Digital Platform,Apple,Apple,F,F01,F01a,TRUE,1,a,62.5
2022,Digital Platform,Apple,Apple,F,F01,F01b,TRUE,1,b,9.38
2022,Digital Platform,Apple,Apple,F,F01,F01c,TRUE,1,c,18.75
2022,Digital Platform,Apple,Apple,F,F01,F01d,TRUE,1,d,8.33
2022,Digital Platform,Apple,Apple,F,F02,F02,FALSE,2,NA,3.13
2022,Digital Platform,Apple,Apple,F,F02,F02a,TRUE,2,a,12.5
2022,Digital Platform,Apple,Apple,F,F02,F02b,TRUE,2,b,0
2022,Digital Platform,Apple,Apple,F,F02,F02c,TRUE,2,c,0
2022,Digital Platform,Apple,Apple,F,F02,F02d,TRUE,2,d,0
2022,Digital Platform,Apple,Apple,F,F03,F03,FALSE,3,NA,28.36
2022,Digital Platform,Apple,Apple,F,F03,F03a,TRUE,3,a,36.19
2022,Digital Platform,Apple,Apple,F,F03,F03b,TRUE,3,b,22.22
2022,Digital Platform,Apple,Apple,F,F03,F03c,TRUE,3,c,26.67
2022,Digital Platform,Apple,Apple,F,F04,F04,FALSE,4,NA,4.08
2022,Digital Platform,Apple,Apple,F,F04,F04a,TRUE,4,a,5.56
2022,Digital Platform,Apple,Apple,F,F04,F04b,TRUE,4,b,6.67
2022,Digital Platform,Apple,Apple,F,F04,F04c,TRUE,4,c,0
2022,Digital Platform,Apple,Apple,F,F05,F05,FALSE,5,NA,56.25
2022,Digital Platform,Apple,Apple,F,F05,F05a,TRUE,5,a,100
2022,Digital Platform,Apple,Apple,F,F05,F05b,TRUE,5,b,12.5
2022,Digital Platform,Apple,Apple,F,F06,F06,FALSE,6,NA,60.28
2022,Digital Platform,Apple,Apple,F,F07,F07,FALSE,7,NA,0
2022,Digital Platform,Apple,Apple,F,F08,F08,FALSE,8,NA,9.38
2022,Digital Platform,Apple,Apple,F,F09,F09,FALSE,9,NA,NA
2022,Digital Platform,Apple,Apple,F,F10,F10,FALSE,10,NA,NA
2022,Digital Platform,Apple,Apple,F,F11,F11,FALSE,11,NA,50
2022,Digital Platform,Apple,Apple,F,F12,F12,FALSE,12,NA,0
2022,Digital Platform,Apple,Apple,F,F13,F13,FALSE,13,NA,0
2022,Digital Platform,Apple,Apple,P,P01,P01,FALSE,1,NA,50
2022,Digital Platform,Apple,Apple,P,P01,P01a,TRUE,1,a,100
2022,Digital Platform,Apple,Apple,P,P01,P01b,TRUE,1,b,0
2022,Digital Platform,Apple,Apple,P,P02,P02,FALSE,2,NA,13.44
2022,Digital Platform,Apple,Apple,P,P02,P02a,TRUE,2,a,26.88
2022,Digital Platform,Apple,Apple,P,P02,P02b,TRUE,2,b,0
2022,Digital Platform,Apple,Apple,P,P03,P03,FALSE,3,NA,20
2022,Digital Platform,Apple,Apple,P,P03,P03a,TRUE,3,a,40
2022,Digital Platform,Apple,Apple,P,P03,P03b,TRUE,3,b,0
2022,Digital Platform,Apple,Apple,P,P04,P04,FALSE,4,NA,45.83
2022,Digital Platform,Apple,Apple,P,P05,P05,FALSE,5,NA,30
2022,Digital Platform,Apple,Apple,P,P06,P06,FALSE,6,NA,37.14
2022,Digital Platform,Apple,Apple,P,P07,P07,FALSE,7,NA,35.07
2022,Digital Platform,Apple,Apple,P,P08,P08,FALSE,8,NA,72.03
2022,Digital Platform,Apple,Apple,P,P09,P09,FALSE,9,NA,44.44
2022,Digital Platform,Apple,Apple,P,P10,P10,FALSE,10,NA,75
2022,Digital Platform,Apple,Apple,P,P10,P10a,TRUE,10,a,100
2022,Digital Platform,Apple,Apple,P,P10,P10b,TRUE,10,b,50
2022,Digital Platform,Apple,Apple,P,P11,P11,FALSE,11,NA,40
2022,Digital Platform,Apple,Apple,P,P11,P11a,TRUE,11,a,80
2022,Digital Platform,Apple,Apple,P,P11,P11b,TRUE,11,b,0
2022,Digital Platform,Apple,Apple,P,P12,P12,FALSE,12,NA,66.67
2022,Digital Platform,Apple,Apple,P,P13,P13,FALSE,13,NA,100
2022,Digital Platform,Apple,Apple,P,P14,P14,FALSE,14,NA,25
2022,Digital Platform,Apple,Apple,P,P15,P15,FALSE,15,NA,66.67
2022,Digital Platform,Apple,Apple,P,P16,P16,FALSE,16,NA,93.75
2022,Digital Platform,Apple,Apple,P,P17,P17,FALSE,17,NA,83.33
2022,Digital Platform,Apple,Apple,P,P18,P18,FALSE,18,NA,100
2022,Digital Platform,Baidu,Baidu,G,G01,G01,FALSE,1,NA,50
2022,Digital Platform,Baidu,Baidu,G,G02,G02,FALSE,2,NA,50
2022,Digital Platform,Baidu,Baidu,G,G03,G03,FALSE,3,NA,50
2022,Digital Platform,Baidu,Baidu,G,G04,G04,FALSE,4,NA,2.7
2022,Digital Platform,Baidu,Baidu,G,G04,G04a,TRUE,4,a,4.55
2022,Digital Platform,Baidu,Baidu,G,G04,G04b,TRUE,4,b,0
2022,Digital Platform,Baidu,Baidu,G,G04,G04c,TRUE,4,c,0
2022,Digital Platform,Baidu,Baidu,G,G04,G04d,TRUE,4,d,6.25
2022,Digital Platform,Baidu,Baidu,G,G04,G04e,TRUE,4,e,NA
2022,Digital Platform,Baidu,Baidu,G,G05,G05,FALSE,5,NA,0
2022,Digital Platform,Baidu,Baidu,G,G06,G06,FALSE,6,NA,5.98
2022,Digital Platform,Baidu,Baidu,G,G06,G06a,TRUE,6,a,7.41
2022,Digital Platform,Baidu,Baidu,G,G06,G06b,TRUE,6,b,4.55
2022,Digital Platform,Baidu,Baidu,F,F01,F01,FALSE,1,NA,37.5
2022,Digital Platform,Baidu,Baidu,F,F01,F01a,TRUE,1,a,72.22
2022,Digital Platform,Baidu,Baidu,F,F01,F01b,TRUE,1,b,77.78
2022,Digital Platform,Baidu,Baidu,F,F01,F01c,TRUE,1,c,0
2022,Digital Platform,Baidu,Baidu,F,F01,F01d,TRUE,1,d,0
2022,Digital Platform,Baidu,Baidu,F,F02,F02,FALSE,2,NA,4.17
2022,Digital Platform,Baidu,Baidu,F,F02,F02a,TRUE,2,a,0
2022,Digital Platform,Baidu,Baidu,F,F02,F02b,TRUE,2,b,16.67
2022,Digital Platform,Baidu,Baidu,F,F02,F02c,TRUE,2,c,0
2022,Digital Platform,Baidu,Baidu,F,F02,F02d,TRUE,2,d,0
2022,Digital Platform,Baidu,Baidu,F,F03,F03,FALSE,3,NA,40.42
2022,Digital Platform,Baidu,Baidu,F,F03,F03a,TRUE,3,a,62.38
2022,Digital Platform,Baidu,Baidu,F,F03,F03b,TRUE,3,b,38.89
2022,Digital Platform,Baidu,Baidu,F,F03,F03c,TRUE,3,c,20
2022,Digital Platform,Baidu,Baidu,F,F04,F04,FALSE,4,NA,30.19
2022,Digital Platform,Baidu,Baidu,F,F04,F04a,TRUE,4,a,38.89
2022,Digital Platform,Baidu,Baidu,F,F04,F04b,TRUE,4,b,35
2022,Digital Platform,Baidu,Baidu,F,F04,F04c,TRUE,4,c,16.67
2022,Digital Platform,Baidu,Baidu,F,F05,F05,FALSE,5,NA,8.57
2022,Digital Platform,Baidu,Baidu,F,F05,F05a,TRUE,5,a,7.14
2022,Digital Platform,Baidu,Baidu,F,F05,F05b,TRUE,5,b,10
2022,Digital Platform,Baidu,Baidu,F,F06,F06,FALSE,6,NA,0
2022,Digital Platform,Baidu,Baidu,F,F07,F07,FALSE,7,NA,0
2022,Digital Platform,Baidu,Baidu,F,F08,F08,FALSE,8,NA,0
2022,Digital Platform,Baidu,Baidu,F,F09,F09,FALSE,9,NA,NA
2022,Digital Platform,Baidu,Baidu,F,F10,F10,FALSE,10,NA,NA
2022,Digital Platform,Baidu,Baidu,F,F11,F11,FALSE,11,NA,0
2022,Digital Platform,Baidu,Baidu,F,F12,F12,FALSE,12,NA,33.33
2022,Digital Platform,Baidu,Baidu,F,F13,F13,FALSE,13,NA,0
2022,Digital Platform,Baidu,Baidu,P,P01,P01,FALSE,1,NA,44.45
2022,Digital Platform,Baidu,Baidu,P,P01,P01a,TRUE,1,a,88.89
2022,Digital Platform,Baidu,Baidu,P,P01,P01b,TRUE,1,b,0
2022,Digital Platform,Baidu,Baidu,P,P02,P02,FALSE,2,NA,12.5
2022,Digital Platform,Baidu,Baidu,P,P02,P02a,TRUE,2,a,25
2022,Digital Platform,Baidu,Baidu,P,P02,P02b,TRUE,2,b,0
2022,Digital Platform,Baidu,Baidu,P,P03,P03,FALSE,3,NA,55.56
2022,Digital Platform,Baidu,Baidu,P,P03,P03a,TRUE,3,a,100
2022,Digital Platform,Baidu,Baidu,P,P03,P03b,TRUE,3,b,11.11
2022,Digital Platform,Baidu,Baidu,P,P04,P04,FALSE,4,NA,50
2022,Digital Platform,Baidu,Baidu,P,P05,P05,FALSE,5,NA,50
2022,Digital Platform,Baidu,Baidu,P,P06,P06,FALSE,6,NA,0
2022,Digital Platform,Baidu,Baidu,P,P07,P07,FALSE,7,NA,10.42
2022,Digital Platform,Baidu,Baidu,P,P08,P08,FALSE,8,NA,8.33
2022,Digital Platform,Baidu,Baidu,P,P09,P09,FALSE,9,NA,11.11
2022,Digital Platform,Baidu,Baidu,P,P10,P10,FALSE,10,NA,0
2022,Digital Platform,Baidu,Baidu,P,P10,P10a,TRUE,10,a,0
2022,Digital Platform,Baidu,Baidu,P,P10,P10b,TRUE,10,b,0
2022,Digital Platform,Baidu,Baidu,P,P11,P11,FALSE,11,NA,0
2022,Digital Platform,Baidu,Baidu,P,P11,P11a,TRUE,11,a,0
2022,Digital Platform,Baidu,Baidu,P,P11,P11b,TRUE,11,b,0
2022,Digital Platform,Baidu,Baidu,P,P12,P12,FALSE,12,NA,16.67
2022,Digital Platform,Baidu,Baidu,P,P13,P13,FALSE,13,NA,83.33
2022,Digital Platform,Baidu,Baidu,P,P14,P14,FALSE,14,NA,33.33
2022,Digital Platform,Baidu,Baidu,P,P15,P15,FALSE,15,NA,83.33
2022,Digital Platform,Baidu,Baidu,P,P16,P16,FALSE,16,NA,16.67
2022,Digital Platform,Baidu,Baidu,P,P17,P17,FALSE,17,NA,83.33
2022,Digital Platform,Baidu,Baidu,P,P18,P18,FALSE,18,NA,100
2022,Digital Platform,Meta,Meta,G,G01,G01,FALSE,1,NA,83.33
2022,Digital Platform,Meta,Meta,G,G02,G02,FALSE,2,NA,100
2022,Digital Platform,Meta,Meta,G,G03,G03,FALSE,3,NA,100
2022,Digital Platform,Meta,Meta,G,G04,G04,FALSE,4,NA,33.03
2022,Digital Platform,Meta,Meta,G,G04,G04a,TRUE,4,a,81.82
2022,Digital Platform,Meta,Meta,G,G04,G04b,TRUE,4,b,33.33
2022,Digital Platform,Meta,Meta,G,G04,G04c,TRUE,4,c,25
2022,Digital Platform,Meta,Meta,G,G04,G04d,TRUE,4,d,25
2022,Digital Platform,Meta,Meta,G,G04,G04e,TRUE,4,e,0
2022,Digital Platform,Meta,Meta,G,G05,G05,FALSE,5,NA,50
2022,Digital Platform,Meta,Meta,G,G06,G06,FALSE,6,NA,21.35
2022,Digital Platform,Meta,Meta,G,G06,G06a,TRUE,6,a,9.73
2022,Digital Platform,Meta,Meta,G,G06,G06b,TRUE,6,b,32.96
2022,Digital Platform,Meta,Meta,F,F01,F01,FALSE,1,NA,69.79
2022,Digital Platform,Meta,Meta,F,F01,F01a,TRUE,1,a,100
2022,Digital Platform,Meta,Meta,F,F01,F01b,TRUE,1,b,87.5
2022,Digital Platform,Meta,Meta,F,F01,F01c,TRUE,1,c,79.17
2022,Digital Platform,Meta,Meta,F,F01,F01d,TRUE,1,d,12.5
2022,Digital Platform,Meta,Meta,F,F02,F02,FALSE,2,NA,8.6
2022,Digital Platform,Meta,Meta,F,F02,F02a,TRUE,2,a,34.38
2022,Digital Platform,Meta,Meta,F,F02,F02b,TRUE,2,b,0
2022,Digital Platform,Meta,Meta,F,F02,F02c,TRUE,2,c,0
2022,Digital Platform,Meta,Meta,F,F02,F02d,TRUE,2,d,0
2022,Digital Platform,Meta,Meta,F,F03,F03,FALSE,3,NA,53.71
2022,Digital Platform,Meta,Meta,F,F03,F03a,TRUE,3,a,80.72
2022,Digital Platform,Meta,Meta,F,F03,F03b,TRUE,3,b,41.67
2022,Digital Platform,Meta,Meta,F,F03,F03c,TRUE,3,c,38.75
2022,Digital Platform,Meta,Meta,F,F04,F04,FALSE,4,NA,19.17
2022,Digital Platform,Meta,Meta,F,F04,F04a,TRUE,4,a,25
2022,Digital Platform,Meta,Meta,F,F04,F04b,TRUE,4,b,32.5
2022,Digital Platform,Meta,Meta,F,F04,F04c,TRUE,4,c,0
2022,Digital Platform,Meta,Meta,F,F05,F05,FALSE,5,NA,43.22
2022,Digital Platform,Meta,Meta,F,F05,F05a,TRUE,5,a,46.43
2022,Digital Platform,Meta,Meta,F,F05,F05b,TRUE,5,b,40
2022,Digital Platform,Meta,Meta,F,F06,F06,FALSE,6,NA,20
2022,Digital Platform,Meta,Meta,F,F07,F07,FALSE,7,NA,25
2022,Digital Platform,Meta,Meta,F,F08,F08,FALSE,8,NA,50
2022,Digital Platform,Meta,Meta,F,F09,F09,FALSE,9,NA,NA
2022,Digital Platform,Meta,Meta,F,F10,F10,FALSE,10,NA,NA
2022,Digital Platform,Meta,Meta,F,F11,F11,FALSE,11,NA,50
2022,Digital Platform,Meta,Meta,F,F12,F12,FALSE,12,NA,35
2022,Digital Platform,Meta,Meta,F,F13,F13,FALSE,13,NA,18.75
2022,Digital Platform,Meta,Meta,P,P01,P01,FALSE,1,NA,50
2022,Digital Platform,Meta,Meta,P,P01,P01a,TRUE,1,a,100
2022,Digital Platform,Meta,Meta,P,P01,P01b,TRUE,1,b,0
2022,Digital Platform,Meta,Meta,P,P02,P02,FALSE,2,NA,15.63
2022,Digital Platform,Meta,Meta,P,P02,P02a,TRUE,2,a,31.25
2022,Digital Platform,Meta,Meta,P,P02,P02b,TRUE,2,b,0
2022,Digital Platform,Meta,Meta,P,P03,P03,FALSE,3,NA,39.59
2022,Digital Platform,Meta,Meta,P,P03,P03a,TRUE,3,a,54.17
2022,Digital Platform,Meta,Meta,P,P03,P03b,TRUE,3,b,25
2022,Digital Platform,Meta,Meta,P,P04,P04,FALSE,4,NA,53.13
2022,Digital Platform,Meta,Meta,P,P05,P05,FALSE,5,NA,47.5
2022,Digital Platform,Meta,Meta,P,P06,P06,FALSE,6,NA,35
2022,Digital Platform,Meta,Meta,P,P07,P07,FALSE,7,NA,9.38
2022,Digital Platform,Meta,Meta,P,P08,P08,FALSE,8,NA,66.67
2022,Digital Platform,Meta,Meta,P,P09,P09,FALSE,9,NA,25
2022,Digital Platform,Meta,Meta,P,P10,P10,FALSE,10,NA,50
2022,Digital Platform,Meta,Meta,P,P10,P10a,TRUE,10,a,100
2022,Digital Platform,Meta,Meta,P,P10,P10b,TRUE,10,b,0
2022,Digital Platform,Meta,Meta,P,P11,P11,FALSE,11,NA,40
2022,Digital Platform,Meta,Meta,P,P11,P11a,TRUE,11,a,80
2022,Digital Platform,Meta,Meta,P,P11,P11b,TRUE,11,b,0
2022,Digital Platform,Meta,Meta,P,P12,P12,FALSE,12,NA,66.67
2022,Digital Platform,Meta,Meta,P,P13,P13,FALSE,13,NA,25
2022,Digital Platform,Meta,Meta,P,P14,P14,FALSE,14,NA,66.67
2022,Digital Platform,Meta,Meta,P,P15,P15,FALSE,15,NA,8.34
2022,Digital Platform,Meta,Meta,P,P16,P16,FALSE,16,NA,62.5
2022,Digital Platform,Meta,Meta,P,P17,P17,FALSE,17,NA,58.33
2022,Digital Platform,Meta,Meta,P,P18,P18,FALSE,18,NA,100
2022,Digital Platform,Google,Google,G,G01,G01,FALSE,1,NA,83.33
2022,Digital Platform,Google,Google,G,G02,G02,FALSE,2,NA,66.67
2022,Digital Platform,Google,Google,G,G03,G03,FALSE,3,NA,100
2022,Digital Platform,Google,Google,G,G04,G04,FALSE,4,NA,18.18
2022,Digital Platform,Google,Google,G,G04,G04a,TRUE,4,a,72.73
2022,Digital Platform,Google,Google,G,G04,G04b,TRUE,4,b,0
2022,Digital Platform,Google,Google,G,G04,G04c,TRUE,4,c,0
2022,Digital Platform,Google,Google,G,G04,G04d,TRUE,4,d,0
2022,Digital Platform,Google,Google,G,G04,G04e,TRUE,4,e,NA
2022,Digital Platform,Google,Google,G,G05,G05,FALSE,5,NA,50
2022,Digital Platform,Google,Google,G,G06,G06,FALSE,6,NA,20.04
2022,Digital Platform,Google,Google,G,G06,G06a,TRUE,6,a,20.37
2022,Digital Platform,Google,Google,G,G06,G06b,TRUE,6,b,19.7
2022,Digital Platform,Google,Google,F,F01,F01,FALSE,1,NA,66.67
2022,Digital Platform,Google,Google,F,F01,F01a,TRUE,1,a,91.67
2022,Digital Platform,Google,Google,F,F01,F01b,TRUE,1,b,79.17
2022,Digital Platform,Google,Google,F,F01,F01c,TRUE,1,c,79.17
2022,Digital Platform,Google,Google,F,F01,F01d,TRUE,1,d,16.67
2022,Digital Platform,Google,Google,F,F02,F02,FALSE,2,NA,19.17
2022,Digital Platform,Google,Google,F,F02,F02a,TRUE,2,a,33.33
2022,Digital Platform,Google,Google,F,F02,F02b,TRUE,2,b,23.33
2022,Digital Platform,Google,Google,F,F02,F02c,TRUE,2,c,20
2022,Digital Platform,Google,Google,F,F02,F02d,TRUE,2,d,0
2022,Digital Platform,Google,Google,F,F03,F03,FALSE,3,NA,73.23
2022,Digital Platform,Google,Google,F,F03,F03a,TRUE,3,a,73.57
2022,Digital Platform,Google,Google,F,F03,F03b,TRUE,3,b,86.11
2022,Digital Platform,Google,Google,F,F03,F03c,TRUE,3,c,60
2022,Digital Platform,Google,Google,F,F04,F04,FALSE,4,NA,14.7
2022,Digital Platform,Google,Google,F,F04,F04a,TRUE,4,a,11.11
2022,Digital Platform,Google,Google,F,F04,F04b,TRUE,4,b,8
2022,Digital Platform,Google,Google,F,F04,F04c,TRUE,4,c,25
2022,Digital Platform,Google,Google,F,F05,F05,FALSE,5,NA,76
2022,Digital Platform,Google,Google,F,F05,F05a,TRUE,5,a,100
2022,Digital Platform,Google,Google,F,F05,F05b,TRUE,5,b,52
2022,Digital Platform,Google,Google,F,F06,F06,FALSE,6,NA,81.78
2022,Digital Platform,Google,Google,F,F07,F07,FALSE,7,NA,15.56
2022,Digital Platform,Google,Google,F,F08,F08,FALSE,8,NA,31.25
2022,Digital Platform,Google,Google,F,F09,F09,FALSE,9,NA,NA
2022,Digital Platform,Google,Google,F,F10,F10,FALSE,10,NA,NA
2022,Digital Platform,Google,Google,F,F11,F11,FALSE,11,NA,80
2022,Digital Platform,Google,Google,F,F12,F12,FALSE,12,NA,22.5
2022,Digital Platform,Google,Google,F,F13,F13,FALSE,13,NA,0
2022,Digital Platform,Google,Google,P,P01,P01,FALSE,1,NA,47.92
2022,Digital Platform,Google,Google,P,P01,P01a,TRUE,1,a,95.83
2022,Digital Platform,Google,Google,P,P01,P01b,TRUE,1,b,0
2022,Digital Platform,Google,Google,P,P02,P02,FALSE,2,NA,23.34
2022,Digital Platform,Google,Google,P,P02,P02a,TRUE,2,a,46.67
2022,Digital Platform,Google,Google,P,P02,P02b,TRUE,2,b,0
2022,Digital Platform,Google,Google,P,P03,P03,FALSE,3,NA,46.39
2022,Digital Platform,Google,Google,P,P03,P03a,TRUE,3,a,59.45
2022,Digital Platform,Google,Google,P,P03,P03b,TRUE,3,b,33.33
2022,Digital Platform,Google,Google,P,P04,P04,FALSE,4,NA,45.83
2022,Digital Platform,Google,Google,P,P05,P05,FALSE,5,NA,50
2022,Digital Platform,Google,Google,P,P06,P06,FALSE,6,NA,36.19
2022,Digital Platform,Google,Google,P,P07,P07,FALSE,7,NA,19.91
2022,Digital Platform,Google,Google,P,P08,P08,FALSE,8,NA,55.55
2022,Digital Platform,Google,Google,P,P09,P09,FALSE,9,NA,31.48
2022,Digital Platform,Google,Google,P,P10,P10,FALSE,10,NA,60
2022,Digital Platform,Google,Google,P,P10,P10a,TRUE,10,a,100
2022,Digital Platform,Google,Google,P,P10,P10b,TRUE,10,b,20
2022,Digital Platform,Google,Google,P,P11,P11,FALSE,11,NA,37.5
2022,Digital Platform,Google,Google,P,P11,P11a,TRUE,11,a,75
2022,Digital Platform,Google,Google,P,P11,P11b,TRUE,11,b,0
2022,Digital Platform,Google,Google,P,P12,P12,FALSE,12,NA,66.67
2022,Digital Platform,Google,Google,P,P13,P13,FALSE,13,NA,33.33
2022,Digital Platform,Google,Google,P,P14,P14,FALSE,14,NA,33.33
2022,Digital Platform,Google,Google,P,P15,P15,FALSE,15,NA,0
2022,Digital Platform,Google,Google,P,P16,P16,FALSE,16,NA,37.5
2022,Digital Platform,Google,Google,P,P17,P17,FALSE,17,NA,100
2022,Digital Platform,Google,Google,P,P18,P18,FALSE,18,NA,100
2022,Digital Platform,Kakao,Kakao,G,G01,G01,FALSE,1,NA,83.33
2022,Digital Platform,Kakao,Kakao,G,G02,G02,FALSE,2,NA,66.67
2022,Digital Platform,Kakao,Kakao,G,G03,G03,FALSE,3,NA,50
2022,Digital Platform,Kakao,Kakao,G,G04,G04,FALSE,4,NA,5.86
2022,Digital Platform,Kakao,Kakao,G,G04,G04a,TRUE,4,a,18.18
2022,Digital Platform,Kakao,Kakao,G,G04,G04b,TRUE,4,b,11.11
2022,Digital Platform,Kakao,Kakao,G,G04,G04c,TRUE,4,c,0
2022,Digital Platform,Kakao,Kakao,G,G04,G04d,TRUE,4,d,0
2022,Digital Platform,Kakao,Kakao,G,G04,G04e,TRUE,4,e,0
2022,Digital Platform,Kakao,Kakao,G,G05,G05,FALSE,5,NA,50
2022,Digital Platform,Kakao,Kakao,G,G06,G06,FALSE,6,NA,29.46
2022,Digital Platform,Kakao,Kakao,G,G06,G06a,TRUE,6,a,40.74
2022,Digital Platform,Kakao,Kakao,G,G06,G06b,TRUE,6,b,18.18
2022,Digital Platform,Kakao,Kakao,F,F01,F01,FALSE,1,NA,41.67
2022,Digital Platform,Kakao,Kakao,F,F01,F01a,TRUE,1,a,83.33
2022,Digital Platform,Kakao,Kakao,F,F01,F01b,TRUE,1,b,50
2022,Digital Platform,Kakao,Kakao,F,F01,F01c,TRUE,1,c,0
2022,Digital Platform,Kakao,Kakao,F,F01,F01d,TRUE,1,d,33.33
2022,Digital Platform,Kakao,Kakao,F,F02,F02,FALSE,2,NA,18.75
2022,Digital Platform,Kakao,Kakao,F,F02,F02a,TRUE,2,a,75
2022,Digital Platform,Kakao,Kakao,F,F02,F02b,TRUE,2,b,0
2022,Digital Platform,Kakao,Kakao,F,F02,F02c,TRUE,2,c,0
2022,Digital Platform,Kakao,Kakao,F,F02,F02d,TRUE,2,d,0
2022,Digital Platform,Kakao,Kakao,F,F03,F03,FALSE,3,NA,38.33
2022,Digital Platform,Kakao,Kakao,F,F03,F03a,TRUE,3,a,51.67
2022,Digital Platform,Kakao,Kakao,F,F03,F03b,TRUE,3,b,33.33
2022,Digital Platform,Kakao,Kakao,F,F03,F03c,TRUE,3,c,30
2022,Digital Platform,Kakao,Kakao,F,F04,F04,FALSE,4,NA,30.56
2022,Digital Platform,Kakao,Kakao,F,F04,F04a,TRUE,4,a,41.67
2022,Digital Platform,Kakao,Kakao,F,F04,F04b,TRUE,4,b,50
2022,Digital Platform,Kakao,Kakao,F,F04,F04c,TRUE,4,c,0
2022,Digital Platform,Kakao,Kakao,F,F05,F05,FALSE,5,NA,70
2022,Digital Platform,Kakao,Kakao,F,F05,F05a,TRUE,5,a,50
2022,Digital Platform,Kakao,Kakao,F,F05,F05b,TRUE,5,b,90
2022,Digital Platform,Kakao,Kakao,F,F06,F06,FALSE,6,NA,50
2022,Digital Platform,Kakao,Kakao,F,F07,F07,FALSE,7,NA,55.56
2022,Digital Platform,Kakao,Kakao,F,F08,F08,FALSE,8,NA,50
2022,Digital Platform,Kakao,Kakao,F,F09,F09,FALSE,9,NA,NA
2022,Digital Platform,Kakao,Kakao,F,F10,F10,FALSE,10,NA,NA
2022,Digital Platform,Kakao,Kakao,F,F11,F11,FALSE,11,NA,50
2022,Digital Platform,Kakao,Kakao,F,F12,F12,FALSE,12,NA,20
2022,Digital Platform,Kakao,Kakao,F,F13,F13,FALSE,13,NA,25
2022,Digital Platform,Kakao,Kakao,P,P01,P01,FALSE,1,NA,50
2022,Digital Platform,Kakao,Kakao,P,P01,P01a,TRUE,1,a,100
2022,Digital Platform,Kakao,Kakao,P,P01,P01b,TRUE,1,b,0
2022,Digital Platform,Kakao,Kakao,P,P02,P02,FALSE,2,NA,33.34
2022,Digital Platform,Kakao,Kakao,P,P02,P02a,TRUE,2,a,66.67
2022,Digital Platform,Kakao,Kakao,P,P02,P02b,TRUE,2,b,0
2022,Digital Platform,Kakao,Kakao,P,P03,P03,FALSE,3,NA,41.67
2022,Digital Platform,Kakao,Kakao,P,P03,P03a,TRUE,3,a,83.33
2022,Digital Platform,Kakao,Kakao,P,P03,P03b,TRUE,3,b,0
2022,Digital Platform,Kakao,Kakao,P,P04,P04,FALSE,4,NA,79.17
2022,Digital Platform,Kakao,Kakao,P,P05,P05,FALSE,5,NA,30
2022,Digital Platform,Kakao,Kakao,P,P06,P06,FALSE,6,NA,43.33
2022,Digital Platform,Kakao,Kakao,P,P07,P07,FALSE,7,NA,18.75
2022,Digital Platform,Kakao,Kakao,P,P08,P08,FALSE,8,NA,22.22
2022,Digital Platform,Kakao,Kakao,P,P09,P09,FALSE,9,NA,3.7
2022,Digital Platform,Kakao,Kakao,P,P10,P10,FALSE,10,NA,42.86
2022,Digital Platform,Kakao,Kakao,P,P10,P10a,TRUE,10,a,85.71
2022,Digital Platform,Kakao,Kakao,P,P10,P10b,TRUE,10,b,0
2022,Digital Platform,Kakao,Kakao,P,P11,P11,FALSE,11,NA,37.5
2022,Digital Platform,Kakao,Kakao,P,P11,P11a,TRUE,11,a,75
2022,Digital Platform,Kakao,Kakao,P,P11,P11b,TRUE,11,b,0
2022,Digital Platform,Kakao,Kakao,P,P12,P12,FALSE,12,NA,16.67
2022,Digital Platform,Kakao,Kakao,P,P13,P13,FALSE,13,NA,100
2022,Digital Platform,Kakao,Kakao,P,P14,P14,FALSE,14,NA,16.67
2022,Digital Platform,Kakao,Kakao,P,P15,P15,FALSE,15,NA,50
2022,Digital Platform,Kakao,Kakao,P,P16,P16,FALSE,16,NA,25
2022,Digital Platform,Kakao,Kakao,P,P17,P17,FALSE,17,NA,91.67
2022,Digital Platform,Kakao,Kakao,P,P18,P18,FALSE,18,NA,100
2022,Digital Platform,VK,VK,G,G01,G01,FALSE,1,NA,33.33
2022,Digital Platform,VK,VK,G,G02,G02,FALSE,2,NA,16.67
2022,Digital Platform,VK,VK,G,G03,G03,FALSE,3,NA,37.5
2022,Digital Platform,VK,VK,G,G04,G04,FALSE,4,NA,0
2022,Digital Platform,VK,VK,G,G04,G04a,TRUE,4,a,0
2022,Digital Platform,VK,VK,G,G04,G04b,TRUE,4,b,0
2022,Digital Platform,VK,VK,G,G04,G04c,TRUE,4,c,0
2022,Digital Platform,VK,VK,G,G04,G04d,TRUE,4,d,0
2022,Digital Platform,VK,VK,G,G04,G04e,TRUE,4,e,NA
2022,Digital Platform,VK,VK,G,G05,G05,FALSE,5,NA,0
2022,Digital Platform,VK,VK,G,G06,G06,FALSE,6,NA,20.52
2022,Digital Platform,VK,VK,G,G06,G06a,TRUE,6,a,31.94
2022,Digital Platform,VK,VK,G,G06,G06b,TRUE,6,b,9.09
2022,Digital Platform,VK,VK,F,F01,F01,FALSE,1,NA,57.29
2022,Digital Platform,VK,VK,F,F01,F01a,TRUE,1,a,70.84
2022,Digital Platform,VK,VK,F,F01,F01b,TRUE,1,b,83.33
2022,Digital Platform,VK,VK,F,F01,F01c,TRUE,1,c,75
2022,Digital Platform,VK,VK,F,F01,F01d,TRUE,1,d,0
2022,Digital Platform,VK,VK,F,F02,F02,FALSE,2,NA,0
2022,Digital Platform,VK,VK,F,F02,F02a,TRUE,2,a,0
2022,Digital Platform,VK,VK,F,F02,F02b,TRUE,2,b,0
2022,Digital Platform,VK,VK,F,F02,F02c,TRUE,2,c,0
2022,Digital Platform,VK,VK,F,F02,F02d,TRUE,2,d,0
2022,Digital Platform,VK,VK,F,F03,F03,FALSE,3,NA,37.78
2022,Digital Platform,VK,VK,F,F03,F03a,TRUE,3,a,60
2022,Digital Platform,VK,VK,F,F03,F03b,TRUE,3,b,33.33
2022,Digital Platform,VK,VK,F,F03,F03c,TRUE,3,c,20
2022,Digital Platform,VK,VK,F,F04,F04,FALSE,4,NA,2.22
2022,Digital Platform,VK,VK,F,F04,F04a,TRUE,4,a,4.17
2022,Digital Platform,VK,VK,F,F04,F04b,TRUE,4,b,2.5
2022,Digital Platform,VK,VK,F,F04,F04c,TRUE,4,c,0
2022,Digital Platform,VK,VK,F,F05,F05,FALSE,5,NA,5
2022,Digital Platform,VK,VK,F,F05,F05a,TRUE,5,a,0
2022,Digital Platform,VK,VK,F,F05,F05b,TRUE,5,b,10
2022,Digital Platform,VK,VK,F,F06,F06,FALSE,6,NA,0
2022,Digital Platform,VK,VK,F,F07,F07,FALSE,7,NA,0
2022,Digital Platform,VK,VK,F,F08,F08,FALSE,8,NA,0
2022,Digital Platform,VK,VK,F,F09,F09,FALSE,9,NA,NA
2022,Digital Platform,VK,VK,F,F10,F10,FALSE,10,NA,NA
2022,Digital Platform,VK,VK,F,F11,F11,FALSE,11,NA,50
2022,Digital Platform,VK,VK,F,F12,F12,FALSE,12,NA,10
2022,Digital Platform,VK,VK,F,F13,F13,FALSE,13,NA,25
2022,Digital Platform,VK,VK,P,P01,P01,FALSE,1,NA,35.42
2022,Digital Platform,VK,VK,P,P01,P01a,TRUE,1,a,70.84
2022,Digital Platform,VK,VK,P,P01,P01b,TRUE,1,b,0
2022,Digital Platform,VK,VK,P,P02,P02,FALSE,2,NA,0
2022,Digital Platform,VK,VK,P,P02,P02a,TRUE,2,a,0
2022,Digital Platform,VK,VK,P,P02,P02b,TRUE,2,b,0
2022,Digital Platform,VK,VK,P,P03,P03,FALSE,3,NA,37.5
2022,Digital Platform,VK,VK,P,P03,P03a,TRUE,3,a,66.67
2022,Digital Platform,VK,VK,P,P03,P03b,TRUE,3,b,8.33
2022,Digital Platform,VK,VK,P,P04,P04,FALSE,4,NA,59.38
2022,Digital Platform,VK,VK,P,P05,P05,FALSE,5,NA,40
2022,Digital Platform,VK,VK,P,P06,P06,FALSE,6,NA,22.5
2022,Digital Platform,VK,VK,P,P07,P07,FALSE,7,NA,20.31
2022,Digital Platform,VK,VK,P,P08,P08,FALSE,8,NA,14.58
2022,Digital Platform,VK,VK,P,P09,P09,FALSE,9,NA,12.5
2022,Digital Platform,VK,VK,P,P10,P10,FALSE,10,NA,40.18
2022,Digital Platform,VK,VK,P,P10,P10a,TRUE,10,a,80.36
2022,Digital Platform,VK,VK,P,P10,P10b,TRUE,10,b,0
2022,Digital Platform,VK,VK,P,P11,P11,FALSE,11,NA,0
2022,Digital Platform,VK,VK,P,P11,P11a,TRUE,11,a,0
2022,Digital Platform,VK,VK,P,P11,P11b,TRUE,11,b,0
2022,Digital Platform,VK,VK,P,P12,P12,FALSE,12,NA,33.33
2022,Digital Platform,VK,VK,P,P13,P13,FALSE,13,NA,66.67
2022,Digital Platform,VK,VK,P,P14,P14,FALSE,14,NA,50
2022,Digital Platform,VK,VK,P,P15,P15,FALSE,15,NA,0
2022,Digital Platform,VK,VK,P,P16,P16,FALSE,16,NA,50
2022,Digital Platform,VK,VK,P,P17,P17,FALSE,17,NA,100
2022,Digital Platform,VK,VK,P,P18,P18,FALSE,18,NA,100
2022,Digital Platform,Microsoft,Microsoft,G,G01,G01,FALSE,1,NA,83.33
2022,Digital Platform,Microsoft,Microsoft,G,G02,G02,FALSE,2,NA,100
2022,Digital Platform,Microsoft,Microsoft,G,G03,G03,FALSE,3,NA,100
2022,Digital Platform,Microsoft,Microsoft,G,G04,G04,FALSE,4,NA,34.03
2022,Digital Platform,Microsoft,Microsoft,G,G04,G04a,TRUE,4,a,100
2022,Digital Platform,Microsoft,Microsoft,G,G04,G04b,TRUE,4,b,11.11
2022,Digital Platform,Microsoft,Microsoft,G,G04,G04c,TRUE,4,c,0
2022,Digital Platform,Microsoft,Microsoft,G,G04,G04d,TRUE,4,d,25
2022,Digital Platform,Microsoft,Microsoft,G,G04,G04e,TRUE,4,e,NA
2022,Digital Platform,Microsoft,Microsoft,G,G05,G05,FALSE,5,NA,50
2022,Digital Platform,Microsoft,Microsoft,G,G06,G06,FALSE,6,NA,24.62
2022,Digital Platform,Microsoft,Microsoft,G,G06,G06a,TRUE,6,a,33.33
2022,Digital Platform,Microsoft,Microsoft,G,G06,G06b,TRUE,6,b,15.91
2022,Digital Platform,Microsoft,Microsoft,F,F01,F01,FALSE,1,NA,62.5
2022,Digital Platform,Microsoft,Microsoft,F,F01,F01a,TRUE,1,a,93.33
2022,Digital Platform,Microsoft,Microsoft,F,F01,F01b,TRUE,1,b,70
2022,Digital Platform,Microsoft,Microsoft,F,F01,F01c,TRUE,1,c,70
2022,Digital Platform,Microsoft,Microsoft,F,F01,F01d,TRUE,1,d,16.67
2022,Digital Platform,Microsoft,Microsoft,F,F02,F02,FALSE,2,NA,31.25
2022,Digital Platform,Microsoft,Microsoft,F,F02,F02a,TRUE,2,a,57.5
2022,Digital Platform,Microsoft,Microsoft,F,F02,F02b,TRUE,2,b,20
2022,Digital Platform,Microsoft,Microsoft,F,F02,F02c,TRUE,2,c,40
2022,Digital Platform,Microsoft,Microsoft,F,F02,F02d,TRUE,2,d,7.5
2022,Digital Platform,Microsoft,Microsoft,F,F03,F03,FALSE,3,NA,33.89
2022,Digital Platform,Microsoft,Microsoft,F,F03,F03a,TRUE,3,a,53
2022,Digital Platform,Microsoft,Microsoft,F,F03,F03b,TRUE,3,b,36.66
2022,Digital Platform,Microsoft,Microsoft,F,F03,F03c,TRUE,3,c,12
2022,Digital Platform,Microsoft,Microsoft,F,F04,F04,FALSE,4,NA,34.44
2022,Digital Platform,Microsoft,Microsoft,F,F04,F04a,TRUE,4,a,45
2022,Digital Platform,Microsoft,Microsoft,F,F04,F04b,TRUE,4,b,50
2022,Digital Platform,Microsoft,Microsoft,F,F04,F04c,TRUE,4,c,8.33
2022,Digital Platform,Microsoft,Microsoft,F,F05,F05,FALSE,5,NA,44.29
2022,Digital Platform,Microsoft,Microsoft,F,F05,F05a,TRUE,5,a,53.57
2022,Digital Platform,Microsoft,Microsoft,F,F05,F05b,TRUE,5,b,35
2022,Digital Platform,Microsoft,Microsoft,F,F06,F06,FALSE,6,NA,28.61
2022,Digital Platform,Microsoft,Microsoft,F,F07,F07,FALSE,7,NA,41.67
2022,Digital Platform,Microsoft,Microsoft,F,F08,F08,FALSE,8,NA,17.5
2022,Digital Platform,Microsoft,Microsoft,F,F09,F09,FALSE,9,NA,NA
2022,Digital Platform,Microsoft,Microsoft,F,F10,F10,FALSE,10,NA,NA
2022,Digital Platform,Microsoft,Microsoft,F,F11,F11,FALSE,11,NA,75
2022,Digital Platform,Microsoft,Microsoft,F,F12,F12,FALSE,12,NA,55
2022,Digital Platform,Microsoft,Microsoft,F,F13,F13,FALSE,13,NA,37.5
2022,Digital Platform,Microsoft,Microsoft,P,P01,P01,FALSE,1,NA,38.34
2022,Digital Platform,Microsoft,Microsoft,P,P01,P01a,TRUE,1,a,73.34
2022,Digital Platform,Microsoft,Microsoft,P,P01,P01b,TRUE,1,b,3.33
2022,Digital Platform,Microsoft,Microsoft,P,P02,P02,FALSE,2,NA,23.75
2022,Digital Platform,Microsoft,Microsoft,P,P02,P02a,TRUE,2,a,47.5
2022,Digital Platform,Microsoft,Microsoft,P,P02,P02b,TRUE,2,b,0
2022,Digital Platform,Microsoft,Microsoft,P,P03,P03,FALSE,3,NA,41.67
2022,Digital Platform,Microsoft,Microsoft,P,P03,P03a,TRUE,3,a,50
2022,Digital Platform,Microsoft,Microsoft,P,P03,P03b,TRUE,3,b,33.33
2022,Digital Platform,Microsoft,Microsoft,P,P04,P04,FALSE,4,NA,50
2022,Digital Platform,Microsoft,Microsoft,P,P05,P05,FALSE,5,NA,40
2022,Digital Platform,Microsoft,Microsoft,P,P06,P06,FALSE,6,NA,34
2022,Digital Platform,Microsoft,Microsoft,P,P07,P07,FALSE,7,NA,21.25
2022,Digital Platform,Microsoft,Microsoft,P,P08,P08,FALSE,8,NA,38.33
2022,Digital Platform,Microsoft,Microsoft,P,P09,P09,FALSE,9,NA,28.89
2022,Digital Platform,Microsoft,Microsoft,P,P10,P10,FALSE,10,NA,58.72
2022,Digital Platform,Microsoft,Microsoft,P,P10,P10a,TRUE,10,a,91.43
2022,Digital Platform,Microsoft,Microsoft,P,P10,P10b,TRUE,10,b,26
2022,Digital Platform,Microsoft,Microsoft,P,P11,P11,FALSE,11,NA,34
2022,Digital Platform,Microsoft,Microsoft,P,P11,P11a,TRUE,11,a,68
2022,Digital Platform,Microsoft,Microsoft,P,P11,P11b,TRUE,11,b,0
2022,Digital Platform,Microsoft,Microsoft,P,P12,P12,FALSE,12,NA,66.67
2022,Digital Platform,Microsoft,Microsoft,P,P13,P13,FALSE,13,NA,86.66
2022,Digital Platform,Microsoft,Microsoft,P,P14,P14,FALSE,14,NA,73.33
2022,Digital Platform,Microsoft,Microsoft,P,P15,P15,FALSE,15,NA,10
2022,Digital Platform,Microsoft,Microsoft,P,P16,P16,FALSE,16,NA,50
2022,Digital Platform,Microsoft,Microsoft,P,P17,P17,FALSE,17,NA,87.5
2022,Digital Platform,Microsoft,Microsoft,P,P18,P18,FALSE,18,NA,100
2022,Digital Platform,Samsung,Samsung,G,G01,G01,FALSE,1,NA,83.33
2022,Digital Platform,Samsung,Samsung,G,G02,G02,FALSE,2,NA,33.33
2022,Digital Platform,Samsung,Samsung,G,G03,G03,FALSE,3,NA,50
2022,Digital Platform,Samsung,Samsung,G,G04,G04,FALSE,4,NA,4.55
2022,Digital Platform,Samsung,Samsung,G,G04,G04a,TRUE,4,a,18.18
2022,Digital Platform,Samsung,Samsung,G,G04,G04b,TRUE,4,b,0
2022,Digital Platform,Samsung,Samsung,G,G04,G04c,TRUE,4,c,0
2022,Digital Platform,Samsung,Samsung,G,G04,G04d,TRUE,4,d,0
2022,Digital Platform,Samsung,Samsung,G,G04,G04e,TRUE,4,e,NA
2022,Digital Platform,Samsung,Samsung,G,G05,G05,FALSE,5,NA,0
2022,Digital Platform,Samsung,Samsung,G,G06,G06,FALSE,6,NA,5.56
2022,Digital Platform,Samsung,Samsung,G,G06,G06a,TRUE,6,a,11.11
2022,Digital Platform,Samsung,Samsung,G,G06,G06b,TRUE,6,b,0
2022,Digital Platform,Samsung,Samsung,F,F01,F01,FALSE,1,NA,28.13
2022,Digital Platform,Samsung,Samsung,F,F01,F01a,TRUE,1,a,50
2022,Digital Platform,Samsung,Samsung,F,F01,F01b,TRUE,1,b,62.5
2022,Digital Platform,Samsung,Samsung,F,F01,F01c,TRUE,1,c,0
2022,Digital Platform,Samsung,Samsung,F,F01,F01d,TRUE,1,d,0
2022,Digital Platform,Samsung,Samsung,F,F02,F02,FALSE,2,NA,25
2022,Digital Platform,Samsung,Samsung,F,F02,F02a,TRUE,2,a,100
2022,Digital Platform,Samsung,Samsung,F,F02,F02b,TRUE,2,b,0
2022,Digital Platform,Samsung,Samsung,F,F02,F02c,TRUE,2,c,0
2022,Digital Platform,Samsung,Samsung,F,F02,F02d,TRUE,2,d,0
2022,Digital Platform,Samsung,Samsung,F,F03,F03,FALSE,3,NA,45.56
2022,Digital Platform,Samsung,Samsung,F,F03,F03a,TRUE,3,a,50
2022,Digital Platform,Samsung,Samsung,F,F03,F03b,TRUE,3,b,66.67
2022,Digital Platform,Samsung,Samsung,F,F03,F03c,TRUE,3,c,20
2022,Digital Platform,Samsung,Samsung,F,F04,F04,FALSE,4,NA,0
2022,Digital Platform,Samsung,Samsung,F,F04,F04a,TRUE,4,a,0
2022,Digital Platform,Samsung,Samsung,F,F04,F04b,TRUE,4,b,0
2022,Digital Platform,Samsung,Samsung,F,F04,F04c,TRUE,4,c,0
2022,Digital Platform,Samsung,Samsung,F,F05,F05,FALSE,5,NA,0
2022,Digital Platform,Samsung,Samsung,F,F05,F05a,TRUE,5,a,0
2022,Digital Platform,Samsung,Samsung,F,F05,F05b,TRUE,5,b,0
2022,Digital Platform,Samsung,Samsung,F,F06,F06,FALSE,6,NA,0
2022,Digital Platform,Samsung,Samsung,F,F07,F07,FALSE,7,NA,0
2022,Digital Platform,Samsung,Samsung,F,F08,F08,FALSE,8,NA,25
2022,Digital Platform,Samsung,Samsung,F,F09,F09,FALSE,9,NA,NA
2022,Digital Platform,Samsung,Samsung,F,F10,F10,FALSE,10,NA,NA
2022,Digital Platform,Samsung,Samsung,F,F11,F11,FALSE,11,NA,50
2022,Digital Platform,Samsung,Samsung,F,F12,F12,FALSE,12,NA,0
2022,Digital Platform,Samsung,Samsung,F,F13,F13,FALSE,13,NA,NA
2022,Digital Platform,Samsung,Samsung,P,P01,P01,FALSE,1,NA,43.75
2022,Digital Platform,Samsung,Samsung,P,P01,P01a,TRUE,1,a,87.5
2022,Digital Platform,Samsung,Samsung,P,P01,P01b,TRUE,1,b,0
2022,Digital Platform,Samsung,Samsung,P,P02,P02,FALSE,2,NA,30
2022,Digital Platform,Samsung,Samsung,P,P02,P02a,TRUE,2,a,60
2022,Digital Platform,Samsung,Samsung,P,P02,P02b,TRUE,2,b,0
2022,Digital Platform,Samsung,Samsung,P,P03,P03,FALSE,3,NA,40
2022,Digital Platform,Samsung,Samsung,P,P03,P03a,TRUE,3,a,80
2022,Digital Platform,Samsung,Samsung,P,P03,P03b,TRUE,3,b,0
2022,Digital Platform,Samsung,Samsung,P,P04,P04,FALSE,4,NA,75
2022,Digital Platform,Samsung,Samsung,P,P05,P05,FALSE,5,NA,30
2022,Digital Platform,Samsung,Samsung,P,P06,P06,FALSE,6,NA,35.71
2022,Digital Platform,Samsung,Samsung,P,P07,P07,FALSE,7,NA,27.78
2022,Digital Platform,Samsung,Samsung,P,P08,P08,FALSE,8,NA,35.71
2022,Digital Platform,Samsung,Samsung,P,P09,P09,FALSE,9,NA,0
2022,Digital Platform,Samsung,Samsung,P,P10,P10,FALSE,10,NA,0
2022,Digital Platform,Samsung,Samsung,P,P10,P10a,TRUE,10,a,0
2022,Digital Platform,Samsung,Samsung,P,P10,P10b,TRUE,10,b,0
2022,Digital Platform,Samsung,Samsung,P,P11,P11,FALSE,11,NA,0
2022,Digital Platform,Samsung,Samsung,P,P11,P11a,TRUE,11,a,0
2022,Digital Platform,Samsung,Samsung,P,P11,P11b,TRUE,11,b,0
2022,Digital Platform,Samsung,Samsung,P,P12,P12,FALSE,12,NA,0
2022,Digital Platform,Samsung,Samsung,P,P13,P13,FALSE,13,NA,83.33
2022,Digital Platform,Samsung,Samsung,P,P14,P14,FALSE,14,NA,38.89
2022,Digital Platform,Samsung,Samsung,P,P15,P15,FALSE,15,NA,0
2022,Digital Platform,Samsung,Samsung,P,P16,P16,FALSE,16,NA,0
2022,Digital Platform,Samsung,Samsung,P,P17,P17,FALSE,17,NA,83.33
2022,Digital Platform,Samsung,Samsung,P,P18,P18,FALSE,18,NA,0
2022,Digital Platform,Tencent,Tencent,G,G01,G01,FALSE,1,NA,16.67
2022,Digital Platform,Tencent,Tencent,G,G02,G02,FALSE,2,NA,16.67
2022,Digital Platform,Tencent,Tencent,G,G03,G03,FALSE,3,NA,25
2022,Digital Platform,Tencent,Tencent,G,G04,G04,FALSE,4,NA,2.27
2022,Digital Platform,Tencent,Tencent,G,G04,G04a,TRUE,4,a,9.09
2022,Digital Platform,Tencent,Tencent,G,G04,G04b,TRUE,4,b,0
2022,Digital Platform,Tencent,Tencent,G,G04,G04c,TRUE,4,c,0
2022,Digital Platform,Tencent,Tencent,G,G04,G04d,TRUE,4,d,0
2022,Digital Platform,Tencent,Tencent,G,G04,G04e,TRUE,4,e,NA
2022,Digital Platform,Tencent,Tencent,G,G05,G05,FALSE,5,NA,0
2022,Digital Platform,Tencent,Tencent,G,G06,G06,FALSE,6,NA,15.66
2022,Digital Platform,Tencent,Tencent,G,G06,G06a,TRUE,6,a,22.22
2022,Digital Platform,Tencent,Tencent,G,G06,G06b,TRUE,6,b,9.09
2022,Digital Platform,Tencent,Tencent,F,F01,F01,FALSE,1,NA,56.25
2022,Digital Platform,Tencent,Tencent,F,F01,F01a,TRUE,1,a,75
2022,Digital Platform,Tencent,Tencent,F,F01,F01b,TRUE,1,b,66.67
2022,Digital Platform,Tencent,Tencent,F,F01,F01c,TRUE,1,c,83.33
2022,Digital Platform,Tencent,Tencent,F,F01,F01d,TRUE,1,d,0
2022,Digital Platform,Tencent,Tencent,F,F02,F02,FALSE,2,NA,0
2022,Digital Platform,Tencent,Tencent,F,F02,F02a,TRUE,2,a,0
2022,Digital Platform,Tencent,Tencent,F,F02,F02b,TRUE,2,b,0
2022,Digital Platform,Tencent,Tencent,F,F02,F02c,TRUE,2,c,0
2022,Digital Platform,Tencent,Tencent,F,F02,F02d,TRUE,2,d,0
2022,Digital Platform,Tencent,Tencent,F,F03,F03,FALSE,3,NA,38.81
2022,Digital Platform,Tencent,Tencent,F,F03,F03a,TRUE,3,a,46.43
2022,Digital Platform,Tencent,Tencent,F,F03,F03b,TRUE,3,b,50
2022,Digital Platform,Tencent,Tencent,F,F03,F03c,TRUE,3,c,20
2022,Digital Platform,Tencent,Tencent,F,F04,F04,FALSE,4,NA,10
2022,Digital Platform,Tencent,Tencent,F,F04,F04a,TRUE,4,a,0
2022,Digital Platform,Tencent,Tencent,F,F04,F04b,TRUE,4,b,30
2022,Digital Platform,Tencent,Tencent,F,F04,F04c,TRUE,4,c,0
2022,Digital Platform,Tencent,Tencent,F,F05,F05,FALSE,5,NA,16.25
2022,Digital Platform,Tencent,Tencent,F,F05,F05a,TRUE,5,a,0
2022,Digital Platform,Tencent,Tencent,F,F05,F05b,TRUE,5,b,32.5
2022,Digital Platform,Tencent,Tencent,F,F06,F06,FALSE,6,NA,0
2022,Digital Platform,Tencent,Tencent,F,F07,F07,FALSE,7,NA,0
2022,Digital Platform,Tencent,Tencent,F,F08,F08,FALSE,8,NA,0
2022,Digital Platform,Tencent,Tencent,F,F09,F09,FALSE,9,NA,NA
2022,Digital Platform,Tencent,Tencent,F,F10,F10,FALSE,10,NA,NA
2022,Digital Platform,Tencent,Tencent,F,F11,F11,FALSE,11,NA,0
2022,Digital Platform,Tencent,Tencent,F,F12,F12,FALSE,12,NA,40
2022,Digital Platform,Tencent,Tencent,F,F13,F13,FALSE,13,NA,0
2022,Digital Platform,Tencent,Tencent,P,P01,P01,FALSE,1,NA,45.84
2022,Digital Platform,Tencent,Tencent,P,P01,P01a,TRUE,1,a,91.67
2022,Digital Platform,Tencent,Tencent,P,P01,P01b,TRUE,1,b,0
2022,Digital Platform,Tencent,Tencent,P,P02,P02,FALSE,2,NA,18.75
2022,Digital Platform,Tencent,Tencent,P,P02,P02a,TRUE,2,a,37.5
2022,Digital Platform,Tencent,Tencent,P,P02,P02b,TRUE,2,b,0
2022,Digital Platform,Tencent,Tencent,P,P03,P03,FALSE,3,NA,54.17
2022,Digital Platform,Tencent,Tencent,P,P03,P03a,TRUE,3,a,91.67
2022,Digital Platform,Tencent,Tencent,P,P03,P03b,TRUE,3,b,16.67
2022,Digital Platform,Tencent,Tencent,P,P04,P04,FALSE,4,NA,56.25
2022,Digital Platform,Tencent,Tencent,P,P05,P05,FALSE,5,NA,67.5
2022,Digital Platform,Tencent,Tencent,P,P06,P06,FALSE,6,NA,5
2022,Digital Platform,Tencent,Tencent,P,P07,P07,FALSE,7,NA,25
2022,Digital Platform,Tencent,Tencent,P,P08,P08,FALSE,8,NA,14.59
2022,Digital Platform,Tencent,Tencent,P,P09,P09,FALSE,9,NA,16.67
2022,Digital Platform,Tencent,Tencent,P,P10,P10,FALSE,10,NA,0
2022,Digital Platform,Tencent,Tencent,P,P10,P10a,TRUE,10,a,0
2022,Digital Platform,Tencent,Tencent,P,P10,P10b,TRUE,10,b,0
2022,Digital Platform,Tencent,Tencent,P,P11,P11,FALSE,11,NA,0
2022,Digital Platform,Tencent,Tencent,P,P11,P11a,TRUE,11,a,0
2022,Digital Platform,Tencent,Tencent,P,P11,P11b,TRUE,11,b,0
2022,Digital Platform,Tencent,Tencent,P,P12,P12,FALSE,12,NA,0
2022,Digital Platform,Tencent,Tencent,P,P13,P13,FALSE,13,NA,70.84
2022,Digital Platform,Tencent,Tencent,P,P14,P14,FALSE,14,NA,66.67
2022,Digital Platform,Tencent,Tencent,P,P15,P15,FALSE,15,NA,41.67
2022,Digital Platform,Tencent,Tencent,P,P16,P16,FALSE,16,NA,31.25
2022,Digital Platform,Tencent,Tencent,P,P17,P17,FALSE,17,NA,33.33
2022,Digital Platform,Tencent,Tencent,P,P18,P18,FALSE,18,NA,100
2022,Digital Platform,Twitter,Twitter,G,G01,G01,FALSE,1,NA,66.67
2022,Digital Platform,Twitter,Twitter,G,G02,G02,FALSE,2,NA,100
2022,Digital Platform,Twitter,Twitter,G,G03,G03,FALSE,3,NA,87.5
2022,Digital Platform,Twitter,Twitter,G,G04,G04,FALSE,4,NA,4.97
2022,Digital Platform,Twitter,Twitter,G,G04,G04a,TRUE,4,a,13.64
2022,Digital Platform,Twitter,Twitter,G,G04,G04b,TRUE,4,b,0
2022,Digital Platform,Twitter,Twitter,G,G04,G04c,TRUE,4,c,0
2022,Digital Platform,Twitter,Twitter,G,G04,G04d,TRUE,4,d,6.25
2022,Digital Platform,Twitter,Twitter,G,G04,G04e,TRUE,4,e,NA
2022,Digital Platform,Twitter,Twitter,G,G05,G05,FALSE,5,NA,50
2022,Digital Platform,Twitter,Twitter,G,G06,G06,FALSE,6,NA,28.54
2022,Digital Platform,Twitter,Twitter,G,G06,G06a,TRUE,6,a,38.89
2022,Digital Platform,Twitter,Twitter,G,G06,G06b,TRUE,6,b,18.18
2022,Digital Platform,Twitter,Twitter,F,F01,F01,FALSE,1,NA,79.17
2022,Digital Platform,Twitter,Twitter,F,F01,F01a,TRUE,1,a,100
2022,Digital Platform,Twitter,Twitter,F,F01,F01b,TRUE,1,b,83.33
2022,Digital Platform,Twitter,Twitter,F,F01,F01c,TRUE,1,c,83.33
2022,Digital Platform,Twitter,Twitter,F,F01,F01d,TRUE,1,d,50
2022,Digital Platform,Twitter,Twitter,F,F02,F02,FALSE,2,NA,15.63
2022,Digital Platform,Twitter,Twitter,F,F02,F02a,TRUE,2,a,37.5
2022,Digital Platform,Twitter,Twitter,F,F02,F02b,TRUE,2,b,12.5
2022,Digital Platform,Twitter,Twitter,F,F02,F02c,TRUE,2,c,12.5
2022,Digital Platform,Twitter,Twitter,F,F02,F02d,TRUE,2,d,0
2022,Digital Platform,Twitter,Twitter,F,F03,F03,FALSE,3,NA,79.52
2022,Digital Platform,Twitter,Twitter,F,F03,F03a,TRUE,3,a,78.57
2022,Digital Platform,Twitter,Twitter,F,F03,F03b,TRUE,3,b,100
2022,Digital Platform,Twitter,Twitter,F,F03,F03c,TRUE,3,c,60
2022,Digital Platform,Twitter,Twitter,F,F04,F04,FALSE,4,NA,36.67
2022,Digital Platform,Twitter,Twitter,F,F04,F04a,TRUE,4,a,50
2022,Digital Platform,Twitter,Twitter,F,F04,F04b,TRUE,4,b,60
2022,Digital Platform,Twitter,Twitter,F,F04,F04c,TRUE,4,c,0
2022,Digital Platform,Twitter,Twitter,F,F05,F05,FALSE,5,NA,85
2022,Digital Platform,Twitter,Twitter,F,F05,F05a,TRUE,5,a,100
2022,Digital Platform,Twitter,Twitter,F,F05,F05b,TRUE,5,b,70
2022,Digital Platform,Twitter,Twitter,F,F06,F06,FALSE,6,NA,70
2022,Digital Platform,Twitter,Twitter,F,F07,F07,FALSE,7,NA,60
2022,Digital Platform,Twitter,Twitter,F,F08,F08,FALSE,8,NA,62.5
2022,Digital Platform,Twitter,Twitter,F,F09,F09,FALSE,9,NA,NA
2022,Digital Platform,Twitter,Twitter,F,F10,F10,FALSE,10,NA,NA
2022,Digital Platform,Twitter,Twitter,F,F11,F11,FALSE,11,NA,100
2022,Digital Platform,Twitter,Twitter,F,F12,F12,FALSE,12,NA,50
2022,Digital Platform,Twitter,Twitter,F,F13,F13,FALSE,13,NA,62.5
2022,Digital Platform,Twitter,Twitter,P,P01,P01,FALSE,1,NA,50
2022,Digital Platform,Twitter,Twitter,P,P01,P01a,TRUE,1,a,100
2022,Digital Platform,Twitter,Twitter,P,P01,P01b,TRUE,1,b,0
2022,Digital Platform,Twitter,Twitter,P,P02,P02,FALSE,2,NA,25
2022,Digital Platform,Twitter,Twitter,P,P02,P02a,TRUE,2,a,50
2022,Digital Platform,Twitter,Twitter,P,P02,P02b,TRUE,2,b,0
2022,Digital Platform,Twitter,Twitter,P,P03,P03,FALSE,3,NA,50
2022,Digital Platform,Twitter,Twitter,P,P03,P03a,TRUE,3,a,66.67
2022,Digital Platform,Twitter,Twitter,P,P03,P03b,TRUE,3,b,33.33
2022,Digital Platform,Twitter,Twitter,P,P04,P04,FALSE,4,NA,62.5
2022,Digital Platform,Twitter,Twitter,P,P05,P05,FALSE,5,NA,60
2022,Digital Platform,Twitter,Twitter,P,P06,P06,FALSE,6,NA,40
2022,Digital Platform,Twitter,Twitter,P,P07,P07,FALSE,7,NA,25
2022,Digital Platform,Twitter,Twitter,P,P08,P08,FALSE,8,NA,75
2022,Digital Platform,Twitter,Twitter,P,P09,P09,FALSE,9,NA,33.33
2022,Digital Platform,Twitter,Twitter,P,P10,P10,FALSE,10,NA,50
2022,Digital Platform,Twitter,Twitter,P,P10,P10a,TRUE,10,a,100
2022,Digital Platform,Twitter,Twitter,P,P10,P10b,TRUE,10,b,0
2022,Digital Platform,Twitter,Twitter,P,P11,P11,FALSE,11,NA,42.5
2022,Digital Platform,Twitter,Twitter,P,P11,P11a,TRUE,11,a,85
2022,Digital Platform,Twitter,Twitter,P,P11,P11b,TRUE,11,b,0
2022,Digital Platform,Twitter,Twitter,P,P12,P12,FALSE,12,NA,66.67
2022,Digital Platform,Twitter,Twitter,P,P13,P13,FALSE,13,NA,66.67
2022,Digital Platform,Twitter,Twitter,P,P14,P14,FALSE,14,NA,50
2022,Digital Platform,Twitter,Twitter,P,P15,P15,FALSE,15,NA,0
2022,Digital Platform,Twitter,Twitter,P,P16,P16,FALSE,16,NA,25
2022,Digital Platform,Twitter,Twitter,P,P17,P17,FALSE,17,NA,100
2022,Digital Platform,Twitter,Twitter,P,P18,P18,FALSE,18,NA,100
2022,Digital Platform,Yahoo,Yahoo,G,G01,G01,FALSE,1,NA,66.67
2022,Digital Platform,Yahoo,Yahoo,G,G02,G02,FALSE,2,NA,66.67
2022,Digital Platform,Yahoo,Yahoo,G,G03,G03,FALSE,3,NA,100
2022,Digital Platform,Yahoo,Yahoo,G,G04,G04,FALSE,4,NA,49.38
2022,Digital Platform,Yahoo,Yahoo,G,G04,G04a,TRUE,4,a,95.45
2022,Digital Platform,Yahoo,Yahoo,G,G04,G04b,TRUE,4,b,83.33
2022,Digital Platform,Yahoo,Yahoo,G,G04,G04c,TRUE,4,c,0
2022,Digital Platform,Yahoo,Yahoo,G,G04,G04d,TRUE,4,d,18.75
2022,Digital Platform,Yahoo,Yahoo,G,G04,G04e,TRUE,4,e,NA
2022,Digital Platform,Yahoo,Yahoo,G,G05,G05,FALSE,5,NA,50
2022,Digital Platform,Yahoo,Yahoo,G,G06,G06,FALSE,6,NA,22.22
2022,Digital Platform,Yahoo,Yahoo,G,G06,G06a,TRUE,6,a,22.22
2022,Digital Platform,Yahoo,Yahoo,G,G06,G06b,TRUE,6,b,NA
2022,Digital Platform,Yahoo,Yahoo,F,F01,F01,FALSE,1,NA,95.83
2022,Digital Platform,Yahoo,Yahoo,F,F01,F01a,TRUE,1,a,100
2022,Digital Platform,Yahoo,Yahoo,F,F01,F01b,TRUE,1,b,100
2022,Digital Platform,Yahoo,Yahoo,F,F01,F01c,TRUE,1,c,100
2022,Digital Platform,Yahoo,Yahoo,F,F01,F01d,TRUE,1,d,83.33
2022,Digital Platform,Yahoo,Yahoo,F,F02,F02,FALSE,2,NA,12.5
2022,Digital Platform,Yahoo,Yahoo,F,F02,F02a,TRUE,2,a,25
2022,Digital Platform,Yahoo,Yahoo,F,F02,F02b,TRUE,2,b,12.5
2022,Digital Platform,Yahoo,Yahoo,F,F02,F02c,TRUE,2,c,12.5
2022,Digital Platform,Yahoo,Yahoo,F,F02,F02d,TRUE,2,d,0
2022,Digital Platform,Yahoo,Yahoo,F,F03,F03,FALSE,3,NA,67.78
2022,Digital Platform,Yahoo,Yahoo,F,F03,F03a,TRUE,3,a,60
2022,Digital Platform,Yahoo,Yahoo,F,F03,F03b,TRUE,3,b,83.33
2022,Digital Platform,Yahoo,Yahoo,F,F03,F03c,TRUE,3,c,60
2022,Digital Platform,Yahoo,Yahoo,F,F04,F04,FALSE,4,NA,8.33
2022,Digital Platform,Yahoo,Yahoo,F,F04,F04a,TRUE,4,a,0
2022,Digital Platform,Yahoo,Yahoo,F,F04,F04b,TRUE,4,b,0
2022,Digital Platform,Yahoo,Yahoo,F,F04,F04c,TRUE,4,c,25
2022,Digital Platform,Yahoo,Yahoo,F,F05,F05,FALSE,5,NA,NA
2022,Digital Platform,Yahoo,Yahoo,F,F05,F05a,TRUE,5,a,NA
2022,Digital Platform,Yahoo,Yahoo,F,F05,F05b,TRUE,5,b,NA
2022,Digital Platform,Yahoo,Yahoo,F,F06,F06,FALSE,6,NA,NA
2022,Digital Platform,Yahoo,Yahoo,F,F07,F07,FALSE,7,NA,NA
2022,Digital Platform,Yahoo,Yahoo,F,F08,F08,FALSE,8,NA,0
2022,Digital Platform,Yahoo,Yahoo,F,F09,F09,FALSE,9,NA,NA
2022,Digital Platform,Yahoo,Yahoo,F,F10,F10,FALSE,10,NA,NA
2022,Digital Platform,Yahoo,Yahoo,F,F11,F11,FALSE,11,NA,0
2022,Digital Platform,Yahoo,Yahoo,F,F12,F12,FALSE,12,NA,NA
2022,Digital Platform,Yahoo,Yahoo,F,F13,F13,FALSE,13,NA,NA
2022,Digital Platform,Yahoo,Yahoo,P,P01,P01,FALSE,1,NA,50
2022,Digital Platform,Yahoo,Yahoo,P,P01,P01a,TRUE,1,a,100
2022,Digital Platform,Yahoo,Yahoo,P,P01,P01b,TRUE,1,b,0
2022,Digital Platform,Yahoo,Yahoo,P,P02,P02,FALSE,2,NA,6.25
2022,Digital Platform,Yahoo,Yahoo,P,P02,P02a,TRUE,2,a,12.5
2022,Digital Platform,Yahoo,Yahoo,P,P02,P02b,TRUE,2,b,0
2022,Digital Platform,Yahoo,Yahoo,P,P03,P03,FALSE,3,NA,50
2022,Digital Platform,Yahoo,Yahoo,P,P03,P03a,TRUE,3,a,66.67
2022,Digital Platform,Yahoo,Yahoo,P,P03,P03b,TRUE,3,b,33.33
2022,Digital Platform,Yahoo,Yahoo,P,P04,P04,FALSE,4,NA,62.5
2022,Digital Platform,Yahoo,Yahoo,P,P05,P05,FALSE,5,NA,50
2022,Digital Platform,Yahoo,Yahoo,P,P06,P06,FALSE,6,NA,50
2022,Digital Platform,Yahoo,Yahoo,P,P07,P07,FALSE,7,NA,25
2022,Digital Platform,Yahoo,Yahoo,P,P08,P08,FALSE,8,NA,50
2022,Digital Platform,Yahoo,Yahoo,P,P09,P09,FALSE,9,NA,55.56
2022,Digital Platform,Yahoo,Yahoo,P,P10,P10,FALSE,10,NA,50
2022,Digital Platform,Yahoo,Yahoo,P,P10,P10a,TRUE,10,a,100
2022,Digital Platform,Yahoo,Yahoo,P,P10,P10b,TRUE,10,b,0
2022,Digital Platform,Yahoo,Yahoo,P,P11,P11,FALSE,11,NA,32.5
2022,Digital Platform,Yahoo,Yahoo,P,P11,P11a,TRUE,11,a,65
2022,Digital Platform,Yahoo,Yahoo,P,P11,P11b,TRUE,11,b,0
2022,Digital Platform,Yahoo,Yahoo,P,P12,P12,FALSE,12,NA,66.67
2022,Digital Platform,Yahoo,Yahoo,P,P13,P13,FALSE,13,NA,100
2022,Digital Platform,Yahoo,Yahoo,P,P14,P14,FALSE,14,NA,100
2022,Digital Platform,Yahoo,Yahoo,P,P15,P15,FALSE,15,NA,83.33
2022,Digital Platform,Yahoo,Yahoo,P,P16,P16,FALSE,16,NA,37.5
2022,Digital Platform,Yahoo,Yahoo,P,P17,P17,FALSE,17,NA,100
2022,Digital Platform,Yahoo,Yahoo,P,P18,P18,FALSE,18,NA,100
2022,Digital Platform,Yandex,Yandex,G,G01,G01,FALSE,1,NA,83.33
2022,Digital Platform,Yandex,Yandex,G,G02,G02,FALSE,2,NA,16.67
2022,Digital Platform,Yandex,Yandex,G,G03,G03,FALSE,3,NA,75
2022,Digital Platform,Yandex,Yandex,G,G04,G04,FALSE,4,NA,3.41
2022,Digital Platform,Yandex,Yandex,G,G04,G04a,TRUE,4,a,13.64
2022,Digital Platform,Yandex,Yandex,G,G04,G04b,TRUE,4,b,0
2022,Digital Platform,Yandex,Yandex,G,G04,G04c,TRUE,4,c,0
2022,Digital Platform,Yandex,Yandex,G,G04,G04d,TRUE,4,d,0
2022,Digital Platform,Yandex,Yandex,G,G04,G04e,TRUE,4,e,NA
2022,Digital Platform,Yandex,Yandex,G,G05,G05,FALSE,5,NA,0
2022,Digital Platform,Yandex,Yandex,G,G06,G06,FALSE,6,NA,22.22
2022,Digital Platform,Yandex,Yandex,G,G06,G06a,TRUE,6,a,22.22
2022,Digital Platform,Yandex,Yandex,G,G06,G06b,TRUE,6,b,NA
2022,Digital Platform,Yandex,Yandex,F,F01,F01,FALSE,1,NA,59.72
2022,Digital Platform,Yandex,Yandex,F,F01,F01a,TRUE,1,a,72.22
2022,Digital Platform,Yandex,Yandex,F,F01,F01b,TRUE,1,b,66.67
2022,Digital Platform,Yandex,Yandex,F,F01,F01c,TRUE,1,c,66.67
2022,Digital Platform,Yandex,Yandex,F,F01,F01d,TRUE,1,d,33.33
2022,Digital Platform,Yandex,Yandex,F,F02,F02,FALSE,2,NA,18.75
2022,Digital Platform,Yandex,Yandex,F,F02,F02a,TRUE,2,a,25
2022,Digital Platform,Yandex,Yandex,F,F02,F02b,TRUE,2,b,25
2022,Digital Platform,Yandex,Yandex,F,F02,F02c,TRUE,2,c,25
2022,Digital Platform,Yandex,Yandex,F,F02,F02d,TRUE,2,d,0
2022,Digital Platform,Yandex,Yandex,F,F03,F03,FALSE,3,NA,40.93
2022,Digital Platform,Yandex,Yandex,F,F03,F03a,TRUE,3,a,52.78
2022,Digital Platform,Yandex,Yandex,F,F03,F03b,TRUE,3,b,50
2022,Digital Platform,Yandex,Yandex,F,F03,F03c,TRUE,3,c,20
2022,Digital Platform,Yandex,Yandex,F,F04,F04,FALSE,4,NA,5.56
2022,Digital Platform,Yandex,Yandex,F,F04,F04a,TRUE,4,a,0
2022,Digital Platform,Yandex,Yandex,F,F04,F04b,TRUE,4,b,0
2022,Digital Platform,Yandex,Yandex,F,F04,F04c,TRUE,4,c,16.67
2022,Digital Platform,Yandex,Yandex,F,F05,F05,FALSE,5,NA,20
2022,Digital Platform,Yandex,Yandex,F,F05,F05a,TRUE,5,a,0
2022,Digital Platform,Yandex,Yandex,F,F05,F05b,TRUE,5,b,40
2022,Digital Platform,Yandex,Yandex,F,F06,F06,FALSE,6,NA,0
2022,Digital Platform,Yandex,Yandex,F,F07,F07,FALSE,7,NA,0
2022,Digital Platform,Yandex,Yandex,F,F08,F08,FALSE,8,NA,37.5
2022,Digital Platform,Yandex,Yandex,F,F09,F09,FALSE,9,NA,NA
2022,Digital Platform,Yandex,Yandex,F,F10,F10,FALSE,10,NA,NA
2022,Digital Platform,Yandex,Yandex,F,F11,F11,FALSE,11,NA,0
2022,Digital Platform,Yandex,Yandex,F,F12,F12,FALSE,12,NA,40
2022,Digital Platform,Yandex,Yandex,F,F13,F13,FALSE,13,NA,NA
2022,Digital Platform,Yandex,Yandex,P,P01,P01,FALSE,1,NA,41.67
2022,Digital Platform,Yandex,Yandex,P,P01,P01a,TRUE,1,a,83.33
2022,Digital Platform,Yandex,Yandex,P,P01,P01b,TRUE,1,b,0
2022,Digital Platform,Yandex,Yandex,P,P02,P02,FALSE,2,NA,25
2022,Digital Platform,Yandex,Yandex,P,P02,P02a,TRUE,2,a,50
2022,Digital Platform,Yandex,Yandex,P,P02,P02b,TRUE,2,b,0
2022,Digital Platform,Yandex,Yandex,P,P03,P03,FALSE,3,NA,33.34
2022,Digital Platform,Yandex,Yandex,P,P03,P03a,TRUE,3,a,66.67
2022,Digital Platform,Yandex,Yandex,P,P03,P03b,TRUE,3,b,0
2022,Digital Platform,Yandex,Yandex,P,P04,P04,FALSE,4,NA,50
2022,Digital Platform,Yandex,Yandex,P,P05,P05,FALSE,5,NA,20
2022,Digital Platform,Yandex,Yandex,P,P06,P06,FALSE,6,NA,20
2022,Digital Platform,Yandex,Yandex,P,P07,P07,FALSE,7,NA,18.75
2022,Digital Platform,Yandex,Yandex,P,P08,P08,FALSE,8,NA,41.67
2022,Digital Platform,Yandex,Yandex,P,P09,P09,FALSE,9,NA,0
2022,Digital Platform,Yandex,Yandex,P,P10,P10,FALSE,10,NA,21.43
2022,Digital Platform,Yandex,Yandex,P,P10,P10a,TRUE,10,a,42.86
2022,Digital Platform,Yandex,Yandex,P,P10,P10b,TRUE,10,b,0
2022,Digital Platform,Yandex,Yandex,P,P11,P11,FALSE,11,NA,15
2022,Digital Platform,Yandex,Yandex,P,P11,P11a,TRUE,11,a,30
2022,Digital Platform,Yandex,Yandex,P,P11,P11b,TRUE,11,b,0
2022,Digital Platform,Yandex,Yandex,P,P12,P12,FALSE,12,NA,33.33
2022,Digital Platform,Yandex,Yandex,P,P13,P13,FALSE,13,NA,100
2022,Digital Platform,Yandex,Yandex,P,P14,P14,FALSE,14,NA,66.67
2022,Digital Platform,Yandex,Yandex,P,P15,P15,FALSE,15,NA,50
2022,Digital Platform,Yandex,Yandex,P,P16,P16,FALSE,16,NA,33.33
2022,Digital Platform,Yandex,Yandex,P,P17,P17,FALSE,17,NA,100
2022,Digital Platform,Yandex,Yandex,P,P18,P18,FALSE,18,NA,100
