Company,Type,Total,Governance,Freedom of Expression,Privacy
Twitter,Digital Platform,56.01,56.28,63.73,51.2
Yahoo,Digital Platform,53.62,59.16,30.74,59.41
Microsoft,Digital Platform,49.62,65.33,41.97,49.06
Google,Digital Platform,46.97,56.37,43.71,45.83
Meta,Digital Platform,45.72,64.62,35.75,45.52
Apple,Digital Platform,43.9,50.32,21.47,55.46
Kakao,Digital Platform,43.93,47.55,40.9,44.59
Yandex,Digital Platform,35.1,33.44,22.25,42.79
VK,Digital Platform,27.93,18,17.03,37.91
Alibaba,Digital Platform,26.45,8.45,18.16,37.06
Baidu,Digital Platform,27.77,26.45,14.02,36.61
Samsung,Digital Platform,25.7,29.46,17.37,29.08
Tencent,Digital Platform,25.29,12.71,14.66,35.97
Amazon,Digital Platform,25.36,13.95,16.3,34.2
