Index,CompanyType,Company,CompanyLabel,Score
2020,Digital Platform,Alibaba,Alibaba,25.12
2020,Digital Platform,Amazon,Amazon,20.09
2020,Telecommunication,AmericaMovil,América Móvil,21.91
2020,Digital Platform,Apple,Apple,42.96
2020,Telecommunication,ATT,AT&T,36.61
2020,Telecommunication,Axiata,Axiata,15.77
2020,Digital Platform,Baidu,Baidu,24.86
2020,Telecommunication,BhartiAirtel,Bharti Airtel,15.1
2020,Telecommunication,DeutscheTelekom,Deutsche Telekom,33.76
2020,Telecommunication,Etisalat,Etisalat,10.33
2020,Digital Platform,Facebook,Facebook,45.25
2020,Digital Platform,Google,Google,48.29
2020,Digital Platform,Kakao,Kakao,41.62
2020,Digital Platform,MailRu,Mail.Ru,27.12
2020,Digital Platform,Microsoft,Microsoft,50.21
2020,Telecommunication,MTN,MTN,22.65
2020,Telecommunication,Ooredoo,Ooredoo,5.78
2020,Telecommunication,Orange,Orange,26.55
2020,Digital Platform,Samsung,Samsung,22.84
2020,Telecommunication,Telefonica,Telefónica,49.15
2020,Telecommunication,Telenor,Telenor,36.97
2020,Digital Platform,Tencent,Tencent,21.91
2020,Digital Platform,Twitter,Twitter,53.19
2020,Digital Platform,VerizonMedia,Verizon Media,51.64
2020,Telecommunication,Vodafone,Vodafone,42.36
2020,Digital Platform,Yandex,Yandex,27.49
