Company,Type,Total,Governance,Freedom of Expression,Privacy
Twitter,Digital Platform,53.19,46.96,59.84,51.20
Verizon Media,Digital Platform,51.64,64.21,39.63,51.46
Microsoft,Digital Platform,50.21,65.14,40.30,51.28
Telefónica,Telecommunication,49.15,81.67,34.58,46.96
Google,Digital Platform,48.29,54.10,46.16,47.66
Facebook,Digital Platform,45.24,62.03,35.31,45.72
Apple,Digital Platform,42.96,49.18,22.22,53.56
Vodafone,Telecommunication,42.36,68.16,32.46,39.49
Kakao,Digital Platform,41.62,41.63,38.02,43.82
Telenor,Telecommunication,36.97,63.84,28.16,32.95
AT&T,Telecommunication,36.61,57.37,22.97,38.20
Deutsche Telekom,Telecommunication,33.76,41.50,8.24,48.40
Yandex,Digital Platform,27.49,23.53,19.88,33.04
Mail.Ru,Digital Platform,27.12,23.30,19.23,33.21
Orange,Telecommunication,26.55,65.07,9.85,23.59
Alibaba,Digital Platform,25.12,7.06,16.69,35.82
Baidu,Digital Platform,24.86,10.91,13.06,36.73
Samsung,Digital Platform,22.84,29.46,14.81,25.10
MTN,Telecommunication,22.65,49.83,11.19,20.33
Tencent,Digital Platform,21.91,3.54,14.66,32.47
América Móvil,Telecommunication,21.91,50.93,6.29,21.76
Amazon,Digital Platform,20.09,5.93,13.89,28.25
Axiata,Telecommunication,15.77,22.42,7.12,19.22
Bharti Airtel,Telecommunication,15.10,29.71,2.33,18.40
Etisalat,Telecommunication,10.33,12.73,7.37,11.46
Ooredoo,Telecommunication,5.78,4.17,3.60,7.89
