Category,Indicator,Element,indicatorNr,indicatorSuffix,elemNr,description,excludedCompanies,excludedServices,reversedScoring
G,G01,G01.01,1,NA,1,"Does the company make an explicit, clearly articulated policy commitment to human rights, including to freedom of expression and information?",NA,NA,NA
G,G01,G01.02,1,NA,2,"Does the company make an explicit, clearly articulated policy commitment to human rights, including to privacy?",NA,NA,NA
G,G01,G01.03,1,NA,3,"Does the company disclose an explicit, clearly articulated policy commitment to human rights in its development and use of algorithmic systems?",NA,NA,NA
G,G02,G02.01,2,NA,1,Does the company clearly disclose that the board of directors exercises formal oversight over how company practices affect freedom of expression and information?,NA,NA,NA
G,G02,G02.02,2,NA,2,Does the company clearly disclose that the board of directors exercises formal oversight over how company practices affect privacy?,NA,NA,NA
G,G02,G02.03,2,NA,3,"Does the company clearly disclose that an executive-level committee, team, program or officer oversees how company practices affect freedom of expression and information?",NA,NA,NA
G,G02,G02.04,2,NA,4,"Does the company clearly disclose that an executive-level committee, team, program or officer oversees how company practices affect privacy?",NA,NA,NA
G,G02,G02.05,2,NA,5,"Does the company clearly disclose that a management-level committee, team, program or officer oversees how company practices affect freedom of expression and information?",NA,NA,NA
G,G02,G02.06,2,NA,6,"Does the company clearly disclose that a management-level committee, team, program or officer oversees how company practices affect privacy?",NA,NA,NA
G,G03,G03.01,3,NA,1,Does the company clearly disclose that it provides employee training on freedom of expression and information issues?,NA,NA,NA
G,G03,G03.02,3,NA,2,Does the company clearly disclose that it provides employee training on privacy issues?,NA,NA,NA
G,G03,G03.03,3,NA,3,Does the company clearly disclose that it maintains an employee whistleblower program through which employees can report concerns related to how the company treats its users’ freedom of expression and information rights?,NA,NA,NA
G,G03,G03.04,3,NA,4,Does the company clearly disclose that it maintains an employee whistleblower program through which employees can report concerns related to how the company treats its users’ privacy rights?,NA,NA,NA
G,G04a,G04a.01,4,a,1,Does the company assess how laws affect freedom of expression and information in jurisdictions where it operates?,NA,NA,NA
G,G04a,G04a.02,4,a,2,Does the company assess how laws affect privacy in jurisdictions where it operates?,NA,NA,NA
G,G04a,G04a.03,4,a,3,Does the company assess freedom of expression and information risks associated with existing products and services in jurisdictions where it operates?,NA,NA,NA
G,G04a,G04a.04,4,a,4,Does the company assess privacy risks associated with existing products and services in jurisdictions where it operates?,NA,NA,NA
G,G04a,G04a.05,4,a,5,"Does the company assess freedom of expression and information risks associated with a new activity, including the launch and/or acquisition of new products, services, or companies, or entry into new markets or jurisdictions?",NA,NA,NA
G,G04a,G04a.06,4,a,6,"Does the company assess privacy risks associated with a new activity, including the launch and/or acquisition of new products, services, or companies, or entry into new markets or jurisdictions?",NA,NA,NA
G,G04a,G04a.07,4,a,7,Does the company conduct additional evaluation wherever the company’s risk assessments identify concerns?,NA,NA,NA
G,G04a,G04a.08,4,a,8,Do senior executives and/or members of the company’s board of directors review and consider the results of assessments and due diligence in their decision-making?,NA,NA,NA
G,G04a,G04a.09,4,a,9,Does the company conduct assessments on a regular schedule?,NA,NA,NA
G,G04a,G04a.10,4,a,10,Are the company’s assessments assured by an external third party?,NA,NA,NA
G,G04a,G04a.11,4,a,11,Is the external third party that assures the assessment accredited to a relevant and reputable human rights standard by a credible organization?,NA,NA,NA
G,G04b,G04b.01,4,b,1,Does the company assess freedom of expression and information risks of enforcing its terms of service?,NA,NA,NA
G,G04b,G04b.02,4,b,2,Does the company conduct risk assessments of its enforcement of its privacy policies?,NA,NA,NA
G,G04b,G04b.03,4,b,3,Does the company assess discrimination risks associated with its processes for enforcing its terms of service?,NA,NA,NA
G,G04b,G04b.04,4,b,4,Does the company assess discrimination risks associated with its processes for enforcing its privacy policies?,NA,NA,NA
G,G04b,G04b.05,4,b,5,Does the company conduct additional evaluation wherever the company’s risk assessments identify concerns?,NA,NA,NA
G,G04b,G04b.06,4,b,6,Do senior executives and/or members of the company’s board of directors review and consider the results of assessments and due diligence in their decision-making?,NA,NA,NA
G,G04b,G04b.07,4,b,7,Does the company conduct assessments on a regular schedule?,NA,NA,NA
G,G04b,G04b.08,4,b,8,Are the company’s assessments assured by an external third party?,NA,NA,NA
G,G04b,G04b.09,4,b,9,Is the external third party that assures the assessment accredited to a relevant and reputable human rights standard by a credible organization?,NA,NA,NA
G,G04c,G04c.01,4,c,1,Does the company assess freedom of expression and information risks associated with its targeted advertising policies and practices?,NA,NA,NA
G,G04c,G04c.02,4,c,2,Does the company assess privacy risks associated with its targeted advertising policies and practices?,NA,NA,NA
G,G04c,G04c.03,4,c,3,Does the company assess discrimination risks associated with its targeted advertising policies and practices?,NA,NA,NA
G,G04c,G04c.04,4,c,4,Does the company conduct additional evaluation whenever the company’s risk assessments identify concerns?,NA,NA,NA
G,G04c,G04c.05,4,c,5,Do senior executives and/or members of the company’s board of directors review and consider the results of assessments and due diligence in their decision-making?,NA,NA,NA
G,G04c,G04c.06,4,c,6,Does the company conduct assessments on a regular schedule?,NA,NA,NA
G,G04c,G04c.07,4,c,7,Are the company’s assessments assured by an external third party?,NA,NA,NA
G,G04c,G04c.08,4,c,8,Is the external third party that assures the assessment accredited to a relevant and reputable human rights standard by a credible organization?,NA,NA,NA
G,G04d,G04d.01,4,d,1,Does the company assess freedom of expression and information risks associated with its development and use of algorithmic systems?,NA,NA,NA
G,G04d,G04d.02,4,d,2,Does the company assess privacy risks associated with its development and use of algorithmic systems?,NA,NA,NA
G,G04d,G04d.03,4,d,3,Does the company assess discrimination risks associated with its development and use of algorithmic systems?,NA,NA,NA
G,G04d,G04d.04,4,d,4,Does the company conduct additional evaluation wherever the company’s risk assessments identify concerns?,NA,NA,NA
G,G04d,G04d.05,4,d,5,Do senior executives and/or members of the company’s board of directors review and consider the results of assessments and due diligence in their decision-making?,NA,NA,NA
G,G04d,G04d.06,4,d,6,Does the company conduct assessments on a regular schedule?,NA,NA,NA
G,G04d,G04d.07,4,d,7,Are the company’s assessments assured by an external third party?,NA,NA,NA
G,G04d,G04d.08,4,d,8,Is the external third party that assures the assessment accredited to a relevant and reputable human rights standard by a credible organization?,NA,NA,NA
G,G04e,G04e.01,4,e,1,Does the company assess freedom of expression and information risks associated with its zero-rating programs?,NA,NA,NA
G,G04e,G04e.02,4,e,2,Does the company assess privacy risks associated with its zero-rating programs?,NA,NA,NA
G,G04e,G04e.03,4,e,3,Does the company assess discrimination risks associated with its zero-rating programs?,NA,NA,NA
G,G04e,G04e.04,4,e,4,Does the company conduct additional evaluation wherever the company’s risk assessments identify concerns?,NA,NA,NA
G,G04e,G04e.05,4,e,5,Do senior executives and/or members of the company’s board of directors review and consider the results of assessments and due diligence in their decision-making?,NA,NA,NA
G,G04e,G04e.06,4,e,6,Does the company conduct assessments on a regular schedule?,NA,NA,NA
G,G04e,G04e.07,4,e,7,Are the company’s assessments assured by an external third party?,NA,NA,NA
G,G04e,G04e.08,4,e,8,Is the external third party that assures the assessment accredited to a relevant and reputable human rights standard by a credible organization?,NA,NA,NA
G,G05,G05.01,5,NA,1,"Is the company a member of one or more multi-stakeholder initiatives that address the full range of ways in which users’ fundamental rights to freedom of expression and information, privacy, and non-discrimination may be affected in the course of the company’s operations?",NA,NA,NA
G,G05,G05.02,5,NA,2,"If the company is not a member of one or more such multi-stakeholder initiatives, is the company a member of any organization that engages systematically and on a regular basis with non-industry and non-governmental stakeholders on freedom of expression and privacy issues?",NA,NA,NA
G,G05,G05.03,5,NA,3,"If the company is not a member of one of these organizations, does the company disclose that it initiates or participates in meetings with stakeholders that represent, advocates on behalf of, or are people whose rights to freedom of expression and information and to privacy are directly impacted by the company’s business?",NA,NA,NA
G,G06a,G06a.01,6,a,1,Does the company clearly disclose it has a grievance mechanism(s) enabling users to submit complaints if they feel their freedom of expression and information rights have been adversely affected by the company’s policies or practices?,NA,NA,NA
G,G06a,G06a.02,6,a,2,Does the company clearly disclose it has a grievance mechanism(s) enabling users to submit complaints if they feel their privacy has been adversely affected by the company’s policies or practices?,NA,NA,NA
G,G06a,G06a.03,6,a,3,Does the company clearly disclose its procedures for providing remedy for freedom of expression and information-related grievances?,NA,NA,NA
G,G06a,G06a.04,6,a,4,Does the company clearly disclose its procedures for providing remedy for privacy-related grievances?,NA,NA,NA
G,G06a,G06a.05,6,a,5,Does the company clearly disclose timeframes for its grievance and remedy procedures?,NA,NA,NA
G,G06a,G06a.06,6,a,6,Does the company clearly disclose the number of complaints received related to freedom of expression?,NA,NA,NA
G,G06a,G06a.07,6,a,7,Does the company clearly disclose the number of complaints received related to privacy?,NA,NA,NA
G,G06a,G06a.08,6,a,8,Does the company clearly disclose evidence that it is providing remedy for freedom of expression grievances?,NA,NA,NA
G,G06a,G06a.09,6,a,9,Does the company clearly disclose evidence that it is providing remedy for privacy grievances?,NA,NA,NA
G,G06b,G06b.01,6,b,1,Does the company clearly disclose that it offers affected users the ability to appeal content-moderation actions?,NA,NA,NA
G,G06b,G06b.02,6,b,2,Does the company clearly disclose that it notifies the users who are affected by a content-moderation action?,NA,NA,NA
G,G06b,G06b.03,6,b,3,Does the company clearly disclose a timeframe for notifying affected users when it takes a content-moderation action?,NA,NA,NA
G,G06b,G06b.04,6,b,4,Does the company clearly disclose when appeals are not permitted?,NA,NA,NA
G,G06b,G06b.05,6,b,5,Does the company clearly disclose its process for reviewing appeals?,NA,NA,NA
G,G06b,G06b.06,6,b,6,Does the company clearly disclose its timeframe for reviewing appeals?,NA,NA,NA
G,G06b,G06b.07,6,b,7,Does the company clearly disclose that such appeals are reviewed by at least one human not involved in the original content-moderation action?,NA,NA,NA
G,G06b,G06b.08,6,b,8,Does the company clearly disclose what role automation plays in reviewing appeals?,NA,NA,NA
G,G06b,G06b.09,6,b,9,Does the company clearly disclose that the affected users have an opportunity to present additional information that will be considered in the review?,NA,NA,NA
G,G06b,G06b.10,6,b,10,Does the company clearly disclose that it provides the affected users with a statement outlining the reason for its decision?,NA,NA,NA
G,G06b,G06b.11,6,b,11,Does the company clearly disclose evidence that it is addressing content moderation appeals?,NA,NA,NA
F,F01a,F01a.01,1,a,1,Are the company’s terms of service easy to find?,NA,NA,NA
F,F01a,F01a.02,1,a,2,Are the terms of service available in the primary language(s) spoken by users in the company’s home jurisdiction?,NA,NA,NA
F,F01a,F01a.03,1,a,3,Are the terms of service presented in an understandable manner?,NA,NA,NA
F,F01b,F01b.01,1,b,1,Are the company’s advertising content policies easy to find?,NA,NA,NA
F,F01b,F01b.02,1,b,2,Are the company’s advertising content policies available in the primary language(s) spoken by users in the company’s home jurisdiction?,NA,NA,NA
F,F01b,F01b.03,1,b,3,Are the company’s advertising content policies presented in an understandable manner?,NA,NA,NA
F,F01b,F01b.04,1,b,4,(For mobile ecosystems): Does the company clearly disclose that it requires apps made available through its app store to provide users with an advertising content policy?,telecom,pda | search | email | messagingVoip | cloud | eCommerce | socialNetworkBlogs | photoVideo,NA
F,F01b,F01b.05,1,b,5,(For personal digital assistant ecosystems): Does the company clearly disclose that it requires skills made available through its skill store to provide users with an advertising content policy?,telecom,search | email | messagingVoip | cloud | eCommerce | socialNetworkBlogs | photoVideo,NA
F,F01c,F01c.01,1,c,1,Are the company’s advertising targeting policies easy to find?,NA,NA,NA
F,F01c,F01c.02,1,c,2,Are the advertising targeting policies available in the primary language(s) spoken by users in the company’s home jurisdiction?,NA,NA,NA
F,F01c,F01c.03,1,c,3,Are the advertising targeting policies presented in an understandable manner?,NA,NA,NA
F,F01c,F01c.04,1,c,4,(For mobile ecosystems): Does the company clearly disclose that it requires apps made available through its app store to provide users with an advertising targeting policy?,telecom,pda | search | email | messagingVoip | cloud | eCommerce | socialNetworkBlogs | photoVideo,NA
F,F01c,F01c.05,1,c,5,(For personal digital assistant ecosystems): Does the company clearly disclose that it requires skills made available through its skill store to provide users with an advertising targeting policy?,telecom,search | email | messagingVoip | cloud | eCommerce | socialNetworkBlogs | photoVideo,NA
F,F01d,F01d.01,1,d,1,Are the company’s algorithmic system use policies easy to find?,NA,NA,NA
F,F01d,F01d.02,1,d,2,Are the algorithmic system use policies available in the primary language(s) spoken by users in the company’s home jurisdiction?,NA,NA,NA
F,F01d,F01d.03,1,d,3,Are the algorithmic system use policies presented in an understandable manner?,NA,NA,NA
F,F02a,F02a.01,2,a,1,Does the company clearly disclose that it directly notifies users about all changes to its terms of service?,NA,NA,NA
F,F02a,F02a.02,2,a,2,Does the company clearly disclose how it will directly notify users of changes?,NA,NA,NA
F,F02a,F02a.03,2,a,3,Does the company clearly disclose the timeframe within which it directly notifies users of changes prior to these changes coming into effect?,NA,NA,NA
F,F02a,F02a.04,2,a,4,Does the company maintain a public archive or change log?,NA,NA,NA
F,F02b,F02b.01,2,b,1,Does the company clearly disclose that it directly notifies users about changes to its advertising content policies?,NA,NA,NA
F,F02b,F02b.02,2,b,2,Does the company clearly disclose how it will directly notify users of changes?,NA,NA,NA
F,F02b,F02b.03,2,b,3,Does the company clearly disclose the timeframe within which it directly notifies users of changes prior to these changes coming into effect?,NA,NA,NA
F,F02b,F02b.04,2,b,4,Does the company maintain a public archive or change log?,NA,NA,NA
F,F02b,F02b.05,2,b,5,(For mobile ecosystems): Does the company clearly disclose that it requires apps made available through its app store to notify users when the apps change their advertising content policies?,telecom,pda | search | email | messagingVoip | cloud | eCommerce | socialNetworkBlogs | photoVideo,NA
F,F02b,F02b.06,2,b,6,(For personal digital ecosystems): Does the company clearly disclose that it requires skills made available through its skills store to notify users when the skills change their advertising content policies?,telecom,search | email | messagingVoip | cloud | eCommerce | socialNetworkBlogs | photoVideo,NA
F,F02c,F02c.01,2,c,1,Does the company clearly disclose that it directly notifies users about changes to its advertising targeting policies?,NA,NA,NA
F,F02c,F02c.02,2,c,2,Does the company clearly disclose how it will directly notify users of changes?,NA,NA,NA
F,F02c,F02c.03,2,c,3,Does the company clearly disclose the timeframe within which it directly notifies users of changes prior to these changes coming into effect?,NA,NA,NA
F,F02c,F02c.04,2,c,4,Does the company maintain a public archive or change log?,NA,NA,NA
F,F02c,F02c.05,2,c,5,(For mobile ecosystems): Does the company clearly disclose that it requires apps made available through its app store to directly notify users when the apps change their advertising targeting policies?,telecom,pda | search | email | messagingVoip | cloud | eCommerce | socialNetworkBlogs | photoVideo,NA
F,F02c,F02c.06,2,c,6,(For personal digital ecosystems): Does the company clearly disclose that it requires skills made available through its skills store to notify users when the skills change their advertising targeting policies?,telecom,mobileEcosystem | search | email | messagingVoip | cloud | eCommerce | socialNetworkBlogs | photoVideo,NA
F,F02d,F02d.01,2,d,1,Does the company clearly disclose that it directly notifies users about changes to its algorithmic system use policies?,NA,NA,NA
F,F02d,F02d.02,2,d,2,Does the company clearly disclose how it will directly notify users of changes?,NA,NA,NA
F,F02d,F02d.03,2,d,3,Does the company clearly disclose the timeframe within which it directly notifies users of changes prior to these changes coming into effect?,NA,NA,NA
F,F02d,F02d.04,2,d,4,Does the company maintain a public archive or change log?,NA,NA,NA
F,F03a,F03a.01,3,a,1,Does the company clearly disclose what types of content or activities it does not permit?,NA,NA,NA
F,F03a,F03a.02,3,a,2,Does the company clearly disclose why it may restrict a user’s account?,NA,search,NA
F,F03a,F03a.03,3,a,3,Does the company clearly disclose information about the processes it uses to identify content or accounts that violate the company’s rules?,NA,NA,NA
F,F03a,F03a.04,3,a,4,Does the company clearly disclose how algorithmic systems are used to flag content that might violate the company’s rules?,NA,NA,NA
F,F03a,F03a.05,3,a,5,Does the company clearly disclose whether any government authorities receive priority consideration when flagging content to be restricted for violating the company’s rules?,NA,mobile | cloud | eCommerce | email,NA
F,F03a,F03a.06,3,a,6,Does the company clearly disclose whether any private entities receive priority consideration when flagging content to be restricted for violating the company’s rules?,NA,mobile | cloud | eCommerce | email,NA
F,F03a,F03a.07,3,a,7,Does the company clearly disclose its process for enforcing its rules once violations are detected?,NA,NA,NA
F,F03b,F03b.01,3,b,1,Does the company clearly disclose what types of advertising content it does not permit?,NA,NA,NA
F,F03b,F03b.02,3,b,2,Does the company clearly disclose whether it requires all advertising content be clearly labelled as such?,NA,NA,NA
F,F03b,F03b.03,3,b,3,Does the company clearly disclose the processes and technologies it uses to identify advertising content or accounts that violate the company’s rules?,NA,NA,NA
F,F03c,F03c.01,3,c,1,Does the company clearly disclose whether it enables third parties to target its users with advertising content?,NA,NA,NA
F,F03c,F03c.02,3,c,2,Does the company clearly disclose what types of targeting parameters are not permitted?,NA,NA,NA
F,F03c,F03c.03,3,c,3,Does the company clearly disclose that it does not permit advertisers to target specific individuals?,NA,NA,NA
F,F03c,F03c.04,3,c,4,Does the company clearly disclose that algorithmically generated advertising audience categories are evaluated by human reviewers before they can be used?,NA,NA,NA
F,F03c,F03c.05,3,c,5,Does the company clearly disclose information about the processes and technologies it uses to identify advertising content or accounts that violate the company’s rules?,NA,NA,NA
F,F04a,F04a.01,4,a,1,Does the company publish data about the total number of pieces of content restricted for violating the company's rules?,NA,NA,NA
F,F04a,F04a.02,4,a,2,Does the company publish data on the number of pieces of content restricted based on which rule was violated?,NA,NA,NA
F,F04a,F04a.03,4,a,3,"Does the company publish data on the number of pieces of content it restricted based on the format of content? (e.g. text, image, video, live video)?",NA,NA,NA
F,F04a,F04a.04,4,a,4,Does the company publish data on the number of pieces of content it restricted based on the method used to identify the violation?,NA,NA,NA
F,F04a,F04a.05,4,a,5,Does the company publish this data at least four times a year?,NA,NA,NA
F,F04a,F04a.06,4,a,6,Can the data be exported as a structured data file?,NA,NA,NA
F,F04b,F04b.01,4,b,1,Does the company publish data on the total number of accounts restricted for violating the company’s own rules?,NA,NA,NA
F,F04b,F04b.02,4,b,2,Does the company publish data on the number of accounts restricted based on which rule was violated?,NA,NA,NA
F,F04b,F04b.03,4,b,3,Does the company publish data on the number of accounts restricted based on the method used to identify the violation?,NA,NA,NA
F,F04b,F04b.04,4,b,4,Does the company publish this data at least four times a year?,NA,NA,NA
F,F04b,F04b.05,4,b,5,Can the data be exported as a structured data file?,NA,NA,NA
F,F04c,F04c.01,4,c,1,Does the company publish the total number of advertisements it restricted to enforce its advertising content policies?,NA,NA,NA
F,F04c,F04c.02,4,c,2,Does the company publish the number of advertisements it restricted based on which advertising content rule was violated?,NA,NA,NA
F,F04c,F04c.03,4,c,3,Does the company publish the total number of advertisements it restricted to enforce its advertising targeting policies?,NA,NA,NA
F,F04c,F04c.04,4,c,4,Does the company publish the number of advertisements it restricted based on which advertising targeting rule was violated?,NA,NA,NA
F,F04c,F04c.05,4,c,5,Does the company publish this data at least once a year?,NA,NA,NA
F,F04c,F04c.06,4,c,6,Can the data be exported as a structured data file?,NA,NA,NA
F,F05a,F05a.01,5,a,1,Does the company clearly disclose its process for responding to non-judicial government demands?,NA,NA,NA
F,F05a,F05a.02,5,a,2,Does the company clearly disclose its process for responding to court orders?,NA,NA,NA
F,F05a,F05a.03,5,a,3,Does the company clearly disclose its process for responding to government demands from foreign jurisdictions?,NA,NA,NA
F,F05a,F05a.04,5,a,4,Do the company’s explanations clearly disclose the legal basis under which it may comply with government demands?,NA,NA,NA
F,F05a,F05a.05,5,a,5,Does the company clearly disclose that it carries out due diligence on government demands  before deciding how to respond?,NA,NA,NA
F,F05a,F05a.06,5,a,6,Does the company commit to push back on inappropriate or overbroad demands made by governments?,NA,NA,NA
F,F05a,F05a.07,5,a,7,Does the company provide clear guidance or examples of implementation of its process of responding to government demands?,NA,NA,NA
F,F05b,F05b.01,5,b,1,"Does the company clearly disclose its process for responding to requests to remove, filter, or restrict content or accounts made through private processes?",NA,NA,NA
F,F05b,F05b.02,5,b,2,Do the company’s explanations clearly disclose the basis under which it may comply with private requests made through private processes?,NA,NA,NA
F,F05b,F05b.03,5,b,3,Does the company clearly disclose that it carries out due diligence on requests made through private processes before deciding how to respond?,NA,NA,NA
F,F05b,F05b.04,5,b,4,Does the company commit to push back on inappropriate or overbroad requests made through private processes?,NA,NA,NA
F,F05b,F05b.05,5,b,5,Does the company provide clear guidance or examples of implementation of its process of responding to requests made through private processes?,NA,NA,NA
F,F06,F06.01,6,NA,1,Does the company break out the number of demands it receives by country?,NA,NA,NA
F,F06,F06.02,6,NA,2,Does the company list the number of accounts affected?,NA,search,NA
F,F06,F06.03,6,NA,3,Does the company list the number of pieces of content or URLs affected?,NA,messagingVoip,NA
F,F06,F06.04,6,NA,4,Does the company list the types of subject matter associated with the demands  it receives?,NA,NA,NA
F,F06,F06.05,6,NA,5,Does the company list the number of demands that come from different legal authorities?,NA,NA,NA
F,F06,F06.06,6,NA,6,Does the company list the number of demands it knowingly receives from government officials to restrict content or accounts through unofficial processes?,NA,NA,NA
F,F06,F06.07,6,NA,7,Does the company list the number of demands with which it complied?,NA,NA,NA
F,F06,F06.08,6,NA,8,Does the company publish the original demands or disclose that it provides copies to a public third-party archive?,NA,NA,NA
F,F06,F06.09,6,NA,9,Does the company reports this data at least once a year?,NA,NA,NA
F,F06,F06.10,6,NA,10,Can the data be exported as a structured datafile?,NA,NA,NA
F,F07,F07.01,7,NA,1,Does the company break out the number of requests to restrict content or accounts that it receives through private processes?,NA,NA,NA
F,F07,F07.02,7,NA,2,Does the company list the number of accounts affected?,NA,search,NA
F,F07,F07.03,7,NA,3,Does the company list the number of pieces of content or URLs affected?,NA,messagingVoip,NA
F,F07,F07.04,7,NA,4,Does the company list the reasons for removal associated with the requests it receives?,NA,NA,NA
F,F07,F07.05,7,NA,5,Does the company clearly disclose the private processes that made the requests?,NA,NA,NA
F,F07,F07.06,7,NA,6,Does the company list the number of requests it complied with?,NA,NA,NA
F,F07,F07.07,7,NA,7,Does the company publish the original requests or disclose that it provides copies to a public third-party archive?,NA,NA,NA
F,F07,F07.08,7,NA,8,Does the company report this data at least once a year?,NA,NA,NA
F,F07,F07.09,7,NA,9,Can the data be exported as a structured data file?,NA,NA,NA
F,F07,F07.10,7,NA,10,Does the company clearly disclose that its reporting covers all types of requests that it receives through private processes?,NA,NA,NA
F,F08,F08.01,8,NA,1,"If the company hosts user-generated content, does the company clearly disclose that it notifies users who generated the content when it is restricted?",telecom,email | search,NA
F,F08,F08.02,8,NA,2,Does the company clearly disclose that it notifies users who attempt to access content that has been restricted?,NA,email,NA
F,F08,F08.03,8,NA,3,"In its notification, does the company clearly disclose a reason for the content restriction (legal or otherwise)?",NA,email,NA
F,F08,F08.04,8,NA,4,Does the company clearly disclose that it notifies users when it restricts their account?,NA,search,NA
F,F09,F09.01,9,NA,1,"Does the company clearly disclose a policy commitment to not prioritize, block, or delay certain types of traffic, applications, protocols, or content for reasons beyond assuring quality of service and reliability of the network?",NA,NA,NA
F,F09,F09.02,9,NA,2,"Does the company engage in practices, such as offering zero-rating programs, that prioritize network traffic for reasons beyond assuring quality of service and reliability of the network?",NA,NA,NA
F,F09,F09.03,9,NA,3,"If the company does engage in network prioritization practices beyond assuring quality of service and reliability of the network, does it clearly disclose its purpose for doing so?",NA,NA,NA
F,F10,F10.01,10,NA,1,Does the company clearly disclose the reason(s) why it may shut down service to a particular area or group of users?,NA,NA,NA
F,F10,F10.02,10,NA,2,"Does the company clearly disclose why it may restrict access to specific applications or protocols (e.g., VoIP, messaging) in a particular area or to a specific group of users?",NA,NA,NA
F,F10,F10.03,10,NA,3,Does the company clearly disclose its process for responding to government demands to shut down a network or restrict access to a service?,NA,NA,NA
F,F10,F10.04,10,NA,4,Does the company clearly disclose a commitment to push back on government demands to shut down a network or restrict access to a service?,NA,NA,NA
F,F10,F10.05,10,NA,5,Does the company clearly disclose that it notifies users directly when it shuts down a network or restricts access to a service?,NA,NA,NA
F,F10,F10.06,10,NA,6,Does the company clearly disclose the number of network shutdown demands it receives?,NA,NA,NA
F,F10,F10.07,10,NA,7,Does the company clearly disclose the specific legal authority that makes the demands?,NA,NA,NA
F,F10,F10.08,10,NA,8,Does the company clearly disclose the number of government demands with which it complied?,NA,NA,NA
F,F11,F11.01,11,NA,1,"Does the company require users to verify their identity with their government-issued identification, or with other forms of identification that could be connected to their offline identity?",NA,NA,NA
F,F12,F12.01,12,NA,1,"Does the company clearly disclose whether it uses algorithmic systems to curate, recommend, and/or rank the content that users can access through its platform?",NA,NA,NA
F,F12,F12.02,12,NA,2,"Does the company clearly disclose how the algorithmic systems are deployed to curate, recommend, and/or rank content, including the variables that influence these systems?",NA,NA,NA
F,F12,F12.03,12,NA,3,"Does the company clearly disclose what options users have to control the variables that the algorithmic content curation, recommendation, and/or ranking system takes into account?",NA,NA,NA
F,F12,F12.04,12,NA,4,"Does the company clearly disclose whether algorithmic systems are used to automatically curate, recommend, and/or rank content by default?",NA,NA,NA
F,F12,F12.05,12,NA,5,"Does the company clearly disclose that users can opt in to automated content curation, recommendation, and/or ranking systems?",NA,NA,NA
F,F13,F13.01,13,NA,1,Does the company clearly disclose rules governing the use of bots on its platform?,NA,NA,NA
F,F13,F13.02,13,NA,2,"Does the company clearly disclose that it requires users to clearly label all content and accounts that are produced, disseminated or operated with the assistance of a bot?",NA,NA,NA
F,F13,F13.03,13,NA,3,Does the company clearly disclose its process for enforcing its bot policy?,NA,NA,NA
F,F13,F13.04,13,NA,4,Does the company clearly disclose data on the volume and nature of user content and accounts restricted for violating the company’s bot policy?,NA,NA,NA
P,P01a,P01a.01,1,a,1,Are the company’s privacy policies easy to find?,NA,NA,NA
P,P01a,P01a.02,1,a,2,Are the privacy policies available in the primary language(s) spoken by users in the company’s home jurisdiction?,NA,NA,NA
P,P01a,P01a.03,1,a,3,Are the policies presented in an understandable manner?,NA,NA,NA
P,P01a,P01a.04,1,a,4,(For mobile ecosystems): Does the company disclose that it requires apps made available through its app store to provide users with a privacy policy?,telecom,pda | search | email | messagingVoip | cloud | eCommerce | socialNetworkBlogs | photoVideo,NA
P,P01a,P01a.05,1,a,5,(For personal digital assistant ecosystems): Does the company disclose that it requires skills made available through its skill store to provide users with a privacy policy?,telecom,search | email | messagingVoip | cloud | eCommerce | socialNetworkBlogs | photoVideo,NA
P,P01b,P01b.01,1,b,1,Are the company’s algorithmic system development policies easy to find?,NA,NA,NA
P,P01b,P01b.02,1,b,2,Are the algorithmic system development policies available in the primary language(s) spoken by users in the company’s home jurisdiction?,NA,NA,NA
P,P01b,P01b.03,1,b,3,Are the algorithmic system development policies presented in an understandable manner?,NA,NA,NA
P,P02a,P02a.01,2,a,1,Does the company clearly disclose  that it directly notifies users about all changes to its privacy policies?,NA,NA,NA
P,P02a,P02a.02,2,a,2,Does the company clearly disclose how it will directly notify users of changes?,NA,NA,NA
P,P02a,P02a.03,2,a,3,Does the company clearly disclose the timeframe within which it directly notifies users of changes prior to these changes coming into effect?,NA,NA,NA
P,P02a,P02a.04,2,a,4,Does the company maintain a public archive or change log?,NA,NA,NA
P,P02a,P02a.05,2,a,5,(For mobile ecosystems): Does the company clearly disclose that it requires apps sold through its app store to notify users when the app changes its privacy policy?,telecom,pda | search | email | messagingVoip | cloud | eCommerce | socialNetworkBlogs | photoVideo,NA
P,P02a,P02a.06,2,a,6,(For personal digital assistant ecosystems): Does the company clearly disclose that it requires skills sold through its skill store to notify users when the skill changes its privacy policy?,telecom,search | email | messagingVoip | cloud | eCommerce | socialNetworkBlogs | photoVideo,NA
P,P02b,P02b.01,2,b,1,Does the company clearly disclose that it directly notifies users about all changes to its algorithmic system development policies?,NA,NA,NA
P,P02b,P02b.02,2,b,2,Does the company clearly disclose how it will directly notify users of changes?,NA,NA,NA
P,P02b,P02b.03,2,b,3,Does the company clearly disclose the time frame within which it directly notifies users of changes notification prior to these changes coming into effect?,NA,NA,NA
P,P02b,P02b.04,2,b,4,Does the company maintain a public archive or change log?,NA,NA,NA
P,P03a,P03a.01,3,a,1,Does the company clearly disclose what types of user information it collects?,NA,NA,NA
P,P03a,P03a.02,3,a,2,"For each type of user information the company collects, does the company clearly disclose how it collects that user information?",NA,NA,NA
P,P03a,P03a.03,3,a,3,Does the company clearly disclose  that it limits collection of user information to what is directly relevant and necessary to accomplish the purpose of its service?,NA,NA,NA
P,P03a,P03a.04,3,a,4,(For mobile ecosystems): Does the company clearly disclose  that it evaluates whether the privacy policies of third-party apps made available through its app store disclose what user information the apps collect?,telecom,pda | search | email | messagingVoip | cloud | eCommerce | socialNetworkBlogs | photoVideo,NA
P,P03a,P03a.05,3,a,5,(For mobile ecosystems): Does the company clearly disclose  that it evaluates whether third-party apps made available through its app store limit collection of user information to what is directly relevant and necessary to accomplish the purpose of the app?,telecom,pda | search | email | messagingVoip | cloud | eCommerce | socialNetworkBlogs | photoVideo,NA
P,P03a,P03a.06,3,a,6,(For personal digital assistant ecosystems): Does the company clearly disclose that it evaluates whether the privacy policies of third-party skills made available through its skill store disclose what user information the skills collects?,telecom,search | email | messagingVoip | cloud | eCommerce | socialNetworkBlogs | photoVideo,NA
P,P03a,P03a.07,3,a,7,(For personal digital assistant ecosystems): Does the company clearly disclose that it evaluates whether third-party skills made available through its skill store limit collection of user information to what is directly relevant and necessary to accomplish the purpose of the skill?,telecom,search | email | messagingVoip | cloud | eCommerce | socialNetworkBlogs | photoVideo,NA
P,P03b,P03b.01,3,b,1,Does the company clearly disclose all the types of user information it infers on the basis of collected user information?,NA,NA,NA
P,P03b,P03b.02,3,b,2,"For each type of user information the company infers, does the company clearly disclose how it infers that user information?",NA,NA,NA
P,P03b,P03b.03,3,b,3,Does the company clearly disclose that it limits inference of user information to what is directly relevant and necessary to accomplish the purpose of its service?,NA,NA,NA
P,P04,P04.01,4,NA,1,"For each type of user information the company collects, does the company clearly disclose whether it shares that user information?",NA,NA,NA
P,P04,P04.02,4,NA,2,"For each type of user information the company shares, does the company clearly disclose the types of third parties with which it shares that user information?",NA,NA,NA
P,P04,P04.03,4,NA,3,Does the company clearly disclose that it may share user information with government(s) or legal authorities?,NA,NA,NA
P,P04,P04.04,4,NA,4,"For each type of user information the company shares, does the company clearly disclose the names of all third parties with which it shares user information?",NA,NA,NA
P,P04,P04.05,4,NA,5,(For mobile ecosystems): Does the company clearly disclose that it evaluates whether the privacy policies of third party apps made available through its app store disclose what user information the apps share?,telecom,pda | search | email | messagingVoip | cloud | eCommerce | socialNetworkBlogs | photoVideo,NA
P,P04,P04.06,4,NA,6,(For mobile ecosystems): Does the company clearly disclose that it evaluates whether the privacy policies of third party apps made available through its app store disclose the types of third parties with whom they share user information?,telecom,pda | search | email | messagingVoip | cloud | eCommerce | socialNetworkBlogs | photoVideo,NA
P,P04,P04.07,4,NA,7,(For personal digital assistant ecosystems): Does the company clearly disclose that it evaluates whether the privacy policies of third party skills made available through its skill store disclose what user information the skills share?,telecom,search | email | messagingVoip | cloud | eCommerce | socialNetworkBlogs | photoVideo,NA
P,P04,P04.08,4,NA,8,(For personal digital assistant ecosystems): Does the company clearly disclose that it evaluates whether the privacy policies of third party skills made available through its skill store disclose the types of third parties with whom they share user information?,telecom,search | email | messagingVoip | cloud | eCommerce | socialNetworkBlogs | photoVideo,NA
P,P05,P05.01,5,NA,1,"For each type of user information the company collects, does the company clearly disclose its purpose for collection?",NA,NA,NA
P,P05,P05.02,5,NA,2,"For each type of user information the company infers, does the company clearly disclose its purpose for the inference?",NA,NA,NA
P,P05,P05.03,5,NA,3,"Does the company clearly disclose whether it combines user information from various company services and if so, why?",NA,NA,NA
P,P05,P05.04,5,NA,4,"For each type of user information the company shares, does the company clearly disclose its purpose for sharing?",NA,NA,NA
P,P05,P05.05,5,NA,5,Does the company clearly disclose that it limits its use of user information to the purpose for which it was collected or inferred?,NA,NA,NA
P,P06,P06.01,6,NA,1,"For each type of user information the company collects, does the company clearly disclose how long it retains that user information?",NA,NA,NA
P,P06,P06.02,6,NA,2,Does the company clearly disclose what de-identified user information it retains?,NA,NA,NA
P,P06,P06.03,6,NA,3,Does the company clearly disclose the process for de-identifying user information?,NA,NA,NA
P,P06,P06.04,6,NA,4,Does the company clearly disclose that it deletes all user information after users terminate their account?,NA,NA,NA
P,P06,P06.05,6,NA,5,Does the company clearly disclose the time frame in which it will delete user information after users terminate their account?,NA,NA,NA
P,P06,P06.06,6,NA,6,(For mobile ecosystems): Does the company clearly disclose that it evaluates whether the privacy policies of third-party apps made available through its app store disclose how long they retains user information?,telecom,pda | search | email | messagingVoip | cloud | eCommerce | socialNetworkBlogs | photoVideo,NA
P,P06,P06.07,6,NA,7,(For mobile ecosystems): Does the company clearly disclose that it evaluates whether the privacy policies of third-party apps made available through its app store state that all user information is deleted when users terminate their accounts or delete the app?,telecom,pda | search | email | messagingVoip | cloud | eCommerce | socialNetworkBlogs | photoVideo,NA
P,P06,P06.08,6,NA,8,(For personal digital assistant ecosystems): Does the company clearly disclose that it evaluates whether the privacy policies of third-party skills made available through its skill store disclose how long they retain user information?,telecom,search | email | messagingVoip | cloud | eCommerce | socialNetworkBlogs | photoVideo,NA
P,P06,P06.09,6,NA,9,(For personal digital assistant ecosystems): Does the company clearly disclose that it evaluates whether the privacy policies of third-party skills made available through its skill store state that all user information is deleted when users terminate their accounts or delete the skill?,telecom,search | email | messagingVoip | cloud | eCommerce | socialNetworkBlogs | photoVideo,NA
P,P07,P07.01,7,NA,1,"For each type of user information the company collects, does the company clearly disclose whether users can control the company’s collection of this user information?",NA,NA,NA
P,P07,P07.02,7,NA,2,"For each type of user information the company collects, does the company clearly disclose whether users can delete this user information?",NA,NA,NA
P,P07,P07.03,7,NA,3,"For each type of user information the company infers on the basis of collected information, does the company clearly disclose whether users can control if the company can attempt to infer this user information?",NA,NA,NA
P,P07,P07.04,7,NA,4,"For each type of user information the company infers on the basis of collected information, does the company clearly disclose whether users can delete this user information?",NA,NA,NA
P,P07,P07.05,7,NA,5,Does the company clearly disclose that it provides users with options to control how their user information is used for targeted advertising?,NA,NA,NA
P,P07,P07.06,7,NA,6,Does the company clearly disclose that targeted advertising is off by default?,NA,NA,NA
P,P07,P07.07,7,NA,7,Does the company clearly disclose that it provides users with options to control how their user information is used for the development of algorithmic systems?,NA,NA,NA
P,P07,P07.08,7,NA,8,"Does the company clearly disclose whether it uses user information to develop algorithmic systems by default, or not?",NA,NA,NA
P,P07,P07.09,7,NA,9,(For mobile ecosystems and personal digital assistant ecosystems): Does the company clearly disclose that it provides users with options to control the device’s geolocation functions?,telecom,search | email | messagingVoip | cloud | eCommerce | socialNetworkBlogs | photoVideo,NA
P,P08,P08.01,8,NA,1,Does the company clearly disclose that users can obtain a copy of their user information?,NA,NA,NA
P,P08,P08.02,8,NA,2,Does the company clearly disclose what user information users can obtain?,NA,NA,NA
P,P08,P08.03,8,NA,3,Does the company clearly disclose that users can obtain their user information in a structured data format?,NA,NA,NA
P,P08,P08.04,8,NA,4,Does the company clearly disclose that users can obtain all public-facing and private user information a company holds about them?,NA,NA,NA
P,P08,P08.05,8,NA,5,Does the company clearly disclose that users can access the list of advertising audience categories to which the company has assigned them?,NA,NA,NA
P,P08,P08.06,8,NA,6,Does the company clearly disclose that users can obtain all the information that a company has inferred about them?,NA,NA,NA
P,P08,P08.07,8,NA,7,(For mobile ecosystems): Does the company clearly disclose that it evaluates whether the privacy policies of third-party apps made available through its app store disclose that users can obtain all of the user information about them the app holds?,telecom,pda | search | email | messagingVoip | cloud | eCommerce | socialNetworkBlogs | photoVideo,NA
P,P08,P08.08,8,NA,8,(For personal digital assistant ecosystems): Does the company clearly disclose that it evaluates whether the privacy policies of third-party skills made available through its skill store disclose that users can obtain all of the user information about them the skill holds?,telecom,search | email | messagingVoip | cloud | eCommerce | socialNetworkBlogs | photoVideo,NA
P,P09,P09.01,9,NA,1,(For digital platforms) Does the company clearly disclose what user information it collects from third-party websites through technical means?,telecom,NA,NA
P,P09,P09.02,9,NA,2,(For digital platforms) Does the company clearly explain how it collects user information from third parties through technical means?,telecom,NA,NA
P,P09,P09.03,9,NA,3,(For digital platforms) Does the company clearly disclose its purpose for collecting user information from third parties through technical means?,telecom,NA,NA
P,P09,P09.04,9,NA,4,(For digital platforms) Does the company clearly disclose how long it retains the user information it collects from third parties through technical means?,telecom,NA,NA
P,P09,P09.05,9,NA,5,(For digital platforms) Does the company clearly disclose that it respects user-generated signals to opt-out of data collection?,telecom,NA,NA
P,P09,P09.06,9,NA,6,Does the company clearly disclose what user information it collects from third-parties through non-technical means?,NA,NA,NA
P,P09,P09.07,9,NA,7,Does the company clearly explain how it collects user information from third parties through non-technical means?,NA,NA,NA
P,P09,P09.08,9,NA,8,Does the company clearly disclose its purpose for collecting user information from third parties through non-technical means?,NA,NA,NA
P,P09,P09.09,9,NA,9,Does the company clearly disclose how long it retains the user information it collects from third parties through non-technical means?,NA,NA,NA
P,P10a,P10a.01,10,a,1,Does the company clearly disclose its process for responding to non-judicial government demands?,NA,NA,NA
P,P10a,P10a.02,10,a,2,Does the company clearly disclose its process for responding to court orders?,NA,NA,NA
P,P10a,P10a.03,10,a,3,Does the company clearly disclose its process for responding to government demands from foreign jurisdictions?,NA,NA,NA
P,P10a,P10a.04,10,a,4,Do the company’s explanations clearly disclose the legal basis under which it may comply with government demands?,NA,NA,NA
P,P10a,P10a.05,10,a,5,Does the company clearly disclose that it carries out due diligence on government demands before deciding how to respond?,NA,NA,NA
P,P10a,P10a.06,10,a,6,Does the company commit to push back on inappropriate or overbroad government demands?,NA,NA,NA
P,P10a,P10a.07,10,a,7,Does the company provide clear guidance or examples of implementation of its process for government demands?,NA,NA,NA
P,P10b,P10b.01,10,b,1,Does the company clearly disclose its process for responding to requests made through private processes?,NA,NA,NA
P,P10b,P10b.02,10,b,2,Do the company’s explanations clearly disclose the basis under which it may comply with requests made through private processes?,NA,NA,NA
P,P10b,P10b.03,10,b,3,Does the company clearly disclose that it carries out due diligence on requests made through private processes before deciding how to respond?,NA,NA,NA
P,P10b,P10b.04,10,b,4,Does the company commit to push back on inappropriate or overbroad requests made through private processes?,NA,NA,NA
P,P10b,P10b.05,10,b,5,Does the company provide clear guidance or examples of implementation of its process of responding to requests made through private processes?,NA,NA,NA
P,P11a,P11a.01,11,a,1,Does the company list the number of government demands it receives by country?,NA,NA,NA
P,P11a,P11a.02,11,a,2,Does the company list the number of government demands it receives for stored user information and for real-time communications access?,NA,NA,NA
P,P11a,P11a.03,11,a,3,Does the company list the number of accounts affected?,NA,NA,NA
P,P11a,P11a.04,11,a,4,Does the company list whether a demand sought communications content or non-content or both?,NA,NA,NA
P,P11a,P11a.05,11,a,5,Does the company identify the specific legal authority or type of legal process through which law enforcement and national security demands are made?,NA,NA,NA
P,P11a,P11a.06,11,a,6,Does the company include government demands that come from court orders?,NA,NA,NA
P,P11a,P11a.07,11,a,7,"Does the company list the number of government demands it complied with, broken down by category of demand?",NA,NA,NA
P,P11a,P11a.08,11,a,8,Does the company list what types of government demands it is prohibited by law from disclosing?,NA,NA,NA
P,P11a,P11a.09,11,a,9,Does the company report this data at least once per year?,NA,NA,NA
P,P11a,P11a.10,11,a,10,Can the data reported by the company be exported as a structured data file?,NA,NA,NA
P,P11b,P11b.01,11,b,1,Does the company list the number of requests it receives for user information that come through private processes?,NA,NA,NA
P,P11b,P11b.02,11,b,2,Does the company list the number of requests for user information that come through private processes with which it complied?,NA,NA,NA
P,P11b,P11b.03,11,b,3,Does the company report this data at least once per year?,NA,NA,NA
P,P11b,P11b.04,11,b,4,Can the data reported by the company be exported as a structured data file?,NA,NA,NA
P,P12,P12.01,12,NA,1,Does the company clearly disclose that it notifies users when government entities (including courts or other judicial bodies) request their user information?,NA,NA,NA
P,P12,P12.02,12,NA,2,Does the company clearly disclose that it notifies users when they receive requests their user information through private processes?,NA,NA,NA
P,P12,P12.03,12,NA,3,"Does the company clearly disclose situations when it might not notify users, including a description of the types of government requests it is prohibited by law from disclosing to users?",NA,NA,NA
P,P13,P13.01,13,NA,1,Does the company clearly disclose that it has systems in place to limit and monitor employee access to user information?,NA,NA,NA
P,P13,P13.02,13,NA,2,Does the company clearly disclose that it has a security team that conducts security audits on the company’s products and services?,NA,NA,NA
P,P13,P13.03,13,NA,3,Does the company clearly disclose that it commissions third-party security audits on its products and services?,NA,NA,NA
P,P14,P14.01,14,NA,1,Does the company clearly disclose that it has a mechanism through which security researchers can submit vulnerabilities they discover?,NA,NA,NA
P,P14,P14.02,14,NA,2,Does the company clearly disclose the timeframe in which it will review reports of vulnerabilities?,NA,NA,NA
P,P14,P14.03,14,NA,3,Does the company commit not to pursue legal action against researchers who report vulnerabilities within the terms of the company’s reporting mechanism?,NA,NA,NA
P,P14,P14.04,14,NA,4,"(For mobile ecosystems and personal digital assistant ecosystems) Does the company clearly disclose that software updates, security patches, add-ons, or extensions are downloaded over an encrypted channel?",telecom,search | email | messagingVoip | cloud | eCommerce | socialNetworkBlogs | photoVideo,NA
P,P14,P14.05,14,NA,5,"(For mobile ecosystems and telecommunications companies) Does the company clearly disclose what, if any, modifications it has made to a mobile operating system?",NA,broadband | search | email | messagingVoip | cloud | eCommerce | pda | socialNetworkBlogs | photoVideo,NA
P,P14,P14.06,14,NA,6,"(For mobile ecosystems, personal digital assistant ecosystems, and telecommunications companies) Does the company clearly disclose what, if any, effect such modifications have on the company’s ability to send security updates to users?",NA,broadband | search | email | messagingVoip | cloud | eCommerce | socialNetworkBlogs | photoVideo,NA
P,P14,P14.07,14,NA,7,(For mobile ecosystems and personal digital assistant ecosystems) Does the company clearly disclose the date through which it will continue to provide security updates for the device/OS?,telecom,search | email | messagingVoip | cloud | eCommerce | socialNetworkBlogs | photoVideo,NA
P,P14,P14.08,14,NA,8,(For mobile ecosystems and personal digital assistant ecosystems) Does the company commit to provide security updates for the operating system and other critical software for a minimum of five years after release?,telecom,search | email | messagingVoip | cloud | eCommerce | socialNetworkBlogs | photoVideo,NA
P,P14,P14.09,14,NA,9,"(For mobile ecosystems, personal digital assistant ecosystems, and telecommunications companies) If the company uses an operating system adapted from an existing system, does the company commit to provide security patches within one month of a vulnerability being announced to the public?",NA,broadband | search | email | messagingVoip | cloud | eCommerce | socialNetworkBlogs | photoVideo,NA
P,P14,P14.10,14,NA,10,"(For personal digital assistant ecosystems): Does the company clearly disclose what, if any, modifications it has made to a personal digital assistant operating system?",telecom,search | email | messagingVoip | cloud | eCommerce | socialNetworkBlogs | photoVideo,NA
P,P14,P14.11,14,NA,11,"(For personal digital assistant ecosystems): Does the company clearly disclose what, if any, effect such modifications have on the company’s ability to send security updates to users?",telecom,search | email | messagingVoip | cloud | eCommerce | socialNetworkBlogs | photoVideo,NA
P,P15,P15.01,15,NA,1,Does the company clearly disclose that it will notify the relevant authorities without undue delay when a data breach occurs?,NA,NA,NA
P,P15,P15.02,15,NA,2,Does the company clearly disclose its process for notifying data subjects who might be affected by a data breach?,NA,NA,NA
P,P15,P15.03,15,NA,3,Does the company clearly disclose what kinds of steps it will take to address the impact of a data breach on its users?,NA,NA,NA
P,P16,P16.01,16,NA,1,Does the company clearly disclose that the transmission of user communications is encrypted by default?,NA,NA,NA
P,P16,P16.02,16,NA,2,Does the company clearly disclose that transmissions of user communications are encrypted using unique keys?,NA,NA,NA
P,P16,P16.03,16,NA,3,"Does the company clearly disclose that users can secure their private content using end-to-end encryption, or full-disk encryption (where applicable)?",NA,NA,NA
P,P16,P16.04,16,NA,4,"Does the company clearly disclose that end-to-end encryption, or full-disk encryption, is enabled by default?",NA,NA,NA
P,P17,P17.01,17,NA,1,Does the company clearly disclose that it deploys advanced authentication methods to prevent fraudulent access?,NA,NA,NA
P,P17,P17.02,17,NA,2,Does the company clearly disclose that users can view their recent account activity?,NA,NA,NA
P,P17,P17.03,17,NA,3,Does the company clearly disclose that it notifies users about unusual account activity and possible unauthorized access to their accounts?,NA,NA,NA
P,P18,P18.01,18,NA,1,Does the company publish practical materials that educate users on how to protect themselves from cybersecurity risks relevant to their products or services?,NA,NA,NA
