﻿SourceNr,DocumentTitle,URL,DocumentDate,DateAccessed
1,Sustainable Business Report 2019,https://www.vodafone.com/content/dam/vodcom/sustainability/pdfs/sustainablebusiness2019.pdf,Undated,2020-05-26
2,Human Rights Policy Statement 2019,https://www.vodafone.com/content/dam/vodcom/sustainability/pdfs/vodafone-group-human-rights-policy-statement-december-2019.pdf,2019-12-12,2020-05-26
3,Digital Rights and Freedoms Reporting Centre,https://www.vodafone.com/our-purpose/operating-responsibly/human-rights/digital-rights-and-freedoms,Undated,2020-05-26
4,Freedom of Expression and Network Censorship,https://www.vodafone.com/content/dam/vodafone-images/sustainability/drf/pdf/vodafone_drf_freedom_expression_network_censorship.pdf,Undated,2020-05-26
5,Customer Privacy,https://www.vodafone.com/content/dam/vodcom/sustainability/pdfs/vodafone_drf_customer_privacy.pdf,Undated,2020-05-26
6,Artificial Intelligence Framework,https://www.vodafone.com/what-we-do/public-policy/policy-positions/artificial-intelligence-framework,2019,2020-05-27
7,Matters Reserved for the Vodafone Group Plc Board,https://www.vodafone.com/content/dam/vodcom/files/board/Matters-Reserved-for-the-Board-March-2016.pdf,2016-03-01,2020-05-30
8,Vodafone Code of Conduct,https://www.vodafone.com/content/dam/vodcom/files/conduct/170518_VF_Code_Of_Conduct_EXTERNAL_Global_ID.PDF,Undated,2020-05-30
9,Vodafone Group Privacy Policy,https://www.vodafone.com/about/privacy-centre/our-privacy-policy,2018-05-22,2020-06-01
10,Vodafone UK Privacy Policy,https://www.vodafone.co.uk/privacy#/privacy-policy,2019-11-12,2020-06-01
11,Vodafone mobile privacy policy supplement,https://www.vodafone.co.uk/privacy/mobile-devices,Undated,2020-06-02
12,Vodafone broadband privacy policy supplement,https://www.vodafone.co.uk/privacy/home-broadband-and-phone,2020-02-17,2020-06-02
13,Vodafone Data Retention Schedule,https://www.vodafone.co.uk/cs/groups/public/documents/document/vfcon093713.pdf,2018-11-01,2020-06-04
14,Vodafone UK Cookie Policy,https://www.vodafone.co.uk/privacy#cookie-policy,Undated,2020-06-06
15,Guidance notes for Subject Access Requests,https://www.vodafone.co.uk/cs/groups/configfiles/documents/contentdocuments/vftst042750.pdf,Undated,2020-06-06
16,Law Enforcement Disclosure Statement,https://www.vodafone.com/content/dam/vodcom/sustainability/pdfs/vodafone_drf_law_enforcement_disclosure_statement.pdf,Undated,2020-06-06
17,Law Enforcement Disclosure Report 2015,https://www.vodafone.com/content/dam/vodcom/sustainability/pdfs/vodafone_law_enforcement_disclosure_report_2015-4.pdf,2015,2020-06-06
18,Legal Annexe: Overview of legal powers 2016,https://www.vodafone.com/content/dam/vodcom/sustainability/pdfs/vodafone_drf_law_enforcement_disclosure_legal_annexe_2016.pdf,2016,2020-06-06
19,Vodafone Artificial Intelligence Framework PDF report,https://www.vodafone.com/content/dam/vodcom/images/public-policy/artificial-intelligence-framework/55678_Vodafone_AI_Framework_AW1_V3.pdf,2019,2020-06-06
20,Vodafone mobile Acceptable Use Policy,https://www.vodafone.co.uk/cs/groups/configfiles/documents/contentdocuments/vfcon058965.pdf,2019-07-10,2020-06-07
21,Vodafone Pay as you go Terms and Charges 2020,https://www.vodafone.co.uk/cs/groups/public/documents/webcontent/payg-terms-simply-april-2020.pdf,2020-04-01,2020-06-07
22,Vodafone Pay monthly Charges Guide 2019,https://www.vodafone.co.uk/cs/groups/configfiles/documents/document/vfcon072758.pdf,2019-07-01,2020-06-07
23,Vodafone Home Broadband and Phone Terms and Conditions,https://www.vodafone.co.uk/terms-and-conditions/index.htm,2019-07-01,2020-06-07
24,Vodafone Broadband and Home Phone Acceptable Usage Policy,https://www.vodafone.co.uk/cs/groups/public/documents/webcontent/vfcon087797.pdf,2018-01-11,2020-06-07
25,Vodafone UK Pay as you go,https://www.vodafone.co.uk/mobile/best-sim-only-deals/pay-as-you-go-sim,Undated,2020-06-07
26,Traffic Management Key Facts Indicator document for all mobile plans,https://www.vodafone.co.uk/cs/groups/public/documents/webcontent/pdf_phone_and_simo.pdf,Undated,2020-06-08
27,Traffic Management Key Facts Indicator document for broadband,https://www.vodafone.co.uk/cs/groups/public/documents/webcontent/pdf_broadband_and_talk.pdf,Undated,2020-06-08
28,Vodafone Passes Terms and Conditions,https://www.vodafone.co.uk/terms-and-conditions/consumer/vodafone-passes/Vodafone-passes/index.htm,2019-01-01,2020-06-08
29,Country by Country Disclosure of Law Enforcement Assistance Demands 2016-17,https://www.vodafone.com/content/dam/vodcom/sustainability/pdfs/vodafone_drf_law_enforcement_disclosure_country_demands_2016-7.pdf,2018,2020-06-08
30,Reporting Vulnerabilities,https://www.vodafone.com/report-a-vulnerability,Undated,2020-06-09
31,Vodafone Group FAQs on Privacy and Security,https://www.vodafone.com/content/dam/vodcom/sustainability/pdfs/VodafoneGroupFAQsonPrivacyandSecurity_December2017.pdf,2017-12-01,2020-06-09
32,Reporting suspected fraud and staying safe,https://www.vodafone.co.uk/privacy/protecting-you,Undated,2020-06-09
33,The GNI Principles at Work: Public Report on the Third Cycle of Independent Assessments of GNI Company Members 2018/2019,https://globalnetworkinitiative.org/wp-content/uploads/2020/04/2018-2019-PAR.pdf,2020-04-01,2020-06-09
34,Complain to Vodafone,https://www.vodafone.co.uk/help-and-information/complaints,Undated,2020-06-09
35,Vodafone UK Customer Complaints Code,https://www.vodafone.co.uk/help-and-information/complaints/code-of-practice,Undated,2020-06-09
36,Customer protection - Keeping children safe,https://www.vodafone.co.uk/our-responsibilities/protecting-our-customers/customer-protection/,Undated,2020-06-10
37,Respecting the Digital Rights of the Child,https://www.vodafone.com/content/dam/vodcom/sustainability/pdfs/vodafone_drf_digital_rights_child.pdf,Undated,2020-06-10
38,Managed Messaging SMS Service,https://www.vodafone.com/business/solutions/mobile-communications/voice-and-data/managed-messaging,Undated,2020-07-20
39,Vodafone 2017 Sustainability Report,http://www.vodafone.com/content/dam/vodafone-images/sustainability/downloads/sustainablebusiness2017.pdf,2017,2020-06-17
40,Vodafone Business Acceptable Use Policy,https://www.vodafone.com/business/AcceptableUsePolicy,2016-02-01,2020-07-28
41,Vodafone Customer Security Page,https://www.vodafone.com/business/customer-security,Undated,2020-10-14
