﻿SourceNr,DocumentTitle,URL,DocumentDate,DateAccessed
1,Celcom Xpax Prepaid General Terms and Conditions,https://www.celcom.com.my/legal/terms-and-conditions/personal,Undated,2020-06-15
2,Celcom Mobile Postpaid Plans,https://www.celcom.com.my/legal/terms-and-conditions/personal,Undated,2020-06-16
4,Celcom First Wifi General ToS,https://www.celcom.com.my/legal/terms-and-conditions/personal,Undated,2020-06-16
5,Celcom Broadband Celcom Home Fiber,https://www.celcom.com.my/legal/terms-and-conditions/personal,Undated,2020-06-16
6,Celcom Fair Use Policy,https://www.celcom.com.my/legal/fair-usage-policy,Undated,2020-06-16
7,Celcom Web Usage Terms of Service,https://www.celcom.com.my/legal/terms-and-conditions/general,Undated,2020-06-16
8,Celcom FAQ Service Registration,https://www.celcom.com.my/support/faq/general,Undated,2020-06-16
9,Celcom Privacy Policy,https://www.celcom.com.my/sites/default/files/pdf/celcom_privacy_notice.pdf,2019-07-23,2020-06-16
12,Axiata Supplier Code of Conduct,https://www.axiata.com/files/upload/corporate/supplier_code_of_conduct.pdf,Undated,2020-06-16
13,Deloitte Becomes Accredited GNI Assessor,https://globalnetworkinitiative.org/deloitte-becomes-accredited-gni-assessor/,2010-03-08,2020-06-16
14,The Ten Principles of the UN Global Compact,https://www.unglobalcompact.org/what-is-gc/mission/principles,Undated,2020-06-16
15,Axiata Corporate Governance Report 2018,https://axiata.com/files/upload/corporate/Corporate_Governance_Report.pdf,2018-12-31,2020-06-16
16,Board of Directors Code of Conduct and Ethics,https://www.axiata.com/files/upload/corporate/Board_Code_of_Conduct_and_Ethics.pdf,February 2018,2020-06-16
17,Axiata Intergrated Annual Report 2019,https://www.axiata.com/investors/2019/pdf/axiata-iar_full-report.pdf,2019,2020-06-16
18,Axiata Sustainability and National Contribution Report 2019,https://www.axiata.com/investors/2019/sustainability-report.html,2019,2020-06-16
19,Axiata Group website privacy policy,https://www.axiata.com/privacy-policy,Undated,2020-06-16
20,Celecom privacy notice - our commitment,https://www.celcom.com.my/legal/privacy-matters,Undated,2020-06-16
21,Celecom privacy notice - our approach,https://www.celcom.com.my/legal/privacy-matters,Undated,2020-06-16
22,Contact us,https://www.celcom.com.my/legal/privacy-matters,Undated,2020-06-16
23,Specific Terms and Conditions for Location Based Advertising,https://www.celcom.com.my/legal/terms-and-conditions/business#business-solutions,2018-10-03,2020-06-24
24,General Terms and Conditions for Enterprise Services,https://www.celcom.com.my/legal/terms-and-conditions/business#business-solutions,2018-10-03,2020-06-24
25,Group Management Team: Abid Adam,https://www.axiata.com/our-business/group-management-team,Undated,2020-07-02
26,Cybersecurity Advisory,https://www.axiata.com/our-business/cyber-security-advisory,Undated,2020-07-07
27,Online Threats? Here's How to Keep Your Mobile Devices Safe,https://www.celcom.com.my/support/tips-and-tricks/2020/how-to-keep-your-mobile-devices-safe,2020-01-25,2020-07-07
28,WHISTLEBLOWING @ SPEAK UP,https://www.celcom.com.my/legal/speak-up,Undated,2020-09-15
29,Axiata's Speak Up site,https://wrs.expolink.co.uk/axiata,Undated,2020-09-15
