﻿SourceNr,DocumentTitle,URL,DocumentDate,DateAccessed
1,Privacy Policy (Russian),https://yandex.ru/legal/confidential/,2019-08-15,2020-05-27
2,Privacy Policy (English),https://yandex.ru/legal/confidential/?lang=en,2019-08-15,2020-05-27
3,Ads Settings,https://yandex.ru/tune/adv,Undated,2020-06-05
4,Cookie Settings,https://yandex.ru/support/common/browsers-settings/browsers-cookies.html,Undated,2020-06-05
5,Code of Business Ethics and Conduct,https://yandex.gcs-web.com/static-files/9d3e974c-22ed-4fcc-a41d-1ca956cfc5e4,2020-03-10,2020-06-07
6,Bug Bounty Program,https://yandex.ru/bugbounty/,Undated,2020-06-07
7,Bug Bounty Program FAQ,https://yandex.ru/support/bugbounty/,Undated,2020-06-07
8,What HTTPS Protocol Is and How It Protects You Online,https://yandex.ru/blog/company/77455,2014-03-12,2020-06-07
9,User Agreement for Yandex Services (Russian),https://yandex.ru/legal/rules/?lang=ru,2020-06-04,2020-06-05
10,User Agreement for Yandex Services (English),https://yandex.ru/legal/rules/?lang=en,2019-07-18,2020-06-05
11,Operations History,https://yandex.ru/blog/disk/4414,2016-01-15,2020-06-07
12,Protection of Your Account,https://yandex.ru/support/passport/security.html,Undated,2020-06-07
13,Safety in Mail: Protect Your Inbox,https://yandex.ru/support/mail/web/security/protect-by-myself.html,Undated,2020-06-07
14,Check at the Entrance,https://yandex.ru/support/passport/security/login-challenge.html,Undated,2020-06-07
15,Safety on the Internet,https://yandex.ru/support/common/security/web-security.html,Undated,2020-06-07
16,Safety on Disk,https://yandex.ru/support/disk/security.html,Undated,2020-06-07
17,Yandex Resources on Internet Safety,https://yandex.ru/support/common/security/security-intro.html,Undated,2020-06-07
18,Does Yandex Have Media Influence?,https://yandex.ru/company/rules/media/,Undated,2020-06-07
19,Mission,https://yandex.ru/company/main,Undated,2020-05-27
20,Limitations on the Rights of Anonymous Content,https://yandex.ru/company/rules/anonymous_content/,Undated,2020-06-07
21,Annual Report 2017,https://cache-man01i.cdn.yandex.net/download.cdn.yandex.net/company/annual_2017.pdf,Undated,2020-06-07
22,Annual Report 2016,http://cache-man01i.cdn.yandex.net/download.cdn.yandex.net/company/annual_2016.pdf,Undated,2020-06-07
23,The Official Position of Yandex on Yarovaya's Law,https://www.searchengines.ru/ofitsialnaya-pozitsiya-yandeksa-i-raek.html,2016-06-22,2020-06-07
24,Website In Search Contains My Personal Data,https://yandex.ru/support/abuse/troubleshooting/search/personal.html,Undated,2020-06-07
25,User Agreement for Yandex Services (Russian),https://yandex.ru/legal/rules/?lang=ru,2020-06-04,2020-06-05
26,User Agreement for Yandex Services (English),https://yandex.com/legal/rules/?lang=en,2019-07-18,2020-06-05
27,Yandex Mail Registration Page,https://passport.yandex.ru/registration?mode=register,Undated,2020-06-05
28,License to Use Yandex Search Engine (Russian),https://yandex.ru/legal/termsofuse/?lang=ru,2019-08-30,2020-06-05
29,License to Use Yandex Search Engine (English),https://yandex.ru/legal/termsofuse/?lang=en,2019-02-14,2020-06-05
30,Terms of Use of Yandex.Disk Service (Russian),https://yandex.ru/legal/disk_termsofuse/?lang=ru,2020-06-15,2020-06-05
31,Terms of Use of Yandex.Disk Service (English),https://yandex.ru/legal/disk_termsofuse/?lang=en,2020-04-24,2020-06-05
32,Copyright Infringement Policy,https://yandex.ru/support/legal/copyright/,2012-12-12,2020-06-07
33,Complain about Website Appearing as Search Result,https://yandex.ru/support/abuse/troubleshooting/search/main.html#main,Undated,2020-06-07
34,Report a Violation on Yandex Disk,https://yandex.ru/support/abuse/troubleshooting/disk/list.html,Undated,2020-06-07
35,On the Responsibilities of Users and Complaints about Content,https://yandex.ru/support/common/support/complaints-about.html,Undated,2020-06-07
36,Right to Be Forgotten Requests,https://yandex.ru/support/abuse/troubleshooting/oblivion.html,Undated,2020-06-07
37,On the Application of the Right to Be Forgotten Law,https://yandex.ru/blog/company/o-primenenii-zakona-o-prave-na-zabvenie,2016-03-25,2020-06-07
38,Your privacy,https://yandex.ru/company/privacy,Undated,2020-06-05
40,About (Yandex Mission),https://yandex.com/company/general_info/yandex_today,Undated,2020-05-27
41,Complaints Hotline,https://yandex.alertline.eu/gcs/welcome,Undated,2020-06-07
42,Principles of Yandex Search Ranking,https://yandex.ru/company/rules/ranking,Undated,2020-06-05
43,Technologies,https://yandex.ru/company/technologies,Undated,2020-06-05
44,Ranking and Machine Learning,https://yandex.ru/company/technologies/learning/,Undated,2020-06-05
45,General Terms and Conditions. Advertising Requirements,https://yandex.ru/legal/general_adv_rules/?lang=ru,2017-09-25,2020-06-05
46,Advertising Requirements (YandexMarket_English),https://yandex.ru/legal/market_adv_rules/,2020-04-01,2020-06-05
47,Advertising Requirements (YandexMarket_Russian),https://yandex.ru/legal/market_adv_rules/?lang=ru,2020-04-01,2020-06-05
48,Audience: Terms of Service (English),https://yandex.com/legal/audience_tos_ch/?lang=en,2018-05-25,2020-06-05
49,Audience: Terms of Service (Russian),https://yandex.ru/legal/audience_tos/,2018-05-25,2020-06-05
50,Advertising Terms of Placement. Advertising Requirements (Russian),https://yandex.ru/legal/adv_rules/,2020-04-24,2020-06-05
51,Yandex Terms of Service,https://yandex.com/legal/termsofservice/,2020-02-28,2020-06-05
52,Audience Data Processing Agreement (English),https://yandex.com/legal/audience_dpa_ch/,2018-05-25,2020-06-07
53,Support/Audience Segment Creation,https://yandex.ru/support/audience/segments/create-from-file.html,Undated,2020-06-07
54,Annual Report 2019,https://company-docs.s3.yandex.net/prospectus/annual_2019.pdf,2020-04-02,2020-06-07
55,Public Interest Committee (Board of Directors) Charter,https://yandex.gcs-web.com/static-files/2aa83062-ab9a-401c-8043-6b78b54fca85,2019-12-23,2020-06-07
56,Yandex on the Sovereign Internet Bill,https://yandex.ru/company/services_news/2019/2019-01-17,2019-01-17,2020-06-07
57,On the Situation Around Blockings,https://yandex.ru/blog/company/o-situatsii-s-blokirovkami,2018-04-27,2020-06-07
58,Personal Data Archive,https://yandex.com/support/passport/getdata.html,Undated,2020-06-07
59,Company News Cyber Attack,https://yandex.com/company/press_center/press_releases/2019/2019-06-27-1,2019-06-27,2020-06-07
