﻿SourceNr,DocumentTitle,URL,DocumentDate,DateAccessed
1,Daum 서비스 약관 [ToS],http://policy.daum.net/info/info?type=daum,2019-03-31,2020-06-09
2,Daum 운영정책 [Operation Policy],http://policy.daum.net/operation_policy/operation_policy,Undated,2020-06-09
3,Kakao 통합 약관 [Comprehensive ToS],https://www.kakao.com/policy/kakaoTerms?type=t&version=simple&lang=ko,2019-09-06,2020-06-09
NA,Kakao Comprehensive ToS (English),https://www.kakao.com/policy/kakaoTerms?lang=en,2019-09-06,2020-06-09
4,Kakao 서비스 약관 [ToS],http://www.kakao.com/policy/kakaoTerms?type=s&version=simple&lang=ko,2019-09-06,2020-06-01
NA,Kakao ToS (Eng),http://www.kakao.com/policy/kakaoTerms?type=s&version=simple&lang=en,2019-09-06,2020-06-01
5,Kakao 운영정책 [Operation Policy],https://www.kakao.com/policy/oppolicy?lang=ko,Undated,2020-06-09
NA,Kakao Operation Policy (English),https://www.kakao.com/policy/oppolicy?lang=en,Undated,2020-06-09
6,Daum 개인정보처리방침 [Privacy Policy],http://policy.daum.net/info_protection/info_protection?type=daum,2020-04-22,2020-05-28
7,Kakao 개인정보 처리방침 [Privacy Policy],http://www.kakao.com/policy/privacy?lang=ko,2020-04-22,2020-05-28
NA,Kakao Privacy Policy (Eng),http://www.kakao.com/policy/privacy?lang=en,2020-04-22,2020-05-28
8,Kakao 프라이버시 철학,https://privacy.kakao.com/protect/philosophy,Undated,2020-05-27
NA,Kakao Privacy Philosophy,https://privacy.kakao.com/protect/philosophy?lang=en,Undated,2020-05-27
9,kakao FAQ_2-step verification,https://cs.kakao.com/helps?articleId=1073195564&service=52&category=559&device=2025&locale=ko,Undated,2020-06-12
NA,kakao FAQ_2-step verification,https://cs.kakao.com/helps?articleId=1073195690&service=52&category=561&device=2040&locale=en,Undated,2020-06-12
10,프라이버시 정책 자문위원회,https://privacy.kakao.com/protect/commission,Undated,2020-06-10
NA,Privacy Policy Advisory Committee,https://privacy.kakao.com/protect/commission?lang=en,Undated,2020-06-10
11,프라이버시 보호 노력,https://privacy.kakao.com/protect/protection,Undated,2020-06-10
NA,Privacy Protection Measures,https://privacy.kakao.com/protect/protection?lang=en,Undated,2020-06-10
12,KISO 소개 브로셔,https://www.kiso.or.kr/wp-content/uploads/2020/01/1901107_KISO-%EC%86%8C%EA%B0%9C%EC%9E%90%EB%A3%8C%EA%B5%AD%EB%AC%B8.pdf,2019-11-07,2020-06-10
NA,KISO Brocchure,https://www.kiso.or.kr/wp-content/uploads/2019/03/190326-KISO-%EC%86%8C%EA%B0%9C%EC%9E%90%EB%A3%8C%EC%98%81%EB%AC%B8.pdf,2019-03-26,2020-06-10
13,Kakao 고객센터,https://cs.kakao.com/,Undated,2020-06-10
NA,Kakao Customer Service,https://cs.kakao.com/,Undated,2020-06-10
14,KakaoTalk 문의하기,https://cs.kakao.com/requests?locale=ko&service=8,Undated,2020-06-10
NA,KakaoTalk Question,https://cs.kakao.com/requests?locale=en&service=8,Undated,2020-06-10
15,Daum 고객센터 (Customer Service),http://cs.daum.net/,Undated,2020-06-10
16,Daum Search 문의하기 (Question_Customer Service),https://cs.daum.net/question/15.html,Undated,2020-06-10
17,Daum Mail 문의하기 (Question_Customer Service),https://cs.daum.net/question/43.html,Undated,2020-06-10
18,kakao 권리침해신고 안내 (Report Rights Infringement),http://www.kakao.com/policy/right,Undated,2020-06-09
19,Daum 명예훼손 신고 처리 절차 (Defamation Report Handling Process),https://cs.daum.net/redbell/right/libelProcess.html,Undated,2020-06-09
20,Daum 저작권 침해 처리절차 (Copyright Infringement Handling Process),https://cs.daum.net/redbell/right/copyrightProcess.html,Undated,2020-06-10
21,Daum 명예훼손 복원 신청 처리 절차 안내 (Repost Request Procedure_Defamation),https://cs.daum.net/redbell/right/libelRestore.html,Undated,2020-06-10
22,Daum 저작권 침해 복원신청 처리절차 안내 (Repost Request Procedure_Copyright Infringement Post),https://cs.daum.net/redbell/right/copyrightRestore.html,Undated,2020-06-10
23,Kakao 투명성보고서 (이용자권리보호),https://clean.kakao.com/transparence/report,Undated,2020-06-01
NA,Kakao Transparency Report (Protection of Users' Rights),https://clean.kakao.com/transparence/en/report,Undated,2020-06-01
24,Kakao 투명성 보고서 (이용자 정보),https://privacy.kakao.com/transparency/report,Undated,2020-05-28
NA,Kakao Transparency Report (User Information),https://privacy.kakao.com/transparency/report?lang=en,Undated,2020-05-28
25,카카오 공지사항 (약관변경 등),http://www.kakao.com/notices,Undated,2020-06-09
26,카카오 개인정보 처리절차 안내,https://privacy.kakao.com/center/process,Undated,2020-05-28
NA,Personal Data Processing Procedures,https://privacy.kakao.com/center/process?lang=en,Undated,2020-05-28
27,Daum 개인정보수집항목 (Personal Information Collection Items),http://policy.daum.net/info_protection/popup/info_collect_190528,Undated,2020-05-28
28,Kakao 별도 수집 개인정보 항목 (Other personal information items),http://www.kakao.com/policy/privacyPolicy/collectSeparately?type=kakao&lang=en,Undated,2020-05-28
29,kakao 개인정보 제3자 제공 현황,http://www.kakao.com/accountLogin?lang=ko,Undated,2020-05-28
NA,Kakao The status of the provision of personal information,http://www.kakao.com/accountLogin?lang=en,Undated,2020-05-28
30,Daum 개인정보 제공 내역 (The status of the provision of personal information),http://policy.daum.net/info_protection/popup/info_provide_service,Undated,2020-05-28
31,Kakao 맞춤형광고 (Targeted Advertising),https://info.ad.daum.net/optout.do,Undated,2020-06-01
32,정보보호 인증 (Information Security Certifications),https://privacy.kakao.com/protect/certification,Undated,2020-06-12
NA,Information Security Certifications,https://privacy.kakao.com/protect/certification?lang=en,Undated,2020-06-12
33,보안(Security)_Kakao Developers,https://developers.kakao.com/terms/latest/ko/security,Undated,2020-06-12
34,"Daum FAQ _ HTTS, SSL, TLS",https://cs.daum.net/faq/43/18760.html#36395,Undated,2020-06-12
35,Daum FAQ _ 2 step verification,https://cs.daum.net/faq/59/15645.html?faqId=31041,Undated,2020-06-12
36,Daum FAQ _ Login record,https://cs.daum.net/faq/59/8035.html#10027,Undated,2020-06-12
37,Daum FAQ _ Login Problem,https://cs.daum.net/faq/59/14970.html#30993,Undated,2020-06-12
38,Kakao FAQ_Account Protection Measure Email,https://cs.kakao.com/helps?articleId=1073185476&service=52&category=172&device=423&locale=ko,Undated,2020-06-12
NA,Kakao FAQ_Account Protection Measure Email (eng),https://cs.kakao.com/helps?articleId=1073186011&service=52&category=186&device=442&locale=en,Undated,2020-06-12
39,Daum FAQ_Protection of My Information,https://cs.daum.net/faq/59/15645.html,Undated,2020-06-12
40,Daum FAQ_IP Protection,https://cs.daum.net/faq/59/8035.html#29554,Undated,2020-06-12
41,Daum Content Restriction Policy,https://cs.daum.net/redbell/harm/policyArticle.html,Undated,2020-06-09
42,Daum Spam Policy,http://policy.daum.net/nospam/nospam,Undated,2020-06-09
43,Daum Juvenile Protection Policy,http://policy.daum.net/youthpolicy/youthpolicy,Undated,2020-06-09
44,Kakao Juvenile Protection Policy,http://www.kakao.com/policy/safeguard,Undated,2020-06-09
45,Daum FAQ_ID Warning,https://cs.daum.net/faq/85/5203.html#9629,Undated,2020-06-09
46,Kakao FAQ_Verification,https://cs.kakao.com/helps?service=52&category=174&locale=ko,Undated,2020-06-09
47,Daum FAQ_Register,https://cs.daum.net/faq/59/8034.html#6353,Undated,2020-06-09
48,Daum FAQ_Finding ID,https://cs.daum.net/faq/59/5217.html#27227,Undated,2020-06-09
49,Daum FAQ_Real Name Member,https://cs.daum.net/faq/59/5218.html#7042,Undated,2020-06-09
50,Kakao FAQ Account compromise/hacking,https://cs.kakao.com/helps?articleId=1073185997&service=52&category=184&device=442&locale=en,Undated,2020-06-12
51,kakao FAQ_Account protection measures,https://cs.kakao.com/helps?articleId=1073186012&service=52&category=186&device=442&locale=en,Undated,2020-06-12
52,Daum 메일수신 도움말 [Mail Reception FAQ],http://cs.daum.net/faq/43/4589.html?page=5#33960,Undated,2020-06-01
53,Daum 주소록 도움말 [Address Book FAQ],http://cs.daum.net/faq/43/4604.html#24158,Undated,2020-06-01
54,카카오톡 도움말,https://cs.kakao.com/helps?service=8&category=24&locale=ko&device=1013&articleId=1073188988,Undated,2020-06-01
NA,KakaoTalk Help,https://cs.kakao.com/helps?articleId=1073182396&service=8&category=5&device=2&locale=en,Undated,2020-06-01
55,kakao 알고리즘 윤리,https://www.kakaocorp.com/kakao/ai/algorithm?lang=ko,Undated,2020-05-27
NA,Kakao Algorithm Ethics,https://www.kakaocorp.com/kakao/ai/algorithm?lang=en,Undated,2020-05-27
56,kakao 투명성보고서 (통계),https://privacy.kakao.com/transparency/statistic,Undated,2020-06-01
NA,kakao Transparency Report (Statistics),https://privacy.kakao.com/transparency/statistic?lang=en,Undated,2020-06-01
57,kakao for business,https://ad.kakao.com/,Undated,2020-06-09
58,Review Guide (Display ad),https://ad.kakao.com/guide/display/review/31,Undated,2020-06-09
59,Kakao FAQ_what is a secret chat?,https://cs.kakao.com/helps?articleId=1073183303&service=8&category=24&device=9&locale=ko,Undated,2020-06-12
NA,Kakao FAQ_what is a secret chat? (ENG),https://cs.kakao.com/helps?service=8&category=5&locale=en&device=2&articleId=1073183324,Undated,2020-06-12
60,The Kakao Code of Business Conduct and the Code of Ethics(Korean),https://www.kakaocorp.com/kakao/introduce/codeOfBusinessEthics?lang=ko,2019-01-02,2020-10-12
NA,The Kakao Code of Business Conduct and the Code of Ethics(Eng),https://www.kakaocorp.com/kakao/introduce/codeOfBusinessEthics?lang=en,2019-01-02,2020-10-12
61,Privacy Center of Kakao Privacy Policy Page(Korean),https://privacy.kakao.com/center/kakao,Undated,2020-10-12
NA,Privacy Center of Kakao Privacy Policy Page(English),https://privacy.kakao.com/center/kakao?lang=en,Undated,2020-10-12
62,Kakao Momment Advertising Policy Q&A,https://cs.kakao.com/helps?articleId=1073191144&service=110&category=329&device=1158&locale=ko,Undated,2020-10-12
63,Terms of service for Kakao i developers,https://i.kakao.com/terms/5e4251ff2c3e420001d40dca,2018-12-03,2020-10-12
