﻿SourceNr,DocumentTitle,URL,DocumentDate,DateAccessed
1,Generelle avtalevilkår for Telenor Norge AS,https://www.telenor.no/privat/vilkar/avtalevilkar.jsp,2018-10-15,2020-06-01
4,Vilkår for TV og bredbåndstjenester,https://www.telenor.no/privat/vilkar/vilkar_tv_og_bredband.jsp,2018-10-15,2020-06-01
5,Personvernerklæring,https://www.telenor.no/binaries/om/personvern/Personvernerkl%C3%A6ring%20-%20oppdatert%2026%20mai%202020_801f74f7-71aa-481a-a18b-91132431ad9a.pdf,2020-05-26,2020-05-27
6,Understanding our privacy position,https://www.telenor.com/sustainability/responsible-business/privacy-and-data-protection/understanding-our-privacy-position/,Undated,2020-05-27
10,Informasjon om innsigelse,https://www.telenor.no/om/personvern/innsigelse.jsp,Undated,2020-05-31
11,Informasjon om begrensning,https://www.telenor.no/om/personvern/begrensing.jsp,Undated,2020-05-31
12,Informasjon om sletting,https://www.telenor.no/om/personvern/sletting.jsp,Undated,2020-05-31
13,Informasjon om innsyn,https://www.telenor.no/om/personvern/innsyn.jsp,Undated,2020-05-31
14,Privacy and data protection,https://www.telenor.com/sustainability/responsible-business/privacy-and-data-protection/,Undated,2020-05-27
15,Frequently asked Questions,https://www.telenor.com/sustainability/responsible-business/privacy-and-data-protection/frequently-asked-questions/,Undated,2020-05-31
16,Handling access requests from authorities,https://www.telenor.com/sustainability/responsible-business/privacy-and-data-protection/handling-access-requests-from-authorities/,Undated,2020-06-02
17,Authority request legal overview 2017,https://www.telenor.com/wp-content/uploads/2015/05/Authority-Request-Legal-Overview_March-2017.pdf,2017-03-01,2020-06-03
18,Sustainability Report 2018,https://www.telenor.com/wp-content/uploads/2019/03/Sustainability-Report-2018-Q-918631c419f04609b09e01f8b7f85636.pdf,2018,2020-06-05
19,Vilkår for mobile tjenester,https://www.telenor.no/privat/vilkar/vilkar-mobile-tjenester.jsp,2019-12-17,2020-06-01
20,Telenor Group Code of Conduct,https://www.telenor.com/code-of-conduct/,Undated,2020-06-05
21,Samfunnsansvar og bærekraft,https://www.telenor.no/binaries/Samfunnsansvar_Telenor_For_Nett_2_tcm94-347541.pdf,2017,2020-06-05
22,Telenor Principle Position on the Open Internet and Net Neutrality,https://www.telenor.com/wp-content/uploads/2018/04/201804_Telenor-external-NN-principle-position_FINAL.pdf,April 2018,2020-06-01
23,Music Freedom,https://www.telenor.no/privat/mobil/mobiltjenester/musicfreedom/,Undated,2020-06-02
24,Telenor group annual report 2019,https://www.telenor.com/wp-content/uploads/2020/03/2201011-Annual-Report-2019-Q-a97d1b270234873cebe5901dfe14e8c2-1.pdf#page=16,2019,2020-06-05
25,Authority requests disclosure report 2018,https://www.telenor.com/wp-content/uploads/2019/03/Telenor-Authority-request-report-2018.pdf,2018,2020-06-02
26,Cyber Security,https://www.telenor.com/about-us/corporate-governance/security-in-telenor-group/about-security/,Undated,2020-07-06
27,Corporate Governance Report 2018,https://www.telenor.com/wp-content/uploads/2019/03/Corporate-Governance-Annual-Report-2018-Q-4c84b026069975e6956566750f787be6.pdf,2018,2020-06-05
28,Slik utvikler vi kompetanse og evne til beskyttelse,https://www.telenor.no/om/digital-sikkerhet/Slik-utvikler-vi-kompetanse-evne-til-beskyttelse.jsp,Undated,2020-06-07
29,Cyber security,https://www.telenor.com/about-us/corporate-governance/security-in-telenor-group/how-we-work-with-cyber-attacks,Undated,2020-06-07
30,Slik angriper de,https://www.telenor.no/om/digital-sikkerhet/slik-angriper-de.jsp,2019-08-14,2020-07-06
31,Human Rights: Mitigate,https://www.telenor.com/sustainability/responsible-business/human-rights/mitigate/,Undated,2020-06-06
32,Integrity Hotline,https://secure.ethicspoint.eu/domain/media/en/gui/102575/index.html,Undated,2020-06-06
33,How we work with Privacy,https://www.telenor.com/sustainability/responsible-business/privacy-and-data-protection/how-we-work-with-privacy/,Undated,2020-06-06
34,Telenor’s alignment with the Industry Dialogue Guiding Principles 2016,https://www.telenor.com/sustainability/responsible-business/human-rights/mitigate/telenors-alignment-with-the-industry-dialogue-guiding-principles-2016,2016,2020-06-06
35,Independent review of Telenor’s reporting to the Industry Dialogue 2016,https://www.telenor.com/wp-content/uploads/2017/06/Statement-ID-2017_signed.pdf,2017-04-07,2020-06-07
36,Telenor GRI Sustainability Standards Report 2017,https://www.telenor.com/wp-content/uploads/2018/07/Telenor-GRI-Sustainability-Standards-Report-2017-1.pdf,Undated,2020-06-07
37,Vilkår og angrerett,https://www.telenor.no/privat/vilkar/,Undated,2020-06-07
38,Personvern Telenor Group,https://www.telenor.com/no/personvern/,Undated,2020-06-07
39,Privacy statement Telenor Group,https://www.telenor.com/privacy-statement/,Undated,2020-06-07
41,Human Rights: Respect,https://www.telenor.com/sustainability/responsible-business/human-rights/respect,Undated,2020-05-27
42,"Barnepornofilter (""Child porn filter"")",https://www.telenor.no/privat/kundeservice/bredbandshjelp/sikkerhet/barnepornofilter.jsp,Undated,2020-06-03
43,Artificial Intelligence,https://www.telenor.com/innovation/artificial-intelligence/,Undated,2020-05-27
44,Telenor endorses EU policy and investment recommendations on trustworthy AI,https://www.telenor.com/media/announcement/telenor-endorses-eu-policy-and-investment-recommendations-on-trustworthy-artificial-intelligence,2019-06-26,2020-05-27
45,Telenor Group stands behind Europe's newly published guidelines on AI,https://www.telenor.com/media/announcement/telenor-group-stands-behind-europes-newly-published-guidelines-on-artificial-intelligence,2019-04-08,2020-05-27
46,Research Personal Data,https://www.telenor.com/innovation/research/personal-data/,Undated,2020-05-28
47,Sletterutiner,https://www.telenor.no/om/personvern/sletterutiner.jsp,Undated,2020-05-31
48,Kunstig intelligens og menneskelig etikk,https://www.telenor.no/om/teknologi-norge/kunstig-intelligens-menneskelig-etikk.jsp,2019-08-18,2020-06-01
49,Status teknologi Norge,https://www.telenor.no/om/teknologi-norge/,Undated,2020-06-01
50,Principle position on  the Open internet and Net Neutrality webpage,https://www.telenor.com/media/public-policy/telenor-principle-position-on-the-open-internet-and-net-neutrality/,Undated,2020-06-02
51,Corporate Governance in Telenor,https://www.telenor.com/about-us/corporate-governance/governance-in-telenor/,Undated,2020-06-06
52,Human Rights in Myanmar,https://www.telenor.com/sustainability/responsible-business/human-rights/mitigate/human-rights-in-myanmar,Undated,2020-06-06
53,GNI assessment report 2018/2019,https://globalnetworkinitiative.org/wp-content/uploads/2020/04/2018-2019-PAR.pdf,2018/2019,2020-06-06
54,Tapad Mobile Connections,https://www.tapad.com/solutions/mobile-connections,Undated,2020-06-06
55,Tapad Why cross-device identification matters,https://go.tapad.com/by-the-numbers-why-xdevice-is-important,Undated,2020-06-06
56,Tapad Graph,https://www.tapad.com/the-tapad-graph,Undated,2020-06-06
57,Group Holdings,https://www.telenor.com/about-us/global-presence/group-holdings/,Undated,2020-06-06
58,Telenor Group Homepage - Picture of the footer,https://www.telenor.com/,Undated,2020-06-21
59,Authority Request Disclosure Report 2019,https://www.telenor.com/wp-content/uploads/2020/08/Telenor-Disclosure-report-2019_08.pdf,2019,2020-09-25
60,Personvernerklæring,https://www.telenor.no/binaries/om/personvern/Personvernerkl%C3%A6ring_4ac0e46e-2ea4-4ea5-98e3-0d8cee4f98fc.pdf,2020-09-07,2020-09-25
