﻿SourceNr,DocumentTitle,URL,DocumentDate,DateAccessed
1,Apple Privacy Policy,https://www.apple.com/legal/privacy/en-ww/,2019-12-31,2020-05-27
2,Apple Privacy Policy Spanish,https://www.apple.com/legal/privacy/es-la/,2019-12-31,2020-06-06
3,Apple App Store Review Guidelines,https://developer.apple.com/app-store/review/guidelines/#privacy,2020-03-04,2020-06-06
4,Privacy Governance,https://www.apple.com/legal/privacy/en-ww/governance/,Undated,2020-09-17
5,Common App Rejections,https://developer.apple.com/app-store/review/#common-app-rejections,Undated,2020-06-06
6,"Siri Suggestions, Search & Privacy",https://support.apple.com/en-us/HT210658,2019-10-28,2020-06-06
7,App Store Review,https://developer.apple.com/app-store/review/,Undated,2020-06-06
8,Protecting the User’s Privacy,https://developer.apple.com/documentation/uikit/protecting_the_user_s_privacy,Undated,2020-06-06
9,Apple Differential Privacy,https://www.apple.com/privacy/docs/Differential_Privacy_Overview.pdf,Undated,2020-05-27
10,US Law Enforcement Guidelines,https://www.apple.com/legal/privacy/law-enforcement-guidelines-us.pdf,Undated,2020-06-06
11,Privacy Control,https://www.apple.com/privacy/control/,Undated,2020-06-06
12,Privacy Policy - California Privacy Disclosures,https://www.apple.com/legal/privacy/california-dnt/,Undated,2020-06-06
13,ITI AI Policy Principle,https://www.itic.org/resources/AI-Policy-Principles-FullReport2.pdf,Undated,2020-06-06
14,Apple Developer Security,https://developer.apple.com/security/,Undated,2020-06-06
15,Apple Privacy Overview,https://www.apple.com/privacy/,Undated,2020-06-06
16,Apple Media Services Terms and Conditions,https://www.apple.com/legal/internet-services/itunes/us/terms.html,2019-05-13,2020-06-06
17,Términos y Condiciones de los Servicios multimedia de Apple,https://www.apple.com/legal/internet-services/itunes/us-latino/terms.html,2019-05-13,2020-06-06
18,iOS13 Service Agreement,https://www.apple.com/legal/sla/docs/iOS13.pdf,Undated,2020-06-06
19,Apple Developer Agreement,https://developer.apple.com/terms/apple-developer-agreement/Apple-Developer-Agreement-English.pdf,Undated,2020-06-06
20,iCloud Terms of Services,https://www.apple.com/legal/internet-services/icloud/en/terms.html,2019-09-19,2020-06-06
21,Apple Developer Agreement (Spanish),https://developer.apple.com/terms/apple-developer-agreement/Apple-Developer-Agreement-Spanish.pdf,Undated,2020-06-06
22,iCloud Terms and Services (Spanish),https://www.apple.com/legal/internet-services/icloud/la/terms.html,2019-09-19,2020-06-06
23,Apple Search Ads Ad Content Policies,https://searchads.apple.com/policies/,Undated,2020-06-06
24,Apple Search Ads Ad Content Policies (Spanish),https://searchads.apple.com/es/,Undated,2020-06-06
25,Government Information Requests,https://www.apple.com/privacy/government-information-requests/,Undated,2020-06-06
26,Law Enforcement Guidelines,https://www.apple.com/legal/privacy/law-enforcement-guidelines-us.pdf,2018-05-12,2020-06-06
27,Advertising and Privacy Support,https://support.apple.com/en-us/HT205223,2019-12-27,2020-06-06
28,Advertising on Apple News,https://developer.apple.com/news-publisher/Apple-Advertising-Platforms-Content-Guidelines.pdf,April 2020,2020-06-07
29,AdGuide for Publishers Apple News,https://developer.apple.com/news-publisher/News-Publisher-Advertising-Guide.pdf,May 2020,2020-06-07
30,Security and your Apple ID,https://support.apple.com/en-us/HT201303,2018-05-19,2020-06-07
31,US Legal Process Guidelines,https://www.apple.com/legal/privacy/law-enforcement-guidelines-us.pdf,2018-12-05,2020-06-07
32,Legal Process Guidelines Outside US,https://images.apple.com/legal/privacy/law-enforcement-guidelines-outside-us.pdf,2019-06-23,2020-06-07
33,Transparancy Report,https://www.apple.com/legal/transparency/,Undated,2020-06-07
34,Transparancy Report H12019,https://www.apple.com/legal/transparency/pdf/requests-2019-H1-en.pdf,Undated,2020-06-07
35,App Store Content Dispute,https://www.apple.com/legal/internet-services/itunes/appstorenotices/#?lang=en,Undated,2020-06-07
36,App iTunes Content Dispute,https://www.apple.com/legal/internet-services/itunes/itunesstorenotices/,Undated,2020-06-07
37,App Ringtone Content Dispute,https://www.apple.com/legal/internet-services/itunes/ringtonestorenotices/#?lang=en,Undated,2020-06-07
38,Claims of Copyright Infringement (“DMCA”),https://www.apple.com/legal/contact/copyright-infringement.html,Undated,2020-06-07
39,Audit and Finance Committee Charter,https://s2.q4cdn.com/470004039/files/doc_downloads/charters/2018.02.12_AFC_Charter.pdf,2018-02-12,2020-06-07
40,Apple's Executive Team: Katherine Adams,http://investor.apple.com/investor-relations/leadership-and-governance/,Undated,2020-06-07
41,Bussines Conduct Policy,https://s2.q4cdn.com/470004039/files/doc_downloads/gov_docs/business_conduct_policy.pdf,October 2015,2020-06-07
42,Public Policy Advocacy,https://www.apple.com/public-policy-advocacy/,2018,2020-06-07
43,Encryption and Data Protection overview,https://manuals.info.apple.com/MANUALS/1000/MA1902/en_US/apple-platform-security-guide.pdf,Spring 2020,2020-06-10
44,Apple Security Bounty Program,https://developer.apple.com/security-bounty/,2020-02-05,2020-06-10
45,Apple Privacy Features,https://www.apple.com/privacy/features/,Undated,2020-06-10
46,iCloud Security,https://support.apple.com/en-us/HT202303,2020-04-09,2020-06-10
47,How to view recent logins on apple id?,https://discussions.apple.com/thread/5862162,2020-04-10,2020-06-10
48,Check your Apple ID device list,https://support.apple.com/en-us/HT205064,2020-04-11,2020-06-10
49,Advertising & Privacy Support (Spanish),https://support.apple.com/es-us/HT205223,2020-09-19,2020-07-22
50,Apple human Rights Policy,https://s2.q4cdn.com/470004039/files/doc_downloads/gov_docs/2020/Apple-Human-Rights-Policy.pdf,August 2020,2020-09-17
51,Our Commitment to Child Safety,"https://www.apple.com/legal/child-safety/en-ww/#:~:text=Apple%20is%20dedicated%20to%20protecting,support%20innovation%20in%20this%20space.",Undated,2020-09-21
52,Apple Search Ads and privacy,https://searchads.apple.com/privacy/,Undated,2020-09-21
53,About Applebot,https://support.apple.com/en-us/HT204683,2020-07-10,2020-09-22
54,App Store & Privacy,https://support.apple.com/en-us/HT210584,2020-03-17,2020-09-22
55,iMessage and FaceTime & Privacy,https://support.apple.com/en-us/HT209110,2019-12-27,2020-09-22
56,How to delete your Apple ID account,https://support.apple.com/en-gb/HT208504,2020-01-13,2020-09-22
57,Get a copy of the data associated with your Apple ID account,https://support.apple.com/en-gb/HT208502,2020-03-05,2020-09-22
58,Apple Internet Services Certifications,https://support.apple.com/en-us/HT210897,2020-01-23,2020-09-23
59,Apple Security Bounty Program Terms and Conditions,https://developer.apple.com/security-bounty/requirements/,Undated,2020-09-23
60,Secure software updates overview,https://support.apple.com/guide/security/secure-software-updates-overview-secf683e0b36/1/web/1,Undated,2020-09-23
61,Apple security updates,https://support.apple.com/en-us/HT201222,2020-09-16,2020-09-23
62,Vintage and obsolete products,https://support.apple.com/en-us/HT201624,2020-08-31,2020-09-23
63,Apple ID & Privacy,https://support.apple.com/en-us/HT208650,2020-09-18,2020-09-23
