﻿SourceNr,DocumentTitle,URL,DocumentDate,DateAccessed
1,Alibaba 2018 ESG Report,https://esg.alibabagroup.com/ui/pdfs/Alibaba-ESG-Report-2018.pdf,Undated,2020-05-26
2,Taobao Privacy Policy/淘宝网隐私权政策,https://terms.alicdn.com/legal-agreement/terms/suit_bu1_taobao/suit_bu1_taobao201703241622_61002.html,2020-08-12,2020-10-13
3,TmallGenie Privacy Policy/天猫精灵隐私权政策,https://terms.alicdn.com/legal-agreement/terms/suit_bu1_tmall/suit_bu1_tmall201801311156_17123.html,2020-08-31,2020-10-13
4,Alibaba Group Website Privacy Policy/阿里巴巴集团有关使用本网站的私隐政策声明,https://www.alibabagroup.com/cn/global/privacy,2014-09-24,2020-05-27
5,TmallGenie Content Launch Instruction/阿里精灵智能开放平台发布内容文档,https://www.aligenie.com/doc/357834/fmfqur,Undated,2020-05-27
6,Taobao Privacy Policy Updates Page/淘宝隐私政策发布声明,https://rule.taobao.com/search.htm?spm=a1zaa.8161610.0.0.745b75fbHFKc0h&cId=176&st=1,Undated,2020-05-27
7,Taobao Privacy Policy and ToS Archive Page/淘宝网隐私政策与服务协议历史文档,https://rule.taobao.com/search.htm?spm=a1zaa.8161610.0.0.745b75fbyDk6Ed&cId=177&st=1,Undated,2020-05-27
8,Taobao Platform Terms of Service/淘宝平台服务协议,https://terms.alicdn.com/legal-agreement/terms/TD/TD201609301342_19559.html?spm=a2145.7268393.0.0.f9aa5d7cum0ZRA,2019-08-19,2020-06-02
9,Taobao Platform Master Rules/淘宝平台规则总则,https://rule.taobao.com/detail-10000210.htm?spm=a2177.7231193.0.0.77b517ea2NG383&tag=self,2019-05-06,2020-06-02
10,TmallGenie Terms of Service/天猫精灵用户服务协议,https://terms.alicdn.com/legal-agreement/terms/suit_bu1_tmall/suit_bu1_tmall201801311205_58812.html,2019-08-08,2020-06-02
11,Taobao Terms of Service for Sellers/淘宝网卖家服务协议,https://terms.alicdn.com/legal-agreement/terms/suit_bu1_taobao/suit_bu1_taobao201908081502_44434.html?spm=a2107.1.0.0.4e8c11d93ler7O,2019-08-19,2020-06-02
12,Alimama/阿里妈妈网站首页,https://www.alimama.com/index.htm,Undated,2020-06-02
13,Rules Center of Alimama/阿里妈妈规则中心,https://rule.alimama.com/?spm=a2320.7393614.ca214tr9.11.29132030hIZJcJ#!/index,Undated,2020-06-02
14,Taobao/Tmall Zhitongche Ad Rule/淘宝/天猫直通车服务使用规范,https://rule.alimama.com/?spm=a2320.7393614.ca214tr9.11.29132030hIZJcJ#!/product/index?spm=a2320.7393614.ca214tr9.11.29132030hIZJcJ&type=detail&id=401&knowledgeId=7819,2020-04-20,2020-06-02
15,Pinxiaobao Ad Rule/品销宝广告服务使用规范,https://rule.alimama.com/?spm=a2320.7393614.ca214tr9.11.29132030hIZJcJ#!/product/index?spm=a2320.7393614.ca214tr9.11.29132030hIZJcJ&type=detail&id=404&knowledgeId=7694,2019-11-06,2020-06-02
16,Alimama Ad Rules Discussion/阿里妈妈直钻市场年度干活集中营,https://alimarket.taobao.com/markets/alimama-qsp/mtgz?spm=a2e2s.11150243.0.pro_banner_401_3094.49486c8aTn2ujC,Undated,2020-06-02
17,Alimama Promotion Regulation Collection/阿里妈妈规则宝典,https://alimarket.taobao.com/markets/alimama-qsp/gzbd?spm=a2e2s.11150243.0.pro_banner_401_3100.52476c8alt2DjZ,Undated,2020-06-02
18,Alimama Public Order and Good Morals/阿里妈妈禁止推广色情低俗信息或其他不符合社会公序良俗的内容,https://rule.alimama.com/#!/product/index?type=detail&id=401&toPage=1&knowledgeId=7146,2018-08-28,2020-06-02
19,Taobao Platform Prohibitive Information Regulation/淘宝平台违禁信息管理规则,https://rule.taobao.com/detail-61.htm?spm=a2177.7231193.0.0.522c17eaLskRme&tag=self,2019-05-06,2020-06-03
20,Taobao Content Creator Regulation/淘宝网内容创作者管理规则,https://rule.taobao.com/detail-11001485.htm?spm=a2177.7231193.0.0.561d17eaxsVsOq&tag=self,2020-01-01,2020-06-03
21,Taobao Platform Interactive Risky Information Regulation/淘宝平台交互风险信息管理规则,https://rule.taobao.com/detail-92.htm?spm=a2177.7231193.0.0.522c17eaLskRme&tag=self,2020-02-27,2020-06-03
22,Taobao Comment Regulation/淘宝网评价规范,https://rule.taobao.com/detail-2352.htm?spm=a2177.7231193.0.0.522c17eaLskRme&tag=self,2015-03-31,2020-06-03
23,Alibaba Algorithmic Content Flagging in Livestream/阿里巴巴直播内容风险防控中的AI力量,https://yq.aliyun.com/articles/68283,2017-01-03,2020-06-03
24,Taobao Customer Service Center FAQ about Report/举报怎么还没有处理？,https://consumerservice.taobao.com/self-help?spm=a21pu.8253647.0.0.647a480d5ufHCa#page=issue-detail&knowledgeId=1060343741,Undated,2020-06-03
25,Violation Publicity of Taobao/淘宝网违规公示,https://rule.taobao.com/punishList.htm?spm=a2177.7231193.1998145763.9.561d17eaxsVsOq,Undated,2020-06-03
26,Taobao Customer Service Center FAQ about Report not accepted/ 举报为什么不成立？,https://consumerservice.taobao.com/self-help#page=issue-detail&knowledgeId=1060343745,Undated,2020-06-04
27,Taobao Customer Service Center: The Rout of Report and Ways to Appeal/淘宝各类举报发起路径及申诉方法,https://consumerservice.taobao.com/self-help#page=issue-detail&knowledgeId=1119298,Undated,2020-06-04
28,Alibaba IPP Platform Principle& Policy/阿里巴巴知识产权保护平台原则&政策&规则&指引,https://ipp.alibabagroup.com/policy/en.htm?_localeChangeRedirectToken=1,Undated,2020-06-04
29,Alibaba Market Management and Violation Punishment Regulation/淘宝网市场管理与违规处理规范,https://rule.taobao.com/detail-14.htm?spm=a2177.7231193.0.0.491517eaxq330p&tag=self,Undated,2020-06-04
30,Taobao Customer Service Center FAQ about Publication/收到通知让我下架店内的出版物，怎么办？,https://consumerservice.taobao.com/self-help#page=issue-detail&knowledgeId=20087135,Undated,2020-06-04
31,Alibaba Group-E-Commerce Platforms International Law Enforcement User Information Request Guide (English),https://www.alibabagroup.com/cn/contact/law_e_commerce,2020-04-01,2020-06-05
32,Alibaba Security Response Center (ASRC)/阿里安全响应中心,https://security.alibaba.com/,Undated,2020-06-08
33,Alibaba Security Vulnerability Report and Processing Procedures/漏洞报告与处理流程,https://security.alibaba.com/announcement/announcement?spm=0.0.0.0.lFVP97&id=30,2014-12-31,2020-06-08
34,Alibaba Vulnerability Rewards Program V2.0 English Version,https://security.alibaba.com/announcement/announcement?id=151,2020-04-30,2020-06-08
35,Aliwangwang Privacy Policy/阿里旺旺隐私政策,https://terms.alicdn.com/legal-agreement/terms/suit_bu1_taobao/suit_bu1_taobao201708161612_75732.html,2020-01-22,2020-06-09
36,Alibaba Security Center account authentication page/阿里安全中心安全工具,https://110.alibaba.com/chest/productList.htm?spm=a312t.7744106.30387090.6.2427784dV1j6pN,Undated,2020-06-09
37,Taobao Customer Service Center FAQ about SMS-based authentication/怎么取消登录时的短信验证？,https://consumerservice.taobao.com/self-help?spm=a21pu.8253647.0.0.647a480d5ufHCa#page=issue-detail&knowledgeId=6703696,Undated,2020-06-09
38,Taobao Customer Service Center Q&A about Account log/什么是账号日志？,https://consumerservice.taobao.com/self-help?spm=a21pu.8253647.0.0.647a480d5ufHCa#page=issue-detail&knowledgeId=1000029120,Undated,2020-06-09
39,Taobao Customer Service Center Account and Security/淘宝网服务中心账号与安全,https://consumerservice.taobao.com/self-help?spm=a21pu.8253647.0.0.22bc480dzboMXq,Undated,2020-06-09
40,Taobao Cutomer Service Center FAQ about Unusual Account Activity/账户登录提示”存在安全风险，暂停使用“怎么办？,https://consumerservice.taobao.com/self-help?spm=a21pu.8253647.0.0.647a480d5ufHCa#page=issue-detail&knowledgeId=5690755,Undated,2020-06-09
41,Taobao Implementation Rules of Market Management Measures Lift and Violation Punishment Appeal/淘宝网关于市场管理措施解除与违规申诉实施细则,https://rule.taobao.com/detail-488.htm?spm=a2177.7231205.0.0.4e8b17eaQ3P4F0&tag=self,2019-05-06,2020-06-09
42,Taobao Customer Service Center FAQ about IPR Appeal/为什么知识产权申诉不通过？,https://consumerservice.taobao.com/self-help?spm=a21pu.8253647.0.0.647a480d5ufHCa#page=issue-detail&knowledgeId=20398046,Undated,2020-06-09
43,Alibaba ASRC Vulnerability Report Ranking Principles 4.0/ASRC漏洞情报评级总则4.0,https://security.alibaba.com/announcement/announcement?id=191,2020-04-30,2020-06-10
44,Alibaba Security Homepage/阿里安全官网首页,https://s.alibaba.com/?spm=a312t.7743464.38350590.2.28033b5fQ7h1Ec#/?scene=110,Undated,2020-06-10
45,Homepage of Alibaba Group Website (simplified Chinese) /阿里巴巴集团网站,https://www.alibabagroup.com/cn/global/home,Undated,2020-06-16
46,Homepage of Taobao /淘宝首页,https://world.taobao.com/,Undated,2020-06-16
47,TmallGenie Official Flagship Store /天猫精灵官方旗舰店,https://genie.tmall.com/,Undated,2020-06-16
48,Baidu Search Results of “Taobao Service Agreement” /百度搜索“淘宝 服务协议”的结果,http://www.baidu.com/s?ie=utf-8&f=8&rsv_bp=1&rsv_idx=1&tn=baidu&wd=%E6%B7%98%E5%AE%9D%20%E6%9C%8D%E5%8A%A1%E5%8D%8F%E8%AE%AE&fenlei=256&rsv_pq=ced6386b0000808b&rsv_t=f254%2FUvXP6l9FqrQ2EmR%2F1lVn61C7X%2BO39drTQYAje28clqlPtuneSakxpE&rqlang=cn&rsv_enter=1&rsv_dl=ib&rsv_sug3=19&rsv_sug1=8&rsv_sug7=101,Undated,2020-06-23
49,Baidu Search Results of “TmallGenie Service Agreement” /百度搜索“天猫精灵 服务协议”的结果,http://www.baidu.com/s?ie=utf-8&f=8&rsv_bp=1&rsv_idx=1&tn=baidu&wd=%E5%A4%A9%E7%8C%AB%E7%B2%BE%E7%81%B5%20%E6%9C%8D%E5%8A%A1%E5%8D%8F%E8%AE%AE&fenlei=256&oq=%25E5%25A4%25A9%25E7%258C%25AB%25E7%25B2%25BE%25E7%2581%25B5&rsv_pq=fc1c46b90000113b&rsv_t=cb96RBFbTh8lkTBrjnuzowLuCPTWKiVtqxVzXTopIIqLB7SGEOiSNI2ri68&rqlang=cn&rsv_enter=1&rsv_dl=tb&rsv_btype=t&inputT=2170&rsv_sug3=43&rsv_sug1=29&rsv_sug7=100&rsv_sug2=0&rsv_sug4=3170,Undated,2020-06-23
50,Homepage of TmallGenie (AliGenie) [Accessible Only in the PRC],http://bot.tmall.com/,Undated,2020-06-23
51,Taobao Implementation Measures Regarding Information Sources for Addressing Market Regulation and Infringements/淘宝网关于市场管理及违规处理的信息来源实施细则,https://rule.taobao.com/detail-626.htm?spm=a2177.7231205.0.0.539217eaudYRIs&tag=self,2019-05-06,2020-06-24
52,Alibaba Security Center /阿里安全中心,https://110.alibaba.com/policeHall/hallIndex.htm,Undated,2020-06-25
