﻿SourceNr,DocumentTitle,URL,DocumentDate,DateAccessed
1,Microsoft Global Human Rights Statement,https://www.microsoft.com/en-us/corporate-responsibility/human-rights-statement,Undated,2020-05-30
2,Annual Human Rights Report FY19,https://www.microsoft.com/en-us/corporate-responsibility/human-rights,2019,2020-05-31
3,AI Principles,https://www.microsoft.com/en-us/ai/responsible-ai?activetab=pivot1:primaryr6,Undated,2020-05-31
4,Microsoft Privacy Statement,https://privacy.microsoft.com/en-ca/privacystatement,2020-05,2020-06-01
5,Change History for Microsoft's Privacy Statement,https://privacy.microsoft.com/en-US/updates,2020-05,2020-06-01
6,Cortana Skills,https://www.microsoft.com/en-us/cortana/skills/featured,Undated,2020-06-05
7,How to close your Microsoft account,https://support.microsoft.com/en-us/help/12412/microsoft-account-how-to-close-account,Undated,2020-06-07
8,Import and export Outlook data page,https://support.office.com/en-us/article/import-and-export-outlook-email-contacts-and-calendar-92577192-3881-4502-b79d-c3bbada6c8ef,Undated,2020-06-08
9,Export Skype data,https://support.skype.com/en/faq/FA34894/how-do-i-export-my-skype-files-and-chat-history,Undated,2020-06-08
10,Skype Files and Data,https://support.skype.com/en/faq/FA34893/how-long-are-files-and-data-available-in-skype,Undated,2020-06-08
11,AI Principles Spanish,https://www.microsoft.com/es-mx/ai/responsible-ai?activetab=pivot1%3aprimaryr6,Undated,2020-06-08
12,Microsoft Global Human Rights Statement Spanish,https://www.microsoft.com/en-us/corporate-responsibility/human-rights-statement#primaryR10,Undated,2020-06-08
13,Bing Help Page,https://help.bing.microsoft.com/#apex/18/en-us/10016/0,Undated,2020-06-08
14,Microsoft Services Agreement,https://www.microsoft.com/en-us/servicesagreement/,2020-07-01,2020-06-09
15,Summary of Changes to Microsoft Services Agreement,https://www.microsoft.com/en-us/servicesagreement/Updates.aspx,Undated,2020-06-09
16,Microsoft Advertising Policies,https://about.ads.microsoft.com/en-ca/resources/policies,Undated,2020-06-09
17,Microsoft Advertising Policies in Spanish,https://about.ads.microsoft.com/es-es/recursos/directivas,Undated,2020-06-09
18,Advertising Policies Change Log,https://about.ads.microsoft.com/en-us/resources/policies/microsoft-advertising-policies-change-log,Undated,2020-06-09
19,Financial Products and Services Policies,https://about.ads.microsoft.com/en-us/resources/policies/financial-products-and-services-policies,Undated,2020-06-09
20,Disallowed Content Policies,https://about.ads.microsoft.com/en-us/resources/policies/disallowed-content-policies,Undated,2020-06-09
21,Remarketing in Paid Search Policies,https://about.ads.microsoft.com/en-us/resources/policies/remarketing-in-paid-search-policies,Undated,2020-06-09
22,Universal Event Tracking,https://about.ads.microsoft.com/en-us/solutions/audience-targeting/universal-event-tracking,Undated,2020-06-09
23,Content Removal Requests Report,https://www.microsoft.com/en-us/corporate-responsibility/content-removal-requests-report,Undated,2020-06-09
24,ContentRemoval Request Report Data,https://www.microsoft.com/en-us/corporate-responsibility/content-removal-requests-report,Undated,2020-06-10
25,Bot Review Guidelines,https://docs.microsoft.com/en-us/azure/bot-service/bot-service-review-guidelines?view=azure-bot-service-4.0,Undated,2020-06-10
26,Revenge Porn Putting Victims Back in Control,https://news.microsoft.com/en-gb/2015/07/22/revenge-porn-putting-victims-back-in-control/,2015-07-22,2020-06-10
27,Submitting Privacy-related Requests to Block Results in the EU,https://help.bing.microsoft.com/#apex/18/en-GB/10013/-1/en-GB,Undated,2020-06-10
28,Request Form to Block Search Results in Europe,https://www.bing.com/webmaster/tools/eu-privacy-request,Undated,2020-06-10
29,How Bing Delivers Search Results,https://help.bing.microsoft.com/#apex/18/en-us/10016/0,Undated,2020-06-10
30,Law Enforcement Requests Report,https://www.microsoft.com/en-us/corporate-responsibility/law-enforcement-requests-report,2019,2020-06-10
31,About our practices and your data,https://blogs.microsoft.com/datalaw/our-practices/,Undated,2020-06-10
32,Law Enforcement Request Report Data,https://www.microsoft.com/en-us/corporate-responsibility/law-enforcement-requests-report,2019,2020-06-10
33,National Security Orders Report,https://www.microsoft.com/en-us/corporate-responsibility/us-national-security-orders-report,2011-2019,2020-06-11
34,National Security Orders Report Data,https://www.microsoft.com/en-us/corporate-responsibility/us-national-security-orders-report,2011-2019,2020-06-11
35,Microsoft Runs on Trust,"https://www.microsoft.com/en-us/legal/compliance/integrity#:~:text=Every%20Microsoft%20employee%20is%20responsible,other%20and%20achieve%20more%20together.",Undated,2020-06-11
36,GNI Report 2018/2019,https://globalnetworkinitiative.org/wp-content/uploads/2020/04/2018-2019-PAR.pdf,2018/2019,2020-06-11
37,Salient Human Rights Issues Report FY17,Page link unavailable. Download only.,Undated,2020-06-11
38,Privacy Form,https://www.microsoft.com/en-us/concern/privacy,Undated,2020-06-11
39,Request to Reinstate Content,https://www.microsoft.com/en-us/concern/reinstatecontent,Undated,2020-06-11
40,Cyber Defense Operations Center Strategy Brief,https://www.microsoft.com/en-us/security/business/operations,Undated,2020-06-12
41,Bounty Programs,https://www.microsoft.com/en-us/msrc/bounty,Undated,2020-06-12
42,Bounty Legal Safe Harbor,https://www.microsoft.com/en-us/msrc/bounty-safe-harbor,Undated,2020-06-12
43,Bounty Terms and Conditions_,https://www.microsoft.com/en-us/msrc/bounty-terms?rtc=1,2020-01-22,2020-06-12
44,Breach Notification Under the GDPR,https://docs.microsoft.com/en-us/microsoft-365/compliance/gdpr-breach-office365?toc=%2Fmicrosoft-365%2Fenterprise%2Ftoc.json&view=o365-worldwide#what-to-expect-in-the-event-of-breach,2020-04-21,2020-06-12
45,How to help keep your Microsoft account safe and secure,https://support.microsoft.com/en-ca/help/12410/microsoft-account-how-to-help-keep-your-account-safe-and-secure,Undated,2020-06-12
46,How to use two-step verification with your Microsoft account,https://support.microsoft.com/en-us/help/12408/microsoft-account-how-to-use-two-step-verification,Undated,2020-06-12
47,Recent activity page,https://support.microsoft.com/en-ca/help/13782/microsoft-account-what-is-the-recent-activity-page,Undated,2020-06-12
48,Security and Privacy for Microsoft Search in Bing,https://docs.microsoft.com/en-us/microsoftsearch/security-for-search,2020-02-03,2020-06-12
49,Learn about encrypted messages in Outlook.com,https://support.microsoft.com/en-us/office/learn-about-encrypted-messages-in-outlook-com-3521aa01-77e3-4cfd-8a13-299eb60b1957,Undated,2020-06-12
50,Does Skype use encryption,https://support.skype.com/en/faq/FA31/does-skype-use-encryption?,Undated,2020-06-12
51,How OneDrive safeguards your data in the cloud,"https://support.microsoft.com/en-us/office/how-onedrive-safeguards-your-data-in-the-cloud-23c6ea94-3608-48d7-8bf0-80e142edd1e1?ui=en-us&rs=en-us&ad=us#:~:text=BitLocker%2Dencryption%20%2D%20On%20Windows%2010,a%20short%20period%20of%20inactivity.",Undated,2020-06-12
52,Advancing our encryption and transparency efforts,https://blogs.microsoft.com/on-the-issues/2014/07/01/advancing-our-encryption-and-transparency-efforts/#sm.0001lfyyffs41fehz6o24i5ck4jg3,2014-07-01,2020-06-12
53,Encrypt email messages,https://support.office.com/en-us/article/encrypt-email-messages-373339cb-bf1a-4509-b296-802a39d801dc#bkmk_encryptwithsmime,Undated,2020-06-12
54,Skype Private Conversation,https://az705183.vo.msecnd.net/onlinesupportmedia/onlinesupport/media/skype/documents/skype-private-conversation-white-paper.pdf,2018-06-20,2020-06-12
55,Microsoft Advertising Portal,https://about.ads.microsoft.com/en-us,Undated,2020-07-06
56,Microsoft Audience Ads Policies,https://about.ads.microsoft.com/en-us/resources/policies/microsoft-audience-ads,Undated,2020-09-18
57,Facial recognition: It’s time for action (blog post),https://blogs.microsoft.com/on-the-issues/2018/12/06/facial-recognition-its-time-for-action/,2018-12-06,2020-09-18
58,Six principles to guide Microsoft’s facial recognition work,https://blogs.microsoft.com/on-the-issues/2018/12/17/six-principles-to-guide-microsofts-facial-recognition-work/,2018-12-17,2020-09-18
59,Six principles for developing and deploying facial recognition technology (PDF),https://blogs.microsoft.com/wp-content/uploads/prod/sites/5/2018/12/MSFT-Principles-on-Facial-Recognition.pdf,2018-12-17,2020-09-18
60,See ads that interest you,https://choice.microsoft.com/,Undated,2020-09-18
61,Display Creative Acceptance Policy,https://advertiseonbing.blob.core.windows.net/blob/bingads/media/library/solution/creative-acceptance-policies/microsoft_advertising-creative-acceptance-policy.pdf,2020-08-28,2020-09-22
62,Native Creative Acceptance Policy,https://advertiseonbing.blob.core.windows.net/blob/bingads/media/library/solution/creative-acceptance-policies/microsoft_advertising-native-creative-acceptance-policy.pdf,2019-12-23,2020-09-22
63,Microsoft Advertising Agreement,https://about.ads.microsoft.com/en-us/resources/policies/microsoft-advertising-agreement,Undated,2020-09-22
64,Traffic quality center,https://about.ads.microsoft.com/en-us/resources/policies/traffic-quality,Undated,2020-09-22
65,Ad quality year in review (blog post),https://about.ads.microsoft.com/en-us/blog/post/march-2019/ad-quality-year-in-review-2018,2019-03-25,2020-09-22
66,Microsoft Advertising: The editorial review (help page),https://help.ads.microsoft.com/#apex/ads/en/52025/1-500,Undated,2020-09-22
67,Bing Webmaster Guidelines,https://www.bing.com/webmaster/help/webmaster-guidelines-30fba23a,Undated,2020-09-22
68,Microsoft releases biannual digital trust reports (blog post),https://blogs.microsoft.com/on-the-issues/2020/04/23/biannual-digital-trust-reports/,2020-04-23,2020-09-23
69,Privacy Dashboard,https://aka.ms/privacydashboard,Undated,2020-09-23
70,How long are files and data available in Skype?,https://support.skype.com/en/faq/FA34893/how-long-are-files-and-data-available-in-skype,Undated,2020-09-23
71,Microsoft Privacy Report,https://privacy.microsoft.com/en-us/privacy-report,2020-12-25,2020-09-23
72,Request to Block Bing Search Results In Europe,https://www.bing.com/webmaster/tools/eu-privacy-request,Undated,2020-09-23
73,Paid search remarketing,https://about.ads.microsoft.com/en-us/solutions/audience-targeting/remarketing,Undated,2020-10-22
