﻿SourceNr,DocumentTitle,URL,DocumentDate,DateAccessed
1,Allgemeiner Datenschutzhinweis der Telekom Deutschland GmbH („Telekom“),https://www.telekom.de/datenschutzhinweise/download/000.pdf,2020-04-30,2020-05-26
2,Datentransparenz,https://www.telekom.de/ueber-das-unternehmen/datenschutz/datentransparenz,Undated,2020-05-26
3,Datenschutzhinweis der Telekom Deutschland GmbH („Telekom“) für den Abschluss eines Festnetz- oder Mobilfunkvertrags,https://www.telekom.de/datenschutzhinweise/download/001.pdf,2020-04-30,2020-05-26
4,Transparency Report: Assisting security authorities,https://www.telekom.com/en/corporate-responsibility/data-protection-data-security/news/transparency-report-363546,Undated,2020-05-26
5,Binding Corporate Rules Deutsche Telekom Group,https://www.telekom.com/resource/blob/323318/7dc2556f11e7330d66953ea352662515/dl-binding-corporate-rules-privacy-data.pdf,2019-02-19,2020-05-27
6,Schutz Durch Technik,https://www.telekom.com/de/verantwortung/datenschutz-und-datensicherheit/datenschutz/ihre-daten-bei-der-telekom/details/schutz-durch-technik-509240,Undated,2020-05-27
7,Opt Out Service,https://www.optout-service.telekom-dienste.de/public/anmeldung.jsp,Undated,2020-05-27
8,Binding Interpretations Datenschutz-Grundverordnung,https://www.telekom.com/resource/blob/481822/520b961192412cd5db5a080a6cfec55e/dl-binding-interpretations-data.pdf,2016-11-18,2020-05-27
9,Guidelines for Artificial Intelligence (long version),https://www.telekom.com/en/company/digital-responsibility/details/artificial-intelligence-ai-guideline-524366,Undated,2020-05-27
10,Corporate responsibility: Your data at Deutsche Telekom,https://www.telekom.com/en/corporate-responsibility/data-protection-data-security/data-protection/your-data-at-dt,Undated,2020-05-27
11,Menschenrechte,https://www.telekom.com/en/corporate-responsibility/assume-responsibility/assume-responsibility/human-rights-362212,Undated,2020-05-28
12,Allgemeine Geschäftsbedingungen Prepaid,https://www.telekom.de/dlp/agb/pdf/46467.pdf?,2020-05-11,2020-05-28
13,Leistungsbeschreibung Prepaid,https://www.telekom.de/dlp/agb/pdf/46300.pdf?,2020-02-18,2020-05-28
14,Allgemeine Geschäftsbedingungen Festnetz- und Mobilfunk-Anschlüsse,https://www.telekom.de/dlp/agb/pdf/46510.pdf?,2020-05-27,2020-05-28
15,Leistungsbeschreibung Mobilfunk,https://www.telekom.de/dlp/agb/pdf/46181.pdf?,2019-11-25,2020-05-28
16,Leistungsbeschreibung MagentaZuhause,https://www.telekom.de/dlp/agb/pdf/46352.pdf?,2020-04-01,2020-05-29
17,Wie legitimiere bzw. identifiziere ich mich für meinen Prepaid-Vertrag?,https://www.telekom.de/hilfe/mobilfunk-mobiles-internet/legitimation-und-videoident/wie-aktiviere-ich-meine-prepaid-sim-karte?samChecked=true,Undated,2020-05-29
18,Welche Ausweisdokumente benötige ich für die Legitimation?,https://www.telekom.de/hilfe/mobilfunk-mobiles-internet/legitimation-und-videoident/welche-dokumente-benoetige-ich,Undated,2020-05-29
19,Auskunft an Sicherheitsbehörden,https://www.telekom.com/de/verantwortung/datenschutz-und-datensicherheit/archiv-datenschutznews/news/auskunft-an-sicherheitsbehoerden-344448,Undated,2020-05-29
20,ReSA: Unterstützung für Sicherheitsbehörden,https://www.telekom.com/de/verantwortung/datenschutz-und-datensicherheit/archiv-datenschutznews/news/resa-unterstuetzung-fuer-sicherheitsbehoerden-349840,Undated,2020-05-29
21,Transparenzbericht Deutschland,https://www.telekom.com/de/verantwortung/datenschutz-und-datensicherheit/datenschutz/datenschutz/deutschland-351042,Undated,2020-05-29
22,Transparenzbericht Polen,https://www.telekom.com/de/verantwortung/datenschutz-und-datensicherheit/datenschutz/datenschutz/polen-351038,Undated,2020-05-29
23,Transparenzbericht Griechenland,https://www.telekom.com/de/verantwortung/datenschutz-und-datensicherheit/datenschutz/datenschutz/griechenland-351048,Undated,2020-06-01
24,Transparenzbericht USA,https://www.telekom.com/de/verantwortung/datenschutz-und-datensicherheit/datenschutz/datenschutz/usa-351036,Undated,2020-06-01
25,Transparenzbericht Slowakei,https://www.telekom.com/en/corporate-responsibility/data-protection-data-security/news/slovakia-363550,Undated,2020-06-01
26,Corporate Responsibility Report 2017,https://www.cr-report.telekom.com/site18/sites/default/files/pdf/cr_en_2017_dt_final.pdf,Undated,2020-06-01
27,Schutz durch Regeln,https://www.telekom.com/de/verantwortung/datenschutz-und-datensicherheit/datenschutz/ihre-daten-bei-der-telekom/details/schutz-durch-regeln-509250,Undated,2020-06-01
28,Privacy & Security Assessment,https://www.telekom.com/resource/blob/310264/2bad5595fa0ec0a2ba366e65bdc7a239/dl-psa-booklet-data.pdf,Undated,2020-06-01
29,"Gestatten, CERT",https://www.telekom.com/de/verantwortung/datenschutz-und-datensicherheit/sicherheit/details/gestatten-cert-342726,Undated,2020-06-01
30,Closing security gaps,https://www.telekom.com/en/corporate-responsibility/data-protection-data-security/security/details/closing-security-gaps-360054,Undated,2020-06-02
31,Reporting of data breaches,https://www.telekom.com/resource/blob/594868/1f5c7ae1c1e4b9934ecc4cf21762b8ee/dl-meldung-datenschutzvorfaelle-en-data.pdf,Undated,2020-06-02
32,Status report on data privacy,https://www.telekom.com/en/corporate-responsibility/data-protection-data-security/news/status-report-on-data-privacy-356016,Undated,2020-06-02
33,Datenschutzratgeber: Sicher digital,https://www.telekom.com/de/verantwortung/datenschutz-und-datensicherheit/sicher-digital,Undated,2020-06-02
34,Teachtoday,https://www.teachtoday.de/Initiative/Ueber_Teachtoday/68_Unsere_Initiative.htm,Undated,2020-06-02
35,Teachtoday - Onlinetraining,https://www.teachtoday.de/Informieren/Datenschutz/1507_Onlinetraining.htm,Undated,2020-06-02
36,Daten einfach schützen,https://www.telekom.com/de/verantwortung/datenschutz-und-datensicherheit/datenschutz/datenschutz-tipps-der-telekom,Undated,2020-06-02
37,Achtung Phishing: Gefälschter Telekom-Login,https://www.telekom.com/de/verantwortung/datenschutz-und-datensicherheit/archiv-datenschutznews/news/achtung-phishing-gefaelschter-telekom-login-535148,Undated,2020-06-02
38,Corporate Responsibility Report 2018,https://www.cr-report.telekom.com/site19/sites/default/files/pdf/cr_en_2018_dt_final.pdf,Undated,2020-06-02
39,Corporate Responsibility Report 2019 - Stakeholder management,"https://www.cr-report.telekom.com/site20/management-facts/strategy/stakeholder-management#atn-16605-16606,atn-16605-16607",Undated,2020-06-02
40,Jugendschutz bei der Telekom - Selbstreguliering,https://www.telekom.com/de/verantwortung/gesellschaft-und-mitarbeiter/jugendschutz,Undated,2020-06-03
41,Measures to Make the Internet a Better Place for Kids,https://www.telekom.com/resource/blob/314920/e58d2bd6f6c2ff79265c12d268a1340b/dl-massnahmen-data.pdf,2013-01-21,2020-06-03
42,Code of Human Rights & Social Principles,https://www.telekom.com/resource/blob/326346/ed9371b80d21f866e920bcf658b0ef1e/dl-social-charter-data.pdf,2020-11-17,2020-06-03
43,So stellt der Konzern ein hohes Niveau im Datenschutz sicher,https://www.telekom.com/de/verantwortung/datenschutz-und-datensicherheit/datenschutz/datenschutz/so-stellt-der-konzern-ein-hohes-niveau-im-datenschutz-sicher--334352,Undated,2020-06-03
44,eLearning: Verpflichtung auf den Daten- und Informationsschutz 2019,https://www.datenschutzschulung.telekom.com/,Undated,2020-06-03
45,"Hinweisgeberportal ""Tell me!""",https://www.telekom.com/de/konzern/compliance/hinweisgeberportal,Undated,2020-06-03
46,Umgang mit Informationen,https://www.telekom.com/de/konzern/compliance/code-of-conduct/details/umgang-mit-informationen-493596,Undated,2020-06-03
47,Human Rights and Social Performance Report 2019,https://www.telekom.com/en/corporate-responsibility/news-corporate-responsibility/human-rights-social-performance-report-2019-592574,2020-02-03,2020-06-03
48,Human rights risk analysis conducted at T-Systems in India,https://www.telekom.com/en/corporate-responsibility/assume-responsibility/assume-responsibility/human-rights-risk-analysis-conducted-at-t-systems-in-india-600944,2020-05-29,2020-06-03
49,Corporate Responsibility Report 2019 - Compliance,https://www.cr-report.telekom.com/site20/management-facts/strategy/compliance#atn-16610-16617,Undated,2020-06-03
50,Deutsche Telekom verkleinert den Vorstand,https://www.telekom.com/de/medien/medieninformationen/detail/deutsche-telekom-verkleinert-den-vorstand-573088,2019-05-22,2020-06-03
51,Dr. Claus-Dieter Ulmer,https://www.telekom.com/en/company/autor/dr-claus-dieter-ulmer-558612,Undated,2020-06-04
52,Corporate Responsibility Report 2019 - Political advocacy and consumer policy,"https://www.cr-report.telekom.com/site20/management-facts/strategy/political-advocacy-and-consumer-policy#atn-16623-16624,atn-16623-16625,atn-16623-16626,atn-16623-16627,atn-16623-16628",Undated,2020-06-04
53,StreamOn,https://www.telekom.de/unterwegs/tarife-und-optionen/streamon,Undated,2020-06-04
54,Was ist StreamOn?,https://www.telekom.de/hilfe/mobilfunk-mobiles-internet/mobiles-internet-e-mail/streamon/was-ist-streamon?samChecked=true,Undated,2020-06-04
55,StreamOn: Wir kämpfen für unsere Kunden,https://www.telekom.com/de/blog/konzern/artikel/streamon-wir-kaempfen-fuer-unsere-kunden-510862,2017-12-15,2020-06-04
56,Kontaktformulare für Missbrauchsfälle,https://www.telekom.de/hilfe/festnetz-internet-tv/sicherheit/missbrauch-von-diensten/kontaktformulare-fuer-missbrauchsfaelle?samChecked=true,Undated,2020-06-04
57,Corporate Responsibility Report 2019 - Management & Facts,https://www.cr-report.telekom.com/site20/management-facts/social/human-rights#atn-16846-16849,Undated,2020-10-02
58,Deutsche Telekom's Principles on Big Data,https://www.telekom.com/resource/blob/323582/dcd78db4c7aef740430249974179e703/dl-guiding-principles-big-data-data.pdf,Undated,2020-10-02
