﻿SourceNr,DocumentTitle,URL,DocumentDate,DateAccessed
1,Verizon Media Privacy Center,https://www.verizonmedia.com/policies/us/en/verizonmedia/privacy/index.html,2019-10-00,2020-06-01
2,Verizon Media Privacy Center / Definitions,https://www.verizonmedia.com/policies/us/en/verizonmedia/privacy/definitions/index.html,Undated,2020-06-01
3,Verizon Media Privacy Center / Privacy Dashboard and Controls,https://www.verizonmedia.com/policies/us/en/verizonmedia/privacy/dashboard/index.html,Undated,2020-06-01
4,Verizon Media Privacy Center / IP Address,https://www.verizonmedia.com/policies/us/en/verizonmedia/privacy/topics/ipaddress/index.html,Undated,2020-06-01
5,Verizon Media Privacy Center / Cookies and Similar Technologies,https://www.verizonmedia.com/policies/us/en/verizonmedia/privacy/topics/cookies/index.html,Undated,2020-06-01
6,Verizon Media Privacy Center /Location,https://www.verizonmedia.com/policies/us/en/verizonmedia/privacy/topics/location/index.html,Undated,2020-06-01
7,Verizon Media Privacy Center / Ad Serving,https://www.verizonmedia.com/policies/us/en/verizonmedia/privacy/topics/adserving/index.html,Undated,2020-06-01
8,Verizon Media Privacy Center / Beacons & SDKs,https://www.verizonmedia.com/policies/us/en/verizonmedia/privacy/topics/webbeacons/index.html,Undated,2020-06-01
9,Verizon Media Privacy Center / Appended and Matched Data,https://www.verizonmedia.com/policies/us/en/verizonmedia/privacy/topics/appenddata/index.html,Undated,2020-06-01
10,Verizon Media Privacy Center / Products & Services,https://www.verizonmedia.com/policies/us/en/verizonmedia/privacy/products/index.html,Undated,2020-06-01
11,Verizon Media Privacy Center / Verizon Media Privacy International,https://www.verizonmedia.com/policies/xw/en/verizonmedia/privacy/intl/index.html,Undated,2020-06-01
12,"Oath Privacy Policy Highlights (old, AOL version)",https://privacy.aol.com/legacy/,2017-06-13,2020-06-01
13,Oath Yahoo's old Privacy Center,https://policies.yahoo.com/us/en/yahoo/privacy/index.htm?redirect=no,2017-06-13,2020-06-01
14,Verizon Media Privacy Center / Topics,https://www.verizonmedia.com/policies/us/en/verizonmedia/privacy/topics/index.html,Undated,2020-06-01
15,Verizon Media Privacy About Your Choices,https://www.verizonmedia.com/policies/us/en/verizonmedia/privacy/topics/aboutyourchoices/index.html,Undated,2020-06-04
16,Yahoo! Privacy Controls Dashboard,https://yahoo.mydashboard.oath.com/lite,Undated,2020-06-04
17,Yahoo - View and manage your Yahoo Search history,https://help.yahoo.com/kb/search/SLN22645.html?impressions=true,Undated,2020-06-04
18,Verizon Media Terms of Service,https://www.verizonmedia.com/policies/us/en/verizonmedia/terms/otos/index.html,2020-04-09,2020-06-01
19,Verizon Media Community Guidelines,https://www.verizonmedia.com/policies/us/en/verizonmedia/guidelines/index.html,Undated,2020-06-01
20,Verizon Media Search Services,https://www.verizonmedia.com/policies/us/en/verizonmedia/privacy/products/searchservices/index.html,Undated,2020-06-04
21,Verizon Media Third Parties,https://www.verizonmedia.com/policies/us/en/verizonmedia/privacy/topics/thirdparties/index.html,Undated,2020-06-01
22,Verizon Media Data Storage and Anonymization,https://www.verizonmedia.com/policies/ie/en/verizonmedia/privacy/topics/datastorage/index.html,Undated,2020-06-01
23,Verizon Media Relevant Advertising,https://www.verizonmedia.com/policies/us/en/verizonmedia/privacy/adinfo/index.html,Undated,2020-06-06
24,Yahoo Mail - View and manage data associated with your account,https://help.yahoo.com/kb/find-download-data-sln28671.html?guccounter=1,Undated,2020-06-01
25,Verizon Media Transparency Report FAQ Requests from non-government entities,https://www.verizonmedia.com/transparency/about/faq-glossary.html,Undated,2020-06-07
26,Back up email options in Yahoo,https://help.yahoo.com/kb/SLN5033.html,Undated,2020-06-01
27,Close or reactivate your Yahoo account,https://help.yahoo.com/kb/SLN15129.html,Undated,2020-06-01
28,Verizon Media Analytics,https://www.verizonmedia.com/policies/us/en/verizonmedia/privacy/topics/analytics/index.html,Undated,2020-06-01
29,AOL Privacy Policy FAQ,https://privacy.aol.com/legacy/faq/index.html,Undated,2020-06-01
30,Verizon Media Transparency Report,https://www.verizonmedia.com/transparency/index.html,Undated,2020-05-28
31,Yahoo Mail Content Moderation,https://safety.yahoo.com/Resources/CONTENT-MODERATION-YAHOO.html,Undated,2020-06-01
32,Yahoo Sign-up Page,https://help.yahoo.com/kb/SLN2056.html,Undated,2020-06-01
33,Verizon Media Transparency Report - Other Resources,https://www.verizonmedia.com/transparency/about/other-resources.html,Undated,2020-06-11
34,Verizon Media Global principles for responding to government requests,https://www.verizonmedia.com/transparency/about/global-principles.html,Undated,2020-06-01
35,Verizon Media Government Removal Requests,https://www.verizonmedia.com/transparency/reports/government-removal-requests.html,Undated,2020-06-01
36,Verizon Media Copyright and Intellectual Property Policy,https://www.verizonmedia.com/policies/us/en/verizonmedia/ip/index.html,Undated,2020-06-01
37,Verizon Media Transparency Report: Put Customers First,https://www.verizonmedia.com/transparency/about/put-consumers-first.html,Undated,2020-05-28
38,Verizon Media Adspecs Homepage,https://adspecs.verizonmedia.com/,Undated,2020-06-06
39,Verizon Media Adspecs Advertising Policies,https://adspecs.verizonmedia.com/pages/oathsupplypolicies/,Undated,2020-06-06
40,ITI AI Policy Principles,https://www.itic.org/resources/AI-Policy-Principles-FullReport2.pdf,Undated,2020-06-01
41,Verizon Media Government Data Requests H1 2019,https://www.verizonmedia.com/transparency/reports/government-data-requests.html,Undated,2020-06-01
42,Verizon Media Government Data Requests - US report H1 2019,https://www.verizonmedia.com/transparency/reports/government-data-requests/country/united-states/us-jan-jun-2019/index.html,Undated,2020-06-01
43,Verizon Media Security,https://www.verizonmedia.com/policies/us/en/verizonmedia/privacy/topics/security/index.html,Undated,2020-06-01
44,Yahoo! Safety Center: Security,https://safety.yahoo.com/Security/,Undated,2020-06-01
45,Reporting Security Issues on Yahoo,https://safety.yahoo.com/Security/REPORTING-ISSUES.html,Undated,2020-06-01
46,Yahoo Account Key,https://help.yahoo.com/kb/SLN25781.html?impressions=true,Undated,2020-06-01
47,Yahoo two-step verification,https://help.yahoo.com/kb/account/SLN5013.html?impressions=true,Undated,2020-06-01
48,Verizon Media Argentina Government data requests H1 2019,https://www.verizonmedia.com/transparency/reports/government-data-requests/country/argentina/ar-jan-jun-2019/index.html,Undated,2020-06-01
49,Verizon Media Bug bounty program,https://hackerone.com/verizonmedia,Undated,2020-06-01
50,Oath announces cybersecurity advisory board,https://www.verizonmedia.com/press/2018/03/15/oath-announces-cybersecurity-advisory-board,2018-03-15,2020-06-01
51,Verizon Media Privacy Data Transfer,https://www.verizonmedia.com/policies/us/en/verizonmedia/privacy/topics/datatransfer/index.html,Undated,2020-06-01
52,Encryption at Yahoo,https://yahoo.tumblr.com/post/81529518520/status-update-encryption-at-yahoo,2014-04-02,2020-06-01
53,Business & Human Rights at Oath/Our approach (slide 3: Guiding Principles and Operational Guidelines),https://www.verizonmedia.com/brand-trust/business-and-human-rights/our-approach?guccounter=2,Undated,2020-06-01
54,User-Focused Security: End-to-End Encryption Extension for Yahoo Mail,https://yahoo.tumblr.com/search/yahoo%20mail%20end%20to%20end%20encryption,2015-03-00,2020-06-01
55,"Yahoo, Google still working on end-to-end encryption for email",https://www.sfchronicle.com/business/article/Yahoo-Google-still-working-on-end-to-end-10872573.php,2017-01-21,2020-06-01
56,Yahoo Unusual activity,https://help.yahoo.com/kb/recent-activity-page-sln2073.html,Undated,2020-06-01
57,Verizon Media Credo,https://www.verizon.com/about/sites/default/files/Verizon-Credo.pdf,Undated,2020-06-01
58,Verizon Media Code of Conduct 2.0,https://www.verizon.com/about/sites/default/files/Verizon-Code-of-Conduct.pdf,Undated,2020-06-08
59,Received an access notification,https://help.yahoo.com/kb/SLN7125.html,Undated,2020-06-01
60,Verizon Media Transparency Report FAQ and Glossary - Notice that someone is requesting information related to my account,https://www.verizonmedia.com/transparency/about/faq-glossary.html,Undated,2020-06-07
61,Verizon Media Business and Human Rights,https://www.verizonmedia.com/our-story/business-and-human-rights/,Undated,2020-06-01
62,Verizon Media The Global Network Initiative,https://www.verizonmedia.com/brand-trust/business-and-human-rights/global-network-initiative,Undated,2020-06-01
63,Verizon Media: Brand trust: Business and Human Rights: Our Approach,https://www.verizonmedia.com/brand-trust/business-and-human-rights/our-approach?guccounter=1,Undated,2020-05-27
64,Oath Standards of Business Conduct,https://s.aolcdn.com/oath/global/Oath_SBC_10-19-17.pdf,2017-10-19,2020-06-01
65,Verizon Media Human Rights Impact Assessments,https://www.verizonmedia.com/brand-trust/business-and-human-rights/human-rights-impact-assessments,Undated,2020-06-01
66,GNI Public Report on the 2018/2019 Independent Company Assessments,https://globalnetworkinitiative.org/wp-content/uploads/2020/04/2018-2019-PAR.pdf,2020-04-22,2020-06-01
67,Contacting the Yahoo India Grievance Officer,https://in.help.yahoo.com/kb/yahoo-india-grievance-officer-sln28253.html,Undated,2020-06-01
68,Verizon Media Counter Notification,https://www.verizonmedia.com/policies/us/en/verizonmedia/ip/counter-notification/index.html,Undated,2020-06-01
69,Verizon Media Privacy Policy (Spanish),https://www.verizonmedia.com/policies/us/es/verizonmedia/privacy/index.html,2019-10-00,2020-06-01
70,Verizon Media Terms of Service (Spanish),https://www.verizonmedia.com/policies/us/es/verizonmedia/terms/otos/index.html,2018-05-25,2020-06-01
71,Verizon Media Community Guidelines (Spanish),https://www.verizonmedia.com/policies/us/es/verizonmedia/guidelines/index.html,Undated,2020-06-04
72,Verizon Media Transparency Report FAQ and Glossary - Subpoena definition,https://www.verizonmedia.com/transparency/about/faq-glossary.html,2020-01-23,2020-06-01
73,Verizon Media Transparency Report FAQ and Glossary - Pen register - Trap and trace definition,https://www.verizonmedia.com/transparency/about/faq-glossary.html,Undated,2020-06-01
74,Verizon Media Transparency Report FAQ and Glossary - Government Removal Request,https://www.verizonmedia.com/transparency/about/faq-glossary.html,Undated,2020-06-01
75,Verizon Media Transparency Report FAQ and Glossary - Title III definition,https://www.verizonmedia.com/transparency/about/faq-glossary.html,Undated,2020-06-07
76,Verizon Media Transparency Report FAQ and Glossary - FAQ on My content was removed,https://www.verizonmedia.com/transparency/about/faq-glossary.html,Undated,2020-06-01
77,Verizon Media Privacy Policy Feedback Form,https://io.help.yahoo.com/contact/index?page=contactform&locale=en_GB&token=Zh/BBVqXzLHlIbokbUqVWTUbuuQeXGkGgS3+4Rh5kxWAQXYZ547z+yK26uni4UA0O1a+++b/tE5ikYiKOhPFtVlVZxovW2Uv7TEUkxvieHSsOm15ZhJPh3uRAvgz8yWIJTDYG+rpzQM=&selectedChannel=email-icon&guccounter=1&guce_referrer=aHR0cHM6Ly93d3cudmVyaXpvbm1lZGlhLmNvbS9wb2xpY2llcy9jYS9lbi92ZXJpem9ubWVkaWEvcHJpdmFjeS9pbmRleC5odG1s&guce_referrer_sig=AQAAAG4lMF4y8N5SNdz4nHdV9pWqCXYo73rIhG4rdHQu00kU0mqxY7U6oYzP0pRe5iccWyPYmszCB5s10kCr5LbCaoeKf0FJO1ngVc9iet4AtEPTdF_VZQ-9WhuSLTK9mz_qOo5T84OxQ8Z_xuGEpfpkQjvOyF7IZTtczqdRKUUNaWkW,Undated,2020-06-01
78,Verizon Media Privacy - Enterprise account privacy policy,https://www.verizonmedia.com/policies/xw/en/verizonmedia/privacy/enterprise/b2bprivacypolicy/index.html,Undated,2020-06-01
79,Verizon Media Transparency Report FAQ and Glossary - Government Data Request,https://www.verizonmedia.com/transparency/about/faq-glossary.html,Undated,2020-06-01
80,Verizon Media Transparency Report FAQ and Glossary - Under what circumstances ...,https://www.verizonmedia.com/transparency/about/faq-glossary.html,Undated,2020-06-01
81,Verizon Media Transparency Report FAQ and Glossary - Search warrant,https://www.verizonmedia.com/transparency/about/faq-glossary.html,Undated,2020-06-01
82,Verizon Media Government Removal Requests report H1 2019,https://www.verizonmedia.com/transparency/reports/government-removal-requests.html,Undated,2020-06-17
83,Verizon Media Privacy Center Spanish,https://www.verizonmedia.com/policies/us/es/verizonmedia/privacy/adinfo/index.html,Undated,2020-06-17
84,Verizon Media Ad Serving Spanish,https://www.verizonmedia.com/policies/us/es/verizonmedia/privacy/topics/adserving/index.html,Undated,2020-06-17
85,Verizon Media Developer Network,https://developer.verizonmedia.com/native/advertiser/guide/targeting/third-party-audiences/,Undated,2020-06-19
86,How Digital Advertising Works,https://www.verizonmedia.com/policies/us/en/verizonmedia/privacy/advertising/index.html,Undated,2020-09-25
87,Cómo funciona la publicidad digital,https://www.verizonmedia.com/policies/us/es/verizonmedia/privacy/advertising/index.html,Undated,2020-09-25
88,Verizon Media Ad Policy Enforcement Updates and Change Log,https://adspecs.verizonmedia.com/pages/advertisingpolicies-changelog,2020-09-14,2020-09-28
89,Verizon’s efforts to combat online child exploitation FAQs,https://www.verizon.com/about/our-company/company-policies/verizons-efforts-combat-online-child-exploitation-faqs,Undated,2020-09-28
99,"FAQ for Communications Products & Analysis of Photos, Attachments & Other Content",https://www.verizonmedia.com/policies/us/en/verizonmedia/privacy/products/communications/faq/index.html,Undated,2020-09-28
100,Ad Interest Manager FAQ,https://www.verizonmedia.com/policies/us/en/verizonmedia/privacy/optoutfaq/index.html,Undated,2020-09-29
101,Verizon Media’s Vulnerability Disclosure Program Policy,https://www.verizonmedia.com/policies/xw/en/verizonmedia/coordinated-vulnerability-disclosure-program-policy/index.html,Undated,2020-09-29
102,Communication Products Policy,https://www.verizonmedia.com/policies/us/en/verizonmedia/privacy/products/communications/index.html#yahoomail,Undated,2020-09-30
103,(legacy) Yahoo Terms of Service,https://policies.yahoo.com/us/en/yahoo/terms/utos/index.htm,2018-01-02,2020-09-30
104,(legacy) Yahoo Privacy Policy,https://policies.yahoo.com/us/en/yahoo/privacy/index.htm?redirect=no,2017-06-13,2020-09-30
105,Verizon Ethics,https://secure.ethicspoint.com/domain/media/en/gui/60616/index.html,Undated,2020-10-08
106,Communication Products Policy (Spanish),https://www.verizonmedia.com/policies/us/es/verizonmedia/privacy/products/communications/index.html,Undated,2020-10-08
107,Verizon Media Analytics (Spanish),https://www.verizonmedia.com/policies/us/es/verizonmedia/privacy/topics/analytics/index.html,Undated,2020-10-08
108,Notifying our users of government-backed activity,https://verizon.com/about/news/notifying-our-users-government-backed-activity,2019-06-04,2020-10-09
