﻿SourceNr,DocumentTitle,URL,DocumentDate,DateAccessed
1,AI Principles of Telefónica EN,https://www.telefonica.com/en/web/responsible-business/our-commitments/ai-principles,Undated,2020-05-29
2,AI Principles of Telefónica ES,"https://www.telefonica.com/es/web/negocio-responsable/nuestros-compromisos/principios-ia#:~:text=Al%20procesar%20datos%20personales%2C%20y,de%20almacenamiento%2C%20integridad%20y%20confidencialidad.",Undated,2020-05-29
3,Human Rights Commitment (Spanish),https://www.telefonica.com/documents/364672/452649/TELF_Derechos-Humanos_compromiso_ESP-Infancia.pdf/605438d8-ffa7-4eed-9e96-ee4e0473e463,Undated,2020-05-29
4,Human Rights Commitment (English),https://www.telefonica.com/documents/1258915/1261831/human_rights_2.pdf/ce3dc304-0ffa-48d3-9679-df2318e702d0,Undated,2020-05-29
5,CONSOLIDATED MANAGEMENT REPORT 2019. EN,https://www.telefonica.com/documents/153952/13347920/2019-Telefonica-Consolidated-Management-Report.pdf/0a9c8382-c9ff-ba52-1d5b-e431a7efab3f,2020,2020-05-29
6,CONSOLIDATED MANAGEMENT REPORT 2019. ES,https://www.telefonica.com/documents/153952/13347843/Informe-de-Gestion-Consolidado-Telefonica-2019.pdf/8ebc45d9-0ac5-80d0-db51-b9a4e62583ec,2020,2020-05-29
7,Política de Privacidad (Spanish),http://www.movistar.es/estaticos/politica-privacidad.pdf,2020-07-01,2020-07-13
8,Integrated Report 2018 (English),https://www.telefonica.com/en/web/responsible-business/report-2018,2019-02-21,2020-06-02
9,Telefónica Business Principles (Spanish),https://www.telefonica.com/documents/153952/388559/NuestrosPrincipiosdeNegocioResponsable.pdf/32a5a501-a460-4a1b-9657-887e0404330a,Undated,2020-06-02
10,Telefónica Business Principles (English),https://www.telefonica.com/documents/153952/388559/OurBusinessPrinciples.pdf/adfea195-d91a-4718-8c6f-760f07f4cbdb,Undated,2020-06-02
11,Movistar Log of Privacy Policy (Spanish),https://www.movistar.es/particulares/atencion-cliente/todos-los-contratos/aplicaciones-y-servicios/ficha-descargas/historico-movistar-fusion,Undated,2020-06-03
12,Global Privacy Policy (English),https://www.telefonica.com/documents/153952/67280426/global-privacy-policy.pdf/8af815ca-cf53-d1f2-71ce-81f4866c75de,2018-01-09,2020-06-03
13,Política Global de Privacidad (Spanish),https://www.telefonica.com/documents/153952/67280426/politica-global-privacidad.pdf/6fea1f96-5d36-31fb-b997-11123bdb8830,2018-01-09,2020-06-03
14,Información adicional de privacidad,https://www.movistar.es/particulares/centro-de-privacidad?&optionSelected=infoadicional,Undated,2020-06-03
15,Términos. CONDICIONES GENERALES DEL SERVICIO TARJETA MÓVILES MOVISTAR.,https://www.movistar.es/rpmm/estaticos/residencial/movil/tarifas-voz/condiciones-generales-de-tarjeta.pdf,2018-05-24,2020-06-03
16,Términos. CONDICIONES GENERALES DE PRESTACIÓN MÓVILES MOVISTAR.,https://www.movistar.es/rpmm/estaticos/residencial/movil/tarifas-voz/condiciones-generales-de-contrato.pdf,2018-05-29,2020-06-04
17,Términos. CONDICIONES GENERALES DEL SERVICIO UNIVERSAL DE BANDA ANCHA DISPONIBLE AL PÚBLICO,https://www.movistar.es/rpmm/estaticos/residencial/fijo/banda-ancha-adsl/contratos/condiciones-generales-suba.pdf,Undated,2020-06-04
18,Movistar Log of Terms and Conditions Internet (Spanish),https://www.movistar.es/particulares/atencion-cliente/todos-los-contratos/aplicaciones-y-servicios/ficha-descargas/historico-movistar-internet,Undated,2020-06-04
19,Responsible communications regulation,https://www.telefonica.com/documents/364672/472633/Normativa-de-Comunicacion-Responsable-EN.pdf/72bd2a7b-c5e5-7015-70e3-4077f315799a,2019-10-29,2020-06-04
20,Transparency in Communications Report 2019 (spanish),https://www.telefonica.com/documents/153952/183394/Informe-Transparencia-Comunicaciones-2019.pdf/00cb6cba-dbe7-df8d-64d1-df8510830960,Undated,2020-06-05
21,Mobile Internet Service Conditions (Spanish),https://www.movistar.es/rpmm/estaticos/residencial/movil/tarifas-datos/condiciones-servicio-internet-movil.pdf,2018-01-05,2020-06-05
22,Telefonica Privacy and Security Center - Privacy,https://www.telefonica.com/en/web/about_telefonica/privacy-centre/privacy,2019-01-02,2020-06-05
23,Report on Transparency in Communications 2017 (English),https://www.telefonica.com/documents/153952/183394/Informe_Transparencia_Comunicaciones_Telefonica_EN.pdf/30519143-d3ab-50c3-1cb5-319a735fd9d3,Undated,2020-06-09
24,Global Law Enforcement Requirements Procedure (English),https://www.telefonica.com/documents/153952/67280426/requerimientos-principios-en.pdf/0b631937-7e09-982c-0c77-cb5ea0ab3e8e,Undated,2020-06-09
25,Report on Transparency in Communications 2019 (English),https://www.telefonica.com/documents/153952/183394/Report-Transparency-Communications-2019.pdf/b0ad559e-643d-8454-a2cf-ff80cd26dbac,2019-01-02,2020-06-09
26,Report on Transparency in Communications 2018 (English),https://www.telefonica.com/documents/153952/183394/Report-Transparency-Communications-2018.pdf/4f05af2f-1542-485f-ca5e-bb50da4a7468,2019-01-02,2020-06-10
27,Normativa de Comunicación Responsable ES,https://www.telefonica.com/documents/364672/472633/Normativa-de-Comunicacion-Responsable-ES.pdf/b6d5175f-68da-1eb8-234a-551832cc59f5,2020-01-05,2020-06-10
28,Cookie Policy (Spanish),http://www.movistar.es/particulares/centro-de-privacidad?&optionSelected=politica_cookies,Undated,2020-06-11
29,Procedure for receiving and processing communications received via the Responsible Business Channel (English),https://www.telefonica.com/documents/153952/141150866/Responsible_Business_Channel_Procedure_Receving_Processing_Communications.pdf/0a35d576-30ca-471b-5eef-d66dd807c69f,Undated,2020-06-11
30,Procedure to file a complaint or claim,https://www.telefonica.com/en/web/about_telefonica/responsible-business-channel,Undated,2020-06-11
31,Governance Model Rule on Personal Data Protection,https://www.telefonica.com/documents/153952/144056787/governance-model-rule-personal-data-protection.pdf/3d4020e9-fafc-2989-6cda-111bc2ac10f8,Undated,2020-06-11
32,Coordinated Vulnerability Disclosure on the Security,https://www.telefonica.com/en/web/about_telefonica/privacy-centre/security,2018-03-01,2020-06-12
33,Centro Némesys,http://www.movistar.es/estaticos/pdfs/seguridad/informacion_centro_nemesys.pdf,2009-01-09,2020-06-12
34,Risk Management (Spanish),http://www.movistar.es/particulares/centro-de-seguridad/,Undated,2020-06-12
35,Movistar Additional Information Webpage,https://www.movistar.es/particulares/centro-de-privacidad/#Para,Undated,2020-06-26
36,General Conditions Fixed Lines,https://www.movistar.es/rpmm/estaticos/residencial/fijo/lineas-individuales/contratos/condiciones-prestacion-servicio-telecomunicaciones-fijas.pdf,Undated,2020-06-26
37,Integrated Report 2019 (English),https://www.telefonica.com/documents/153952/13347920/2019-Telefonica-Consolidated-Management-Report.pdf/0a9c8382-c9ff-ba52-1d5b-e431a7efab3f,2020,2020-07-13
38,Movistar Centro de Privacidad (Privacy Center),https://www.movistar.es/particulares/centro-de-privacidad,2020-07-01,2020-07-13
39,Telefónica's Approach to the Responsible Use of AI,https://www.telefonica.com/documents/1258915/3538310/ia-responsible-governance.pdf/2e6fe3e7-5a66-718d-177d-430f5a12b963,Undated,2020-09-16
40,From AI Principles to Responsible AI: values,https://www.telefonica.com/en/web/public-policy/blog/article/-/blogs/from-ai-principles-to-responsible-ai-i-,2018-04-12,2020-09-16
41,Report on Transparency in Communications 2020 (English),https://www.telefonica.com/documents/153952/183394/Report-Transparency-Communications-2020.pdf/826611a3-7204-6ec9-e3d2-f4be7d4f87a5,Undated,2020-09-18
42,Our commitments: Human rights,https://www.telefonica.com/en/web/responsible-business/human-rights,Undated,2020-09-30
43,Our commitments: Ethics,https://www.telefonica.com/en/web/responsible-business/-/codigo-etico,Undated,2020-09-30
44,"Enfoque de Telefónica para un
uso responsable de la IA",https://www.telefonica.com/documents/364672/143939197/ia-uso-responsable.pdf/3f52a9e8-56fb-663a-335d-5ccdf1e7b968,Undated,2020-09-30
45,Aura Movistar Transparency Centre,https://aura.telefonica.com/dataprivacy,Undated,2020-10-07
46,Privacy & Data Control,https://aura.telefonica.com/public/papers/03-privacidad-y-control-de-los-datos-en.pdf,2019,2020-10-07
47,Digital wellbeing: Children,https://www.telefonica.com/en/web/responsible-business/digital-wellbeing/children/presentation,Undated,2020-10-07
48,Ethics page - Spanish,https://www.telefonica.com/es/web/negocio-responsable/nuestros-compromisos/codigo-etico,Undated,2020-10-07
