﻿SourceNr,DocumentTitle,URL,DocumentDate,DateAccessed
1,Baidu Privacy White Book/隐私保护白皮书,http://privacy.baidu.com/detail?id=290,Undated,2020-06-09
2,Baidu PostBar Help Center - Regarding Content Recovery/贴吧帮助中心 - 我的贴子为何会被删除，该如何解决？,http://tieba.baidu.com/helpcenter/index#/questions/ban-del/del/qa1,Undated,2020-06-09
3,Baidu Privacy Tips/隐私小贴士,http://privacy.baidu.com/detail?id=281,Undated,2020-06-09
4,Baidu Privacy Protection State/百度隐私权保护声明,https://www.baidu.com/duty/yinsiquan.html,Undated,2020-05-28
5,General Rules of Baidu Privacy Policy/百度隐私政策总则,http://privacy.baidu.com/detail?id=288,Undated,2020-05-28
6,Privacy Protection for Specific Products/特定产品的隐私保护,http://www.baidu.com/duty/yinsiquan-sub.html,Undated,2020-05-29
7,Netizen Rights Protection Scheme/百度网民权益保障计划,http://www.baidu.com/duty/baozhang.html,Undated,2020-05-28
8,Baidu User Agreement/百度用户协议,https://passport.baidu.com/static/passpc-account/html/protocal.html,Undated,2020-06-02
9,Baidu WangPan Terms of Service/百度网盘服务协议,https://pan.baidu.com/disk/duty/,Undated,2020-05-29
10,PostBar Agreement/贴吧协议,https://gsp0.baidu.com/5aAHeD3nKhI2p27j8IqW0jdnxx1xbK/tb/eula.html,Undated,2020-05-28
11,Baidu AI Public Platform Service Agreement/百度AI开放平台服务协议,https://ai.baidu.com/ai-doc/REFERENCE/kk3dwjg7d,2017-01-09,2020-06-04
12,Privacy Setting-Search History/隐私设置-搜索历史记录,https://passport.baidu.com/v2/?login&tpl=pc&extrajson=%7B%22l%22%3A%22%22%2C%22s%22%3A%22%22%2C%22src%22%3A%22se_070001%22%7D&u=https%3A%2F%2Fwww.baidu.com%2Fduty%2Fprivacysettings.html%3Ffrom%3Dyinsiwenzi,Undated,2020-06-01
13,Baidu Report Platform/百度举报平台,http://jubao.baidu.com/jubao/,Undated,2020-06-03
14,Baidu Security Response Center/百度安全应急响应中心,http://sec.baidu.com/views/main/index.html,Undated,2020-06-09
15,Rewarding Details of Loophole Reporting for Baidu Security Response Center (Version 5.0)/百度安全应急响应中心漏洞奖励细节V5.0,https://bsrc.baidu.com/%E7%99%BE%E5%BA%A6%E5%A4%96%E9%83%A8%E6%BC%8F%E6%B4%9E%E6%8A%A5%E5%91%8A%E5%A4%84%E7%90%86%E6%B5%81%E7%A8%8BV5.0-%E6%AD%A3%E5%BC%8F%E7%89%88.pdf,2018-11-01,2020-06-09
16,Baidu Service Center - How to View Recent Account Logins/百度服务中心 - 如何查看百度帐号的最近登录记录,http://help.baidu.com/question?prod_en=passport&class=9&id=2138,Undated,2020-06-09
17,Baidu Service Center Main Page/百度服务中心首页,http://help.baidu.com/index,Undated,2020-06-09
18,Register Baidu Account/注册百度账号,https://passport.baidu.com/v2/?reg&tt=1591133963687&overseas=undefined&gid=E29C630-F609-45D5-8272-E73D5FBE1A31&tpl=mn&u=http%3A%2F%2Fwww.baidu.com%2F,Undated,2020-06-02
19,Baidu WangPan/百度网盘,https://pan.baidu.com/,Undated,2020-05-29
20,Baidu PostBar/百度贴吧,https://tieba.baidu.com/index.html,Undated,2020-05-29
21,Baidu Homepage/百度首页,https://www.baidu.com/,Undated,2020-05-28
22,Baidu WangPan Help Center-FAQ/百度网盘帮助中心-热点FAQ,https://yun.baidu.com/disk/help,Undated,2020-05-29
23,Baidu PostBar's Complaint Rules/百度贴吧投诉规则,http://tieba.baidu.com/tb/tsgz/index.html,Undated,2020-06-04
24,Baidu Personal Information Protection Advice/个人信息保护咨询指引,http://help.baidu.com/personalinformation,Undated,2020-06-09
25,Baidu PostBar Help Center/贴吧帮助中心,http://tieba.baidu.com/helpcenter/index#/index,Undated,2020-06-09
26,Baidu Service Center for Baidu Postbar /百度服务中心-百度贴吧,http://help.baidu.com/question?prod_id=3,Undated,2020-06-09
27,Baidu PostBar's Public Notification Area for Violations / 百度贴吧违规信息处理公示,http://tieba.baidu.com/tb/zt/notice.html,Undated,2020-06-04
28,General Rules of Baidu Privacy Policy/百度隐私政策总则 (Old Site),http://www.baidu.com/duty/yinsiquan-policy.html,Undated,2020-06-10
29,Baidu Service Center for Baidu PostBar - Unblock Account /百度服务中心百度贴吧 - 账号解封,http://help.baidu.com/question?prod_id=3&class=405,Undated,2020-06-09
30,Baidu Service Center for Baidu PostBar - Complaint Center Intro / 百度服务中心百度贴吧 - 投诉中心简介,http://help.baidu.com/question?prod_id=3&class=393&id=2608,Undated,2020-06-09
31,"Baidu 2019 Environmental, Social and Governance Report/百度 2019 年
环境、社会及管治（ESG）报告",http://csr.baidu.com/Uploads/File/2020/05/18/u5ec2012383362.pdf,2020-05-18,2020-05-28
32,"Baidu 2019 Environmental, Social and Governance Report (English)",http://csr.baidu.com/Uploads/File/2020/05/18/u5ec20144d9c44.pdf,2020-05-18,2020-05-28
33,Baidu WangPan Privacy Policy/百度⽹盘隐私政策,https://pan.baidu.com/wap/privacy_policy,2019-01-08,2020-05-29
34,Baidu PostBar Privacy Policy/百度贴吧隐私政策,https://tieba.baidu.com/tb/cms/tieba-fe/tieba_promise.html,2018-10-30,2020-05-29
35,Baidu Search Advertising Policy Center Ten Forbidden Areas/百度搜索推广十大禁区,http://rules.baidu.com/overview?read=readForbidden,Undated,2020-06-03
36,Baidu Search Advertising Audit Policy/百度搜索推广审核政策,http://rules.baidu.com/overview?read=readAudit,Undated,2020-06-03
37,Baidu Search Advertising Technological Auditing Stategy/百度搜索推广技术审核策略,http://rules.baidu.com/overview?read=readStrategy,Undated,2020-06-03
38,Baidu Advertising Service Agreement/百度推广服务协议,http://e.baidu.com/accept.html,Undated,2020-06-03
39,Baidu 2019 Information Security Comprehensive Governance Yearly Report/2019信息安全综合治理年报,https://anquan.baidu.com/article/1046,2020-02-17,2020-06-03
40,Baidu Security Community/百度安全社区,https://anquan.baidu.com/forum,Undated,2020-06-03
41,Baidu June Information Security Comprehensive Governance Monthly Report/6月信息安全综合治理月报,https://anquan.baidu.com/article/858,2019-08-09,2020-06-03
42,Baidu July Information Security Comprehensive Governance Monthly Report/7月信息安全综合治理月报,https://anquan.baidu.com/article/893,2019-08-15,2020-06-03
43,Baidu October Information Security Comprehensive Governance Monthly Report/10月信息安全综合治理月报,https://anquan.baidu.com/article/1017,2019-11-20,2020-06-03
44,Baidu November Information Security Comprehensive Governance Monthly Report/11月信息安全综合治理月报,https://anquan.baidu.com/article/1038,2020-01-10,2020-06-03
45,Baidu PostBar User Privacy Management-Baidu Privacy Policy Platform/百度隐私政策平台-用户隐私管理-百度贴吧,http://privacy.baidu.com/detail?id=288,Undated,2020-06-25
46,Baidu Information Feed Advertisement/什么是百度信息流广告,http://yingxiao.baidu.com/new/home/help/details?id=16708&ly=helpcd,Undated,2020-06-27
47,Ten Forbidden Areas of Baidu Information Feed Promotion/百度信息流推广十大禁区,http://yingxiao.baidu.com/new/home/help/details?id=17004&ly=helpcd,Undated,2020-06-27
48,Banned Sectors of Feed Promotion/Feed禁止推广行业,http://yingxiao.baidu.com/new/home/help/details?id=17005&ly=helpcd,Undated,2020-06-27
49,Baidu Marketing Products Atlas/百度商业产品知识图谱,http://yingxiao.baidu.com/new/topic/607/index?ly=nav_list,Undated,2020-06-28
50,BaiduSearchPromotion-Group Targeting Product Introduction百度人群产品介绍,http://yingxiao.baidu.com/new/home/product/details?id=6116&ly=author_essay,2019-11-28,2020-06-28
51,Introduction of Baidu Information Feed Promotion Targeting System/百度信息流推广定向系统介绍,http://yingxiao.baidu.com/new/home/product/details?id=6943&ly=author_essay,2020-04-22,2020-06-28
52,Baidu 2020 March & April Information Security Comprehensive Governance Monthly Report/百度2020三月四月信息安全综合治理月报,https://anquan.baidu.com/article/1088,2020-05-27,2020-06-28
53,Baidu Service Center Q&A about How to Report in Baidu Search/百度服务中心百度搜索关于举报问题,https://help.baidu.com/search?keywords=%25E4%25B8%25BE%25E6%258A%25A5&undefined=%25E4%25B8%25BE%25E6%258A%25A5,Undated,2020-06-28
54,Baidu PostBar Comments Feedback Bar(official)/百度贴吧意见反馈吧,https://tieba.baidu.com/f?kw=%E8%B4%B4%E5%90%A7%E6%84%8F%E8%A7%81%E5%8F%8D%E9%A6%88&ie=utf-8,Undated,2020-06-28
55,The Public Notice about Punishment of Insulting Accounts between June 15 and June 21/关于6月15日~6月21日辱骂帐号的处罚公示,https://tieba.baidu.com/p/6764726922,2020-06-22,2020-06-28
56,Baidu Service Center Q&A about Log In from Other Place/我为什么会收到异地登录提醒邮件？,https://help.baidu.com/question?prod_en=passport&class=9&id=2137,Undated,2020-06-30
57,Baidu Notice to Right Holders/百度权利声明,https://www.baidu.com/duty/right.html,Undated,2020-07-08
58,Baidu Wangpan Notice to Right Holders/百度网盘权利声明,https://yun.baidu.com/disk/privacy,Undated,2020-07-08
59,The Public Notice about Punishment of Insulting Accounts between October 12th and 18th/【公告】关于10月12日~10月18日辱骂帐号的处罚公示,https://tieba.baidu.com/p/7029365041,2020-10-19,2020-10-21
60,Information Security Governance First Half Year Report of 2020/百度上半年信息安全综合治理情况(2020),http://esg.baidu.com/detail/302.html,Undated,2020-10-22
