﻿SourceNr,DocumentTitle,URL,DocumentDate,DateAccessed
1,Facebook Terms of Service,https://www.facebook.com/legal/terms,2019-07-31,2020-05-27
2,Facebook Community Standards,https://www.facebook.com/communitystandards/introduction,2020-05-01,2020-05-27
3,Instagram Terms of Use,https://help.instagram.com/581066165581870/,2018-04-19,2020-05-27
4,Instagram Community Guidelines,https://help.instagram.com/477434105621119/,Undated,2020-05-27
5,WhatsApp Terms of Service (section of Legal Info page),https://www.whatsapp.com/legal?eea=0#terms-of-service,2020-01-28,2020-05-27
6,Facebook Data Policy,https://www.facebook.com/policy.php,2020-08-31,2020-09-24
7,Deactivating or Deleting Your Account,https://www.facebook.com/help/250563911970368/,Undated,2020-05-27
8,Security Tips,https://www.facebook.com/help/379220725465972/,Undated,2020-06-03
9,Instagram Security Tips,https://help.instagram.com/369001149843369,Undated,2020-06-03
10,"WhatsApp FAQ: ""How to delete your account""",https://faq.whatsapp.com/en/android/21119703/,Undated,2020-05-27
11,Facebook two-factor authentication,https://www.facebook.com/help/148233965247823,Undated,2020-06-03
12,How do I get alerts about unrecognized logins? (Facebook help page),https://www.facebook.com/help/162968940433354?helpref=faq_content,Undated,2020-06-03
13,Explore your activity log (Facebook help page),https://www.facebook.com/help/activitylog,Undated,2020-06-03
14,Instagram two-factor authentication,https://help.instagram.com/566810106808145,Undated,2020-06-03
15,WhatsApp two-step verification,https://faq.whatsapp.com/en/android/26000021/,Undated,2020-06-03
16,GNI 2018/19 Independent Company Assessments,https://globalnetworkinitiative.org/wp-content/uploads/2020/04/2018-2019-PAR.pdf,2020-04-22,2020-05-27
19,Making Connections to Facebook more Secure,https://www.facebook.com/notes/protect-the-graph/making-connections-to-facebook-more-secure/1526085754298237/,2014-10-31,2020-06-03
20,Secret conversations (Facebook help page),https://www.facebook.com/help/messenger-app/1084673321594605/?helpref=hc_fnav,Undated,2020-06-03
21,Facebook Code of Conduct,https://s21.q4cdn.com/399680738/files/doc_downloads/governance_documents/2019/Code-of-Conduct-(June-10-2019).pdf,2019-06-10,2020-05-27
22,WhatsApp end to end encryption,https://faq.whatsapp.com/en/general/28030015,Undated,2020-06-03
23,Notifications for targeted attacks,https://www.facebook.com/notes/facebook-security/notifications-for-targeted-attacks/10153092994615766/,2015-10-16,2020-06-03
24,Facebook Bug Bounty Program,https://www.facebook.com/whitehat,2020-03-31,2020-06-03
26,Information for Law Enforcement Authorities,https://www.facebook.com/safety/groups/law/guidelines/,Undated,2020-05-27
28,Law enforcement and third party matters,https://www.facebook.com/help/473784375984502,Undated,2020-05-27
29,Facebook Advertising Policies,https://www.facebook.com/policies/ads/,Undated,2020-05-27
30,Understanding the Community Standards Enforcement Report,https://transparency.facebook.com/community-standards-enforcement/guide,Undated,2020-05-27
31,Copyright (Facebook help page),https://www.facebook.com/help/1020633957973118,Undated,2020-06-03
32,Publishing Our Internal Enforcement Guidelines and Expanding Our Appeals Process,https://newsroom.fb.com/news/2018/04/comprehensive-community-standards/,2018-04-24,2020-05-27
35,FACEBOOK INC. AND THE EU-U.S. and SWISS-U.S. PRIVACY SHIELD,https://m.facebook.com/about/privacyshield,Undated,2020-06-03
36,Copyright (Instagram help),https://help.instagram.com/585021874940806,Undated,2020-06-03
37,What names are allowed on Facebook?,https://www.facebook.com/help/112146705538576,Undated,2020-05-27
38,What types of ID does Facebook accept?,https://www.facebook.com/help/159096464162185,Undated,2020-05-27
39,Instagram information for law enforcement,https://help.instagram.com/494561080557017,Undated,2020-05-27
41,How does Facebook decide which ads to show me?,https://www.facebook.com/help/562973647153813,Undated,2020-05-27
42,What are my ad preferences and how can I adjust them?,https://www.facebook.com/help/247395082112892,Undated,2020-05-27
43,Community Standards Enforcement Report,https://transparency.facebook.com/community-standards-enforcement,2020-05-01,2020-05-27
45,Instagram - What can I do if I see an ad I don't like?,https://help.instagram.com/615366948510230,Undated,2020-05-27
46,Accessing and downloading your information,https://www.facebook.com/help/1701730696756992,Undated,2020-05-27
47,How do I download a copy of my information on Facebook?,https://www.facebook.com/help/212802592074644,Undated,2020-05-27
48,WhatsApp - Requesting your account information,https://faq.whatsapp.com/general/26000110,Undated,2020-05-27
49,Facebook cookies policy,https://www.facebook.com/policies/cookies/,2018-04-04,2020-05-27
50,Instagram cookies policy,https://help.instagram.com/1896641480634370,Undated,2020-05-27
53,Image privacy rights,https://www.facebook.com/help/428478523862899,Undated,2020-05-27
54,Trademark help page,https://www.facebook.com/help/507663689427413,Undated,2020-05-27
57,WhatsApp Help Page on banned accounts,https://faq.whatsapp.com/en/android/23154266,Undated,2020-05-27
58,Instagram: What can I do if my Instagram account has been disabled?,https://help.instagram.com/366993040048856,Undated,2020-05-27
59,Hard Questions: Who Should Decide What Is Hate Speech in an Online Global Community? (Blog post),https://newsroom.fb.com/news/2017/06/hard-questions-hate-speech/,2018-11-08,2020-05-27
60,How do I access or review my data on Instagram?,https://help.instagram.com/181231772500920,Undated,2020-05-28
61,Facebook Transparency: Content Restrictions Based on Local Law,https://transparency.facebook.com/content-restrictions,Undated,2020-05-29
62,Transparency Report: Intellectual property,https://transparency.facebook.com/intellectual-property,Undated,2020-05-30
63,Transparency Report: Content restrictions: India,https://transparency.facebook.com/content-restrictions/country/IN,Undated,2020-05-31
64,Transparency Report: Government data requests,https://transparency.facebook.com/government-data-requests,Undated,2020-06-01
65,Transparency Report: Government data requests: United States,https://transparency.facebook.com/government-data-requests/country/US,Undated,2020-06-02
66,WhatsApp information for law enforcement authorities,https://faq.whatsapp.com/en/android/26000050,Undated,2020-06-03
68,Facebook Artificial Intelligence Portal,https://ai.facebook.com,Undated,2020-05-27
69,Facebook Artificial Intelligence Portal: Research,https://ai.facebook.com/research#fundamental-and-applied,Undated,2020-05-27
70,News Feed,https://www.facebook.com/facebookmedia/solutions/news-feed,Undated,2020-05-27
71,WhatsApp Privacy Policy (section of Legal Info page),https://www.whatsapp.com/legal?eea=0#privacy-policy,2019-12-19,2020-05-27
73,Updating our data access tools (Blog post),https://about.fb.com/news/2020/03/data-access-tools/,2020-03-30,2020-05-27
74,How inferences work,https://about.fb.com/wp-content/uploads/2020/03/How-Inferences-Work.pdf,2020-03-30,2020-05-27
75,How do I delete my Instagram account?,https://help.instagram.com/139886812848894,Undated,2020-05-27
76,How do Facebook's Location Settings work?,https://www.facebook.com/help/278928889350358,Undated,2020-05-27
77,How do I disconnect my off-Facebook activity?,https://www.facebook.com/help/287199741901674,Undated,2020-05-27
78,Control the ads you see,https://www.facebook.com/help/1075880512458213,Undated,2020-05-27
79,How News Feed works,https://www.facebook.com/help/1155510281178725,Undated,2020-05-27
80,Control what you see in News Feed,https://www.facebook.com/help/964154640320617,Undated,2020-05-27
81,News Feed Ranking in Three Minutes Flat,https://about.fb.com/news/2018/05/inside-feed-news-feed-ranking,2018-05-22,2020-05-27
82,What does it mean to see first on Facebook?,https://www.facebook.com/help/1188278037864643,Undated,2020-05-27
83,How Instagram Feed works,https://help.instagram.com/1986234648360433,Undated,2020-05-27
84,How does Instagram determine which posts appear in Recommended for You?,https://help.instagram.com/381638392275939,Undated,2020-05-27
85,Statement of Rights and Responsibilities (archived Terms of Service),https://www.facebook.com/legal/terms/previous,2016-12-09,2020-05-27
86,Facebook Políticas de publicidad,https://es-la.facebook.com/policies/ads/,Undated,2020-05-27
87,Messenger Platform Policy,https://developers.facebook.com/docs/messenger-platform/policy/policy-overview/,Undated,2020-05-27
88,Custom audience terms,https://www.facebook.com/legal/terms/customaudience,2019-12-26,2020-05-27
89,About Facebook Ads,https://www.facebook.com/ads/about,Undated,2020-05-27
90,Facebook for Business: Ads targeting,https://www.facebook.com/business/ads/ad-targeting,Undated,2020-05-27
91,Instagram for Business: Advertising on Instagram,https://business.instagram.com/advertising/,Undated,2020-05-27
92,Stakeholder engagement,https://www.facebook.com/communitystandards/stakeholder_engagement,Undated,2020-05-27
93,Account Disable Policy Changes on Instagram (blog post),https://about.instagram.com/blog/announcements/account-disable-policy-changes-on-instagram,2019-07-18,2020-05-27
94,#SaferInternetDay (Instagram blog post),https://about.instagram.com/blog/announcements/safer-internet-day-2020/,2020-02-11,2020-05-27
95,An Independent Assessment of the Human Rights Impact of Facebook in Myanmar (Facebook Newsroom post),https://about.fb.com/news/2018/11/myanmar-hria/,2018-11-05,2020-05-27
96,An Update on Facebook’s Human Rights Work in Asia and Around the World (Facebook Newsroom post),https://about.fb.com/news/2020/05/human-rights-work-in-asia/,2020-05-12,2020-05-27
97,An Update on Building a Global Oversight Board (Facebook Newsroom post),https://about.fb.com/news/2019/12/oversight-board-update/,2019-12-12,2020-05-30
98,A new way to assess AI bias in object-recognition systems (Facebook AI blog post),https://ai.facebook.com/blog/new-way-to-assess-ai-bias-in-object-recognition-systems/,2019-06-07,2020-05-30
99,Advertising policy: Discriminatory practices,https://www.facebook.com/policies/ads/prohibited_content/discriminatory_practices,Undated,2020-05-30
100,Staying safe on WhatsApp (WhatsApp FAQ),https://faq.whatsapp.com/general/security-and-privacy/staying-safe-on-whatsapp,Undated,2020-05-30
101,About labels on Paid Partnership posts,https://www.facebook.com/business/help/213764212711862,Undated,2020-05-30
102,How ads get approved,https://www.facebook.com/business/a/ad-review-process,Undated,2020-05-30
103,WhatsApp Business Policy,https://www.whatsapp.com/legal/business-policy/?lang=en,2019-09-04,2020-05-30
104,Facebook Platform Policy,https://developers.facebook.com/policy,Undated,2020-05-30
105,About reaching new audiences,https://www.facebook.com/business/help/717368264947302,Undated,2020-05-30
106,"Doing more to protect against discrimination in housing, employment and credit advertising (Facebook Newsroom blog post)",https://about.fb.com/news/2019/03/protecting-against-discrimination-in-ads/,2019-03-19,2020-05-30
107,Reducing inauthentic activity on Instagram,https://about.instagram.com/blog/announcements/reducing-inauthentic-activity-on-instagram,2018-11-19,2020-05-30
108,Unauthorized use of automated or bulk messaging on WhatsApp,https://faq.whatsapp.com/general/security-and-privacy/unauthorized-use-of-automated-or-bulk-messaging-on-whatsapp/,Undated,2020-05-30
109,Stopping Abuse: How WhatsApp Fights Bulk Messaging and Automated Behavior,https://scontent.whatsapp.net/v/t61.22868-34/69510151_652112781951150_6923638360331596993_n.pdf/Stopping-Abuse-white-paper.pdf?_nc_sid=2fbf2a&_nc_ohc=o3y802CzVD8AX8mlKNH&_nc_ht=scontent.whatsapp.net&oh=28bcad3a2492609f42dedcd3a2b58d9b&oe=5EE30A0F,2019-02-06,2020-05-30
110,Two-factor authentication for Facebook now easier to set up (Facebook note),https://www.facebook.com/notes/facebook-security/two-factor-authentication-for-facebook-now-easier-to-set-up/10155341377090766/,2018-05-23,2020-05-30
111,Security features and tips,https://www.facebook.com/help/285695718429403,Undated,2020-05-30
112,How is Facebook preventing platform abuse?,https://www.facebook.com/help/197037474359260,Undated,2020-06-03
113,Designing security for billions (Facebook Newsroom post),https://about.fb.com/news/2019/01/designing-security-for-billions/,2019-01-25,2020-06-03
114,Report a privacy violation (Facebook help page),https://www.facebook.com/help/contact/144059062408922,Undated,2020-06-03
115,Hard Questions: What Are We Doing to Stay Ahead of Terrorists?,https://about.fb.com/news/2018/11/staying-ahead-of-terrorists/,2018-11-08,2020-06-09
116,Community Standards Enforcement (Facebook AI Blog Post),https://ai.facebook.com/blog/community-standards-report/,2019-11-13,2020-06-10
117,Facebook Terms of Service (U.S. policy),https://www.facebook.com/legal/terms,2019-07-31,2020-07-24
118,Instagram Terms of Use (U.S. policy),https://help.instagram.com/581066165581870/?helpref=hc_fnav&bc[0]=Instagram%20Help&bc[1]=Privacy%20and%20Safety%20Center,2018-04-19,2020-07-24
119,WhatsApp Commerce policy,https://www.whatsapp.com/policies/commerce-policy/,2019-09-04,2020-07-24
120,FTC Consent Decree,https://www.ftc.gov/system/files/documents/cases/182_3109_facebook_order_filed_7-24-19.pdf,2019-07-24,2020-09-24
121,FTC Agreement Brings Rigorous New Standards for Protecting Your Privacy (blog post),https://about.fb.com/news/2019/07/ftc-agreement/,2019-07-24,2020-09-24
122,Facebook's Civil Rights Audit - Final Report,https://about.fb.com/wp-content/uploads/2020/07/Civil-Rights-Audit-Final-Report.pdf,2020-07-08,2020-09-24
123,Making Progress on Civil Rights – But Still a Long Way to Go (blog post),https://about.fb.com/news/2020/07/civil-rights-audit-report/,2020-07-08,2020-09-24
124,Create Ads for Instagram,https://help.latest.instagram.com/1067656009937668,Undated,2020-09-24
125,Why am I seeing ads from an advertiser on Facebook? (help page),https://www.facebook.com/help/794535777607370,Undated,2020-09-24
126,Facebook Ad Library,https://www.facebook.com/ads/library/,Undated,2020-09-24
127,News Feed Publisher Principle Guidelines,https://www.facebook.com/business/help/718033381901819,2020-04-27,2020-09-24
128,We’re Updating Our Terms of Service to Better Explain How Facebook Works,https://about.fb.com/news/2019/06/updating-our-terms/,2019-06-27,2020-09-24
129,How does Facebook suggest groups for me to join? (help page),https://www.facebook.com/help/382485908586472,Undated,2020-09-24
130,Where do People You May Know suggestions come from on Facebook?,https://www.facebook.com/help/163810437015615,Undated,2020-09-24
131,Platform Terms,https://developers.facebook.com/terms/,2020-08-31,2020-09-24
132,Community Standards Enforcement: Fake accounts,https://transparency.facebook.com/community-standards-enforcement#fake-accounts,2020-08-11,2020-09-24
