﻿SourceNr,DocumentTitle,URL,DocumentDate,DateAccessed
1,Tencent Service Agreement (Chinese)/腾讯服务协议,http://www.qq.com/contract.shtml,Undated,2020-05-27
2,Tencent Corporate Social Responsibility Report 2018 (Chinese)/2018腾讯企业社会责任报告,https://cdc-tencent-com-1258344706.image.myqcloud.com/uploads/2019/12/18/7f3c3ae1a9d2898ba977eb801bc495a2.pdf,2019,2020-06-03
3,Tencent Corporate Social Responsibility Report 2018 (English),https://cdc-tencent-com-1258344706.image.myqcloud.com/uploads/2019/12/18/d2542a41fef548d8f1869477749d0b4d.pdf,2019,2020-06-03
4,Corporate Responsibility-User Privacy and Data Protection (Chinese)/企业责任用户隐私与数据保护,https://tencent.com/zh-cn/responsibility/user-privacy-and-data-protection.html,Undated,2020-06-03
5,Corporate Responsibility-User Privacy and Data Protection (English),https://tencent.com/en-us/responsibility/user-privacy-and-data-protection.html,Undated,2020-06-03
6,Tencent Privacy Protection Platform-Privacy Policy (Chinese) /腾讯隐私保护平台-隐私政策,https://privacy.qq.com/,2020-04-07,2020-06-03
7,Tencent Privacy Protection Platform-Privacy Policy (English),https://privacy.qq.com/,2020-04-07,2020-06-03
8,Qzone Terms of Service/QQ空间服务协议,https://qzone.qq.com/web/tk.html,Undated,2020-06-03
9,QQ Software License and Service Agreement/QQ软件许可及服务协议,https://ti.qq.com/agreement/index.html,Undated,2020-06-03
10,QQ Number Rules/QQ号码规则,https://ssl.zc.qq.com/chs/agreement1_chs.html,Undated,2020-06-03
11,QQ Group Service Agrement/QQ群服务协议,https://ti.qq.com/agreement/qqface.html?appname=mqq_qun_2019,Undated,2020-06-03
12,Agreement on Software License and Service of Tencent Weixin (WeChat simplified Chinese)/腾讯微信软件许可及服务协议,https://weixin.qq.com/cgi-bin/readtemplate?lang=zh_CN&t=weixin_agreement&s=default,Undated,2020-06-03
13,Agreement on Software License and Service of Tencent Weixin (Wexin English),https://weixin.qq.com/cgi-bin/readtemplate?lang=en&t=weixin_agreement&s=default&cc=CN,Undated,2020-06-03
14,Standards of Weixin (WeChat) Account Usage (simplified Chinese) /微信个人帐号使用规范,https://weixin.qq.com/cgi-bin/readtemplate?&t=page/agreement/personal_account&lang=zh_CN,Undated,2020-06-03
15,Standards of Weixin (WeChat) Account Usage (English),https://weixin.qq.com/cgi-bin/readtemplate?&t=page/agreement/personal_account&lang=en_US,Undated,2020-06-03
16,Tencent WeiYun (Tencent Cloud) Software License and Service Agreement/腾讯微云许可及服务协议,https://www.weiyun.com/xy.html,Undated,2020-06-03
17,Weixin (WeChat) Privacy Protection Guidelines (simplified Chinese)/微信隐私保护指引,https://weixin.qq.com/cgi-bin/readtemplate?lang=zh_CN&t=weixin_agreement&s=privacy,2020-03-23,2020-06-04
18,Weixin (WeChat) Privacy Protection Guideline (English),https://weixin.qq.com/cgi-bin/readtemplate?lang=en&t=weixin_agreement&s=privacy&cc=CN,2019-09-30,2020-06-04
19,Tencent Privacy Protection Platform-Privacy Protection Guidelines (Chinese)/腾讯隐私保护平台-隐私保护指引,https://privacy.qq.com/,Undated,2020-06-04
20,Tencent Privacy Protection Platform-Privacy Protection Guidelines (English),https://privacy.qq.com/,Undated,2020-06-04
21,Tencent Privacy Protection Platform-Product Manual-Qzone (Chinese)/腾讯隐私保护平台-产品设置-QQ空间,https://privacy.qq.com/,Undated,2020-06-04
22,Tencent Privacy Protection Platform-Product Manual-Qzone (English),https://privacy.qq.com/,Undated,2020-06-04
23,Tencent Privacy Protection Platform-Product Manual-QQ (Chinese)/腾讯隐私保护平台-产品设置-QQ,https://privacy.qq.com/,Undated,2020-06-04
24,Tencent Privacy Protection Platform-Product Manual-QQ (English),https://privacy.qq.com/,Undated,2020-06-04
25,Tencent Privacy Protection Platform-Product Manual-WeChat (Chinese)/腾讯隐私保护平台-产品设置-微信,https://privacy.qq.com/,Undated,2020-06-04
26,Tencent Privacy Protection Platform-Product Manual-WeChat (English),https://privacy.qq.com/,Undated,2020-06-04
27,QQ Privacy Protection Guidelines/QQ隐私保护指引,https://ti.qq.com/agreement/qqface.html?appname=mqq_2019,2019-11-14,2020-06-04
28,Children's Privacy Protection Statement/儿童隐私保护声明,https://privacy.qq.com/privacy-children.htm,Undated,2020-06-04
29,Tencent Privacy Protection Platform-About Our Advertising (Chinese)/腾讯隐私保护平台-关于广告,https://privacy.qq.com/advertisement.htm,Undated,2020-06-04
30,Tencent Privacy Protection Platform-About Our Advertising (English),https://privacy.qq.com/advertisement-en.htm,Undated,2020-06-04
31,Tencent Advertising Personalized Management (Opt-out)/腾讯广告个性化管理,https://privacy.qq.com/ads/optout.html,Undated,2020-06-04
32,Homepage of Tencent QQ.COM,https://www.qq.com/,Undated,2020-06-05
33,Website for Tencent's Investors (English),https://www.tencent.com/en-us/index.html,Undated,2020-06-05
34,Privacy Policy (Traditional Chinese)/私隱政策,https://www.tencent.com/zh-hk/privacy-policy.html,2018-05-14,2020-06-05
35,Privacy Policy (English),https://www.tencent.com/en-us/privacy-policy.html,2018-05-14,2020-06-05
36,Qzone Login Webpage/QQ空间登录页面,https://qzone.qq.com,Undated,2020-06-05
37,Tencent Legal Statement (for Investors),https://www.tencent.com/en-us/statement.html,Undated,2020-06-05
38,QQ Service Homepage,https://im.qq.com/,Undated,2020-06-05
39,QQ International Homepage,https://www.imqq.com/index.html,Undated,2020-06-06
40,QQ International Privacy Policy (Chinese) / QQ国际版隐私政策,https://www.imqq.com/privacy/privacy.html?v=1,2018-12-06,2020-06-06
41,QQ International Privacy Policy (English),https://www.imqq.com/privacy/privacy_En.html,2020-02-11,2020-06-06
42,Homepage of Wexin (WeChat),https://weixin.qq.com/,Undated,2020-06-06
43,Homepage of Weiyun (Tencent Cloud),https://www.weiyun.com,Undated,2020-06-06
44,Homepage of WeChat International (English),https://www.wechat.com/,Undated,2020-06-06
45,WeChat International Privacy Policy (English),https://www.wechat.com/en/privacy_policy.html,2020-04-09,2020-06-06
46,WeChat International Privacy Policy (Traditional Chinese for Hong Kong) /WeChat隱私政策,https://www.wechat.com/zh_HK/privacy_policy.html,2020-04-09,2020-06-06
47,WeChat International Terms of Service (English),https://www.wechat.com/en/service_terms.html,Undated,2020-06-06
48,WeChat International Terms of Service (Traditional Chinese for Hong Kong),https://www.wechat.com/zh_HK/service_terms.html,Undated,2020-06-06
51,"Tencent Customer Service - Search Result of ""Security"" / 腾讯客服 - 关键字“安全”的搜索结果",http://kf.qq.com/kf_search.html?search_key=%E5%AE%89%E5%85%A8&code=,Undated,2020-06-10
52,Tencent 110 - Security Class/腾讯110 - 安全课堂,https://110.qq.com/lesson.html,2020-05-30,2020-06-10
53,Tencent Customer Service - Account Protection - QQ Account /腾讯客服-帐号保护 - QQ帐号,https://kf.qq.com/product/zhzh.html#hid=1391,Undated,2020-06-10
54,Tencent Customer Service /腾讯客服,https://kf.qq.com,Undated,2020-06-10
55,Tencent Customer Service - QZone - How to Protect Security of QZone /腾讯客服 - QQ空间 - 如何保护QQ空间使用安全？,https://kf.qq.com/faq/161222YFfMZr161222fEv2ue.html,Undated,2020-06-10
56,WeiXin (WeChat) Security Center/ 微信安全,https://weixin110.qq.com/security/readtemplate?t=security_center_website/index&,Undated,2020-06-10
57,WeiXin (WeChat) Security Center - Security School / 微信安全 - 安全学堂,https://weixin110.qq.com/security/readtemplate?t=security_center_website/school,Undated,2020-06-10
58,QQ Security Center /QQ安全中心,https://aq.qq.com/cn2/index,Undated,2020-06-10
59,Tencent 110 (Security)/腾讯110,https://110.qq.com,Undated,2020-06-10
60,QQ FAQ page - How do I check my QQ login history?,http://kf.qq.com/faq/120322fu63YV130422f2uMNn.html,Undated,2020-06-10
61,QQ Security Center Mobile App Introduction Webpage / QQ安全中心手机版介绍,https://aq.qq.com/cn2/manage/mbtoken/mbtoken_home?source_id=2228,Undated,2020-06-10
62,Tencent Security Response Center/腾讯安全应急响应中心,https://security.tencent.com/index.php,Undated,2020-06-10
63,Tencent External Threat Intelligence Handling Procedure/腾讯外部威胁情报处理流程,https://security.tencent.com/uploadimg_dir/other/TSRC.pdf,2020-05-21,2020-06-10
64,Tencent Service Agreement (Traditional Chinese)/ 騰訊服務協議,https://www.tencent.com/zh-cn/service-agreement.html,2014-08-01,2020-06-10
65,Tencent Service Agreement (English),https://www.tencent.com/en-us/service-agreement.html,2014-08-01,2020-06-10
66,QZone Homepage After Login,https://user.qzone.qq.com/,Undated,2020-06-10
67,Promise to Resist Ilegal Advertising /抵制违法广告承诺书,https://www.qq.com/dzwfggcns.htm,2014-07-15,2020-06-11
68,Homepage of Tencent Adertising /腾讯广告,https://e.qq.com/ads/,Undated,2020-06-11
69,WeiXin (WeChat) Official Account Admin Platform Terms of Service (Chinese)/ 微信公众平台服务协议,https://mp.weixin.qq.com/cgi-biUndatednnounce?action=getannouncement&key=1503979103&version=1&lang=zh_CN&platform=2,Undated,2020-06-11
70,WeiXin (WeChat) Official Account Admin Platform – Terms of Service (English),https://mp.weixin.qq.com/cgi-biUndatednnounce?action=getannouncement&key=11531365616REOE3&version=1&lang=zh_CN&platform=2,Undated,2020-06-11
71,WeChat Official Account Operation Rules /微信公众平台运营规范,https://mp.weixin.qq.com/cgi-bin/readtemplate?t=business/faq_operation_tmpl&type=info&lang=zh_CN&token=,Undated,2020-06-11
72,QQ Terms of Service for International Users (traditional Chinese) / 服务条款,http://www.imqq.com/mobile/terms/terms.html?language=ch_simple,2018-05-15,2020-06-11
73,QQ Terms of Service for International Users (English),http://www.imqq.com/mobile/terms/terms.html?language=en,2018-05-15,2020-06-11
74,Tencent 110 - FAQ - Report /腾讯110 - 常见问题 - 举报,https://110.qq.com/faq.html,Undated,2020-06-11
75,Tencent 110 - FAQ - Report Records/腾讯110 - 常见问题 - 举报记录,https://110.qq.com/faq.html,Undated,2020-06-11
76,Wechat Personal User Infringement Complaint Guidelines/微信个人用户侵权投诉指引,https://support.weixin.qq.com/cgi-bin/mmsupport-bin/readtemplate?t=page/security_center__personal_infringement,Undated,2020-06-11
77,WeChat Security Center - How to File Complaint for Infringement against Personal Account / 如何进行微信个人帐号侵权投诉,https://weixin110.qq.com/security/readtemplate?t=person_report/guide,Undated,2020-06-11
78,QZone User Rules /QQ空间使用规则,https://qzone.qq.com/web/rule.html,Undated,2020-06-12
79,Rules of Penalties for Infringements by Advertisers on Tencent Advertising Platform v2.2 /腾讯广告平台广告主违规处罚条例v2.2,https://e.qq.com/ads/helpcenter/detail?cid=579&pid=2086,2020-06-01,2020-06-12
80,Rules of Sampling Inspection for Products Advertised by Direct E-Commerce Merchants /直营电商广告商品抽检管理规范,https://e.qq.com/ads/helpcenter/detail?cid=700&pid=2105,2019-03-18,2020-06-12
81,Tencent Customer Service --- FAQ: What to do if QZone shows it's blocked permanently? /QQ空间提示永久封闭怎么办？,https://kf.qq.com/faq/1612226nMv6J161222IRNfER.html,Undated,2020-06-19
82,Tencent Customer Service FAQ:QZoneLogsNotApproved /QQ空间日志审核不通过有哪些原因，怎么申诉？,https://kf.qq.com/faq/161221EBfUV3161221AnuMry.html,Undated,2020-06-19
83,Tencent Customer Service FAQ：Weixin Official Account Rights Infringement Appeal/公众号侵权申诉,https://kf.qq.com/faq/171211F3YNNj171211ZBNrUb.html,Undated,2020-06-19
84,Tencent Ads Review General Rule and Regulation/ 广告审核总则及规范,https://e.qq.com/ads/helpcenter/detail?cid=551&pid=1767,Undated,2020-06-20
85,Basic Compliance Requirement from Ads Law/基于广告法的基本合规要求,https://e.qq.com/ads/helpcenter/detail?cid=423&pid=1924,Undated,2020-06-20
86,Products Prohibited to Promote by Laws and Regulations/法律法规禁止推广产品,https://e.qq.com/ads/helpcenter/detail?cid=475&pid=1976,Undated,2020-06-20
87,Products Prohibited on Tencent Ads Platform/腾讯广告平台禁止接入产品,https://e.qq.com/ads/helpcenter/detail?cid=476&pid=1977,Undated,2020-06-20
88,Dating Ads Review Regulation/婚恋行业审核规则,https://e.qq.com/ads/helpcenter/detail?cid=458&pid=1960,Undated,2020-06-20
89,Tencent 110 Rule Violating Accounts Crackdown Report of May/腾讯110违规账号打击公示2020年五月,https://110.qq.com/article_detail.html?id=495F0B6ACE652008CD56,Undated,2020-06-20
90,Tencent 110 Rule Violating Accounts Crackdown Report of April/腾讯110违规账号打击公示2020年四月,https://110.qq.com/article_detail.html?id=3A315A02C8FCBB532857,Undated,2020-06-20
91,Tencent 110 Rule Violating Accounts Crackdown Report of March/腾讯110违规账号打击公示2020年三月,https://110.qq.com/article_detail.html?id=D995F598B0A80DC52203,Undated,2020-06-20
92,Tencent Ads Targeting/腾讯广告定向能力,https://e.qq.com/ads/helpcenter/detail?cid=503&pid=1771,Undated,2020-06-20
93,Weixin Ads Targeting/微信广告定向能力,https://ad.weixin.qq.com/guide/346,Undated,2020-06-20
94,QQ User Report(Flagging) Function/QQ用户举报功能,https://kf.qq.com/faq/161227viue2M1612276jAFNB.html,Undated,2020-06-20
95,QZoneOfficialAccountRecommendation and Exposure/QZone公众空间推荐与曝光,https://kf.qq.com/faq/160824QjQvAr160824zaAN3a.html,Undated,2020-06-20
96,Wexin Official Account Rights Infringement Procedure Guidance/微信公众号侵权投诉指引流程,https://kf.qq.com/faq/161221niyAnQ161221EVb2Qr.html,Undated,2020-06-20
97,Tencent CopyRights Protection Guidelines/腾讯版权保护指引,https://www.qq.com/copyright.shtml,Undated,2020-06-20
98,WeChat Official Account Rights Infringement Q&A Collection/公众号侵权疑难解答汇总,https://kf.qq.com/faq/170113QF7BVJ170113NvAJvA.html,Undated,2020-06-20
