﻿SourceNr,DocumentTitle,URL,DocumentDate,DateAccessed
1,Privacy policy,https://policies.google.com/privacy?fg=1,2020-03-31,2020-06-05
2,"Developer Policy Center: Privacy, Security, and Deception",https://play.google.com/about/privacy-security-deception/user-data/#!?zippy_activeEl=privacy-shield#privacy-shield,Undated,2020-06-05
3,Google Play Help - App Privacy Policies,https://support.google.com/googleplay/answer/2666094?hl=en&ref_topic=2450225,Undated,2020-06-05
4,Google AI,https://ai.google,Undated,2020-06-05
5,Google AI Principles,https://ai.google/principles,Undated,2020-06-05
6,UPDATES: PRIVACY POLICY,https://policies.google.com/privacy/archive?hl=en&gl=us,Undated,2020-06-08
7,Privacy & Terms - Advertising,https://policies.google.com/technologies/ads?hl=en,Undated,2020-06-08
8,Who are Google's partners?,https://policies.google.com/privacy/google-partners?fg=1,Undated,2020-06-08
9,How Google Retains Data we Collect,https://policies.google.com/technologies/retention,Undated,2020-06-09
10,How Google anonymizes data,https://policies.google.com/technologies/anonymization,Undated,2020-06-09
11,Privacy is personal,https://safety.google/privacy/privacy-controls/,Undated,2020-06-10
12,Manage your Location History,https://support.google.com/accounts/answer/3118687?hl=en,Undated,2020-06-10
13,Control your app permissions on Android 6.0 and up,https://support.google.com/googleplay/answer/6270602?hl=en&ref_topic=6046245,Undated,2020-06-10
14,Download your data,https://support.google.com/accounts/answer/3024190?hl=en,Undated,2020-06-10
15,Ads & Data,https://safety.google/privacy/ads-and-data/,Undated,2020-06-10
16,Control the ads you see,https://support.google.com/ads/answer/2662856?p=privpol_controlads&hl=en&visit_id=637082136953448342-430515561&rd=1,Undated,2020-06-10
17,How Google uses information from sites or apps that use our services,https://policies.google.com/technologies/partner-sites?hl=en,Undated,2020-06-10
18,"Turn ""Do Not Track"" on or off",https://support.google.com/chrome/answer/2790761?co=GENIE.Platform%3DDesktop&hl=en,Undated,2020-06-10
19,Google Terms of Service,https://policies.google.com/terms?hl=en,2020-03-31,2020-06-10
20,Gmail Program Policies,https://www.google.com/gmail/about/policy/,Undated,2020-06-10
21,YouTube Terms of Service,https://www.youtube.com/t/terms,2019-12-10,2020-06-10
22,YouTube Community Guidelines,https://www.youtube.com/about/policies/#community-guidelines,Undated,2020-06-10
23,YouTube Terms of Service - Spanish,https://www.youtube.com/t/terms,2019-12-10,2020-06-10
24,Google Play Terms of Service,https://play.google.com/intl/en_us/about/play-terms.html,2018-02-05,2020-06-16
25,Developer Program Policies (Google Play),https://play.google.com/about/developer-content-policy-print/,Undated,2020-06-16
26,Developer Distribution Agreement (Google Play),https://play.google.com/about/developer-distribution-agreement.html,2020-06-12,2020-06-16
27,Google Drive Additional Terms of Service,https://www.google.com/drive/terms-of-service/,2020-03-31,2020-06-16
28,Google Ads policies,https://support.google.com/adspolicy/answer/6008942?hl=en,Undated,2020-06-16
29,Personalized advertising,https://support.google.com/adspolicy/answer/143465?hl=en&ref_topic=7012636,Undated,2020-06-16
30,Updates: Terms of service,https://policies.google.com/terms/archive?hl=en,Undated,2020-06-16
31,YouTube Terms of Service - previous version,https://www.youtube.com/t/terms?archive=20180525,2018-05-25,2020-06-16
32,Google Play Terms of Service - archived version,https://play.google.com/intl/en_us/about/play-terms/archive/,2017-10-16,2020-06-16
33,Google Play Developer Distribution Agreement - Archived Version,https://play.google.com/about/developer-distribution-agreement/archive.html,Undated,2020-06-16
34,Google Play Developer Distribution Agreement - Summary of Changes,https://play.google.com/about/developer-distribution-agreement/summary.html,Undated,2020-06-17
35,Google Play - Updates and Other Resources,https://play.google.com/about/updates-resources/,Undated,2020-06-17
36,Google Drive Additional Terms of Service - previous version,https://www.google.com/drive/terms-of-service/archived/,2018-12-10,2020-06-17
37,"Google Ads Policies - Change Log, Past Changes","https://support.google.com/adspolicy/topic/7330871?hl=en&ref_topic=3230816,1308156,",Undated,2020-06-17
38,"Google Ads Policies - Change Log, Upcoming and Recent Changes","https://support.google.com/adspolicy/topic/29265?hl=en&ref_topic=3230816,1308156,",Undated,2020-06-17
39,Docs Editors Help - Abuse program policies and enforcement,https://support.google.com/docs/answer/148505,Undated,2020-06-17
40,Report inappropriate content,https://support.google.com/youtube/answer/2802027?hl=en,Undated,2020-06-17
41,How Content ID works,https://support.google.com/youtube/answer/2797370?hl=en,Undated,2020-06-17
42,YouTube Community Guidelines enforcement,https://transparencyreport.google.com/youtube-policy/removals?hl=en,Undated,2020-10-13
43,YouTube Trusted Flagger program,https://support.google.com/youtube/answer/7554338?ref_topic=7124235,Undated,2020-06-17
44,Copyright strike basics,https://support.google.com/youtube/answer/2814000?hl=en&ref_topic=2778545,Undated,2020-06-17
45,Android Security 2018 Year in Review,https://source.android.com/security/reports/Google_Android_Security_2018_Report_Final.pdf,Undated,2020-06-17
46,Android Security 2017 Year in Review,https://source.android.com/security/reports/Google_Android_Security_2017_Report_Final.pdf,Undated,2020-06-17
47,Play Console Help - report a policy violation,https://support.google.com/googleplay/android-developer/answer/1085703?h1=en,Undated,2020-06-17
48,How we make money with advertising,https://howwemakemoney.withgoogle.com/,Undated,2020-06-17
49,What happens if you violate our policies,https://support.google.com/adspolicy/answer/7187501,Undated,2020-06-17
50,Abusing the ad network,https://support.google.com/adspolicy/answer/6020954,Undated,2020-06-17
51,Google Account Help - Why you're seeing an ad,https://support.google.com/accounts/answer/1634057,Undated,2020-06-17
52,Google Ads Help - About Customer Match,https://support.google.com/google-ads/answer/6379332?hl=en,Undated,2020-06-17
53,Google Code of Conduct,https://abc.xyz/investor/other/google-code-of-conduct/,2018-07-31,2020-06-18
54,The GNI Principles,https://globalnetworkinitiative.org/gni-principles/,Undated,2020-06-18
55,Investor Relations,https://abc.xyz/investor/other/board.html,2019-04-24,2020-06-18
56,GNI Report 2018/2019,https://globalnetworkinitiative.org/wp-content/uploads/2020/04/2018-2019-PAR.pdf,Undated,2020-06-18
57,GNI Report 2015/2016,https://globalnetworkinitiative.org/wp-content/uploads/2018/02/Public-Report-2015-16-Independent-Company-Assessments.pdf,2016-07-01,2020-06-18
58,Developer Policy Center - Monetization and Ads,https://play.google.com/about/monetization-ads/ads/#!?zippy_activeEl=ad-id#ad-id,Undated,2020-06-18
59,"Google AI Principles updates, six months in",https://www.blog.google/technology/ai/google-ai-principles-updates-six-months/,2018-12-18,2020-06-18
60,Responsible Development of AI,https://ai.google/static/documents/responsible-development-of-ai.pdf,Undated,2020-06-18
61,Google Help - Digital Millennium Copyright Act,https://support.google.com/legal/answer/1120734,Undated,2020-06-18
62,European privacy requests Search removals FAQs,https://support.google.com/transparencyreport/answer/7347822?hl=en&ref_topic=7295796,Undated,2020-06-18
63,Google Search Help - Remove your personal information from Google,https://support.google.com/websearch/answer/3143948?hl=en&visit_id=637279147794015648-2514969691&rd=1,Undated,2020-06-18
64,Transparency Report - EU Delisting requests,https://transparencyreport.google.com/eu-privacy/overview,Undated,2020-06-22
65,Google Help - Your account is disabled,https://support.google.com/accounts/answer/40695?hl=en,Undated,2020-06-18
66,YouTube Help - Appeal Community Guidelines actions,https://support.google.com/youtube/answer/185111?hl=en&ref_topic=2803138,Undated,2020-06-18
67,YouTube Help - Submit a copyright counter notification,https://support.google.com/youtube/answer/2807684?hl=en&ref_topic=2778545,Undated,2020-06-18
68,YouTube Help - Dispute a Content ID claim,https://support.google.com/youtube/answer/2797454?hl=en&ref_topic=2778545,Undated,2020-06-18
69,YouTube Privacy Guidelines,https://support.google.com/youtube/answer/7671399?p=privacy_guidelines&hl=en&visit_id=636735775150301622-2155929330&rd=1,Undated,2020-06-18
70,YouTube Help - Privacy Complaint Process,https://support.google.com/youtube/answer/142443,Undated,2020-06-18
71,Google Play Help - Understanding Google Play developer account terminations,https://support.google.com/googleplay/android-developer/answer/2491922?hl=en&ref_topic=3453554,Undated,2020-06-18
72,Google Play Help - My app has been removed from Google Play,https://support.google.com/googleplay/android-developer/answer/2477981,Undated,2020-06-18
73,YouTube Help - Channel terminations,https://support.google.com/youtube/answer/2802168?hl=en&ref_topic=9387060,Undated,2020-06-18
74,Unable to access a Google product,https://support.google.com/accounts/contact/suspended?p=youtube&visit_id=637074381336706197-2528871700&rd=1,Undated,2020-06-18
75,How to handle a policy violation on Google Play,https://www.youtube.com/watch?v=xjRqFbTHUOQ&feature=youtu.be,Undated,2020-06-18
76,Play Protect Appeals Submission Form,https://support.google.com/googleplay/android-developer/contact/protectappeals,Undated,2020-06-19
77,Frequently Asked Questions about Google Accounts & Age Requirements,https://support.google.com/accounts/answer/1333913?hl=en,Undated,2020-06-19
78,Register for a Google Play Developer account,https://support.google.com/googleplay/android-developer/answer/6112435?hl=en,Undated,2020-06-19
79,How Search algorithms work,https://www.google.com/search/howsearchworks/algorithms/,Undated,2020-06-19
80,Search Quality Evaluator Guidelines,https://static.googleusercontent.com/media/guidelines.raterhub.com/en//searchqualityevaluatorguidelines.pdf,2019-12-05,2020-06-19
81,How Google Search works,https://www.google.com/search/howsearchworks/,Undated,2020-06-19
82,YouTube Help - Manage your recommendations and search results,https://support.google.com/youtube/answer/6342839?co=GENIE.Platform%3DAndroid&hl=en-GB,Undated,2020-06-19
83,Safeguarding your data,https://support.google.com/analytics/answer/6004245,Undated,2020-06-19
84,Google Vulnerability Reward Program (VRP) Rules,https://www.google.com/about/appsecurity/reward-program/index.html,Undated,2020-06-22
85,Google security whitepaper,https://services.google.com/fh/files/misc/google_security_wp.pdf,2019-01-01,2020-06-19
86,Android Security Rewards Program Rules,https://www.google.com/about/appsecurity/android-rewards/,Undated,2020-06-19
87,Nexus help - Learn when you'll get Android updates on Pixel phones & Nexus devices,https://support.google.com/nexus/answer/4457705?hl=en,Undated,2020-06-19
88,Building protection into everything we make,https://safety.google/security/built-in-protection/,Undated,2020-06-19
89,Protecting data for the long term with forward secrecy,https://security.googleblog.com/2011/11/protecting-data-for-long-term-with.html,2011-11-22,2020-06-19
90,Android Encryption,https://source.android.com/security/encryption/,2020-05-04,2020-06-19
91,Android Full-Disk Encryption,https://source.android.com/security/encryption/full-disk,2020-05-04,2020-06-19
92,Google 2 Step verification,https://www.google.com/intl/en/landing/2step/#tab=how-it-protects,Undated,2020-06-19
93,View & control activity in your account,https://support.google.com/accounts/answer/7028918,Undated,2020-06-19
94,Detecting suspicious activity on your account,https://support.google.com/accounts/answer/140921?hl=en,Undated,2020-06-19
95,Google Safety Center,https://safety.google/,Undated,2020-06-19
96,Tips to help you stay more secure online,https://safety.google/security/security-tips/,Undated,2020-06-19
97,Google Play Protect - Malware and Mobile unwanted software (MUwS),https://developers.google.com/android/play-protect/phacategories,2020-04-21,2020-06-19
98,Google Ads Blog - Stopping bad ads to protect users,https://blog.google/products/ads/stopping-bad-ads-to-protect-users/,2020-04-30,2020-06-19
99,Google Ads Blog - Enabling a safe digital advertising ecosystem,https://blog.google/products/ads/enabling-safe-digital-advertising-ecosystem/,2019-04-14,2020-06-19
100,Transparency Report - Government requests to remove content,https://transparencyreport.google.com/government-removals/overview,Undated,2020-06-22
101,Government requests to remove content FAQs,https://support.google.com/transparencyreport/answer/7347744?hl=en,Undated,2020-06-19
102,Transparency Report - Content delistings due to copyright,https://transparencyreport.google.com/copyright/overview?glance=,Undated,2020-06-22
103,Report Content for Legal Reasons,https://support.google.com/legal/answer/3110420?visit_id=1-636099807279170094-1010837504&hl=en&rd=2,Undated,2020-06-22
104,Copyright Infringement Notification Requirements,https://support.google.com/youtube/answer/6005900,Undated,2020-06-19
105,YouTube Help - Qualify for Content ID,https://support.google.com/youtube/answer/1311402?hl=en&ref_topic=2778544,Undated,2020-06-19
106,YouTube About - What is Fair Use?,https://www.youtube.com/about/copyright/fair-use/#yt-copyright-protection,Undated,2020-06-19
107,Report inappropriate reviews,https://support.google.com/googleplay/android-developer/answer/7318385,Undated,2020-06-19
108,Docs Help - Report a violation,https://support.google.com/docs/answer/2463296?visit_id=637280914284734087-1184925995&rd=1,Undated,2020-06-19
109,Frequently Asked Copyright Questions,https://support.google.com/legal/answer/4558836?hl=en&ref_topic=4558877,Undated,2020-06-19
110,Transparency Report - Government requests to remove content U.S.,https://transparencyreport.google.com/government-removals/by-country/US,Undated,2020-06-22
111,Maximize access to information,https://www.google.com/search/howsearchworks/mission/open-web/,Undated,2020-06-19
112,Community Guidelines strike basics,https://support.google.com/youtube/answer/2802032,Undated,2020-06-19
113,Play Console Help - Fair warnings,https://support.google.com/googleplay/android-developer/answer/2985876?hl=en,Undated,2020-06-19
114,Developer Policy Center - Enforcement Process,https://play.google.com/about/enforcement/enforcement-process/,Undated,2020-06-19
115,Transparency Report - Requests for User Information FAQs,https://support.google.com/transparencyreport/answer/9713961?visit_id=637281165505100732-3414262130&rd=1,Undated,2020-06-22
116,Google Privacy & Terms - How Google handles government requests for user information,https://policies.google.com/terms/information-requests,Undated,2020-06-19
117,Transparency Report - Global requests for user information,https://transparencyreport.google.com/user-data/overview?hl=en,Undated,2020-06-22
118,Transparency Report - United States national security requests for user information,https://transparencyreport.google.com/user-data/us-national-security?hl=en,Undated,2020-06-22
119,Transparency Report - United States National Security Requests FAQs,https://support.google.com/transparencyreport/answer/9713666,Undated,2020-06-19
120,Transparency Report - U.S. Legal Process FAQs,https://support.google.com/transparencyreport/answer/9700059,Undated,2020-06-19
121,"Transparency Report - YouTube Community Guidelines Enforcement, Appeals",https://transparencyreport.google.com/youtube-policy/appeals?hl=en,Undated,2020-06-22
122,List of Service-specific Terms,https://policies.google.com/terms/service-specific?hl=en-US,Undated,2020-06-20
123,BSR Google Celebrity Recognition API Human Rights Assessment (executive summary),https://www.bsr.org/reports/BSR-Google-CR-API-HRIA-Executive-Summary.pdf,2020-10-01,2020-06-25
124,Responsible AI: Putting our principles into action,https://www.blog.google/technology/ai/responsible-ai-principles/,2019-06-28,2020-06-25
125,Google security audits and certifications,https://static.googleusercontent.com/media/gsuite.google.com/fr//files/btd-sec-apps-2015-grey.pdf,2015-07-07,2020-06-25
126,Suspicious sign-in prevented email,https://support.google.com/accounts/answer/6063333?hl=en,Undated,2020-06-25
127,Keeping your private information private,https://www.blog.google/technology/safety-security/keeping-private-information-private/,2020-06-24,2020-06-25
128,Introducing auto-delete controls for your Location History and activity data,https://www.blog.google/technology/safety-security/automatically-delete-data/,2019-05-01,2020-06-25
129,Google Safety Center: Privacy controls,https://safety.google/intl/en/privacy/privacy-controls/,Undated,2020-06-26
130,Activity controls,https://myaccount.google.com/intro/activitycontrols?hl=en,Undated,2020-06-26
131,Policy Brief: Access’ position on zero rating schemes,https://www.accessnow.org/cms/assets/uploads/archive/Access-Position-Zero-Rating.pdf,Undated,2020-07-20
132,Cómo funcionan los algoritmos de búsqueda,https://www.google.com/intl/es_es/search/howsearchworks/algorithms/,Undated,2020-07-20
