﻿SourceNr,DocumentTitle,URL,DocumentDate,DateAccessed
1,Bharti Airtel Limited Human Rights Policy,https://www.airtel.in/sustainability-file-embedding-sustainability-human-rights-policy,Undated,2020-05-27
2,Bharit Airtel Human Rights Management,https://assets.airtel.in/static-assets/cms/Human-Rights-Management.pdf,Undated,2020-05-27
3,Bharti Airtel Integrated Report and Annual Accounts 2017-18,https://www.airtel.in/airtel-annual-report-2017-18/pdf/Integrated-Report-and-Annual-Accounts-2017-18_23ECC8BDA1E95FD635BA661CD7AC039D.pdf,2017-2018,2020-05-27
4,Bharti Airtel Business Responsibility Report 2017-18,https://www.airtel.in/airtel-annual-report-2017-18/pdf/stat-report/Business%20Responsibility%20Report.pdf,2017-2018,2020-05-27
5,Bharti Airtel Business Code of Conduct,https://www.airtel.in/partnerworld/Business_Code_of_conduct/,Undated,2020-05-28
6,Bharti Airtel Sustainability Report 2018,https://assets.airtel.in/static-assets/cms/Sustainability-Report-2018.pdf,2018,2020-05-28
7,Airtel Telecom Consumer Charter Hindi,https://s3-ap-southeast-1.amazonaws.com/bsy/iportal/images/Airtel_Telecom_Consumers_Charter_Hindi_2019_2_753A192AAC63446BC8429EBD2345F754.pdf,Undated,2020-05-28
8,Airtel Telecom Consumer Charter English,https://s3-ap-southeast-1.amazonaws.com/bsy/iportal/images/Airtel_Telecom_Consumers_Charter_English_2019_2_35D0D40BA4C1E5E477ACD4762C254385.pdf,Undated,2020-05-28
9,Airtel wifi Terms and Conditions,https://www.airtel.in/mobile/terms-conditions,Undated,2020-05-28
10,Airtel Broadband Unlimited Data Terms and Conditions,https://www.airtel.in/mobile/terms-conditions,Undated,2020-05-28
12,Bharit Airtel Annual Report 2018-19,https://www.airtel.in/airtel-annual-report-2018-19/pdf/airtel-2019.pdf,2018-19,2020-05-28
13,Airtel Cookie Policy,https://www.airtel.in/cookie-notice,2019-08-13,2020-05-28
14,Bharti Airtel Employee Code of Conduct,https://assets.airtel.in/static-assets/selfcare/pdf/Code_of_Conduct.pdf,Undated,2020-06-06
15,Important Alerts,https://www.airtel.in/forme/important-alerts,Undated,2020-06-02
16,Bharti Airtel India Sustainability Report 2017,https://www.airtel.in/sustainability-file/India_Sustainability_Report_2017,2017,2020-06-02
17,Airtel Online Privacy Policy,https://www.airtel.in/forme/privacy-policy,2019-08-13,2020-05-28
18,Bharti Airtel India Sustainability Report 2016,https://www.airtel.in/sustainability-file/India_Sustainability_Report_2016,2016,2020-06-02
19,Economic Times Trai bans zero rating,https://tech.economictimes.indiatimes.com/news/internet/trai-bans-zero-rating-takes-big-step-to-keep-neutrality-flag-flying/50910775?redirect=1,2016-02-09,2020-06-03
20,Airtel Broadband Digital Activation Terms and Conditions,https://www.airtel.in/broadband-digital-activation/tnc,Undated,2020-06-06
21,Postpaid Digital Activation ToS,https://www.airtel.in/mobile/terms-conditions,Undated,2020-06-06
22,Prepaid Digital Activation ToS,https://www.airtel.in/mobile/terms-conditions,Undated,2020-06-06
23,Aadhaar FAQ,https://www.airtel.in/link-aadhaar-mobile/,Undated,2020-06-10
24,Airtel COAI membership,https://www.coai.com/content/bharti-airtel-limited,Undated,2020-06-10
25,Airtel/DSCI membership,https://www.dsci.in/content/dsci-excellence-awards-2019,Undated,2020-06-10
