﻿SourceNr,DocumentTitle,URL,DocumentDate,DateAccessed
1,MailRu Group Terms of Service,https://help.mail.ru/legal/terms/common/ua,2019-11-21,2020-06-03
2,MailRu Mail Terms of Service,https://help.mail.ru/legal/terms/mail/ua,2019-09-04,2020-06-03
3,Mail.Ru Privacy Policy,https://help.mail.ru/legal/terms/common/privacy,2020-06-17,2020-06-23
4,Mail.Ru Mail Privacy Policy,https://help.mail.ru/legal/terms/mail/privacy,2020-03-16,2020-06-03
5,VK Terms of Service,https://vk.com/terms,Undated,2020-06-04
6,VK Cookies Policy,https://vk.com/privacy/cookies,2018-05-21,2020-06-04
7,VK Privacy Policy,https://vk.com/privacy,Undated,2020-06-04
8,VK Licence Agreement,https://vk.com/licence,2017-07-05,2020-06-22
9,VK Advertising Placement Rules,https://vk.com/ads?act=office_help&terms,2018-09-24,2020-06-22
10,VK Complaints Rules,https://vk.com/help?act=cc_terms,Undated,2020-06-25
11,VK Password Security,https://vk.com/@security-password,2018-02-26,2020-06-04
12,VK 2FA,https://vk.com/@security-dvuhfaktornaya-autentifikaciya-2fa,2019-03-25,2020-06-04
13,VK Bounty Program,https://hackerone.com/vkcom,2019-02-16,2020-06-04
14,VK Reform of Privacy,https://vk.com/blog/privacy,2018-08-31,2020-06-04
15,VK Data Protection Policy,https://m.vk.com/data_protection?section=principles&lang=ru,Undated,2020-06-04
16,VK Data Management Policy,https://m.vk.com/data_protection?lang=ru&section=rules,Undated,2020-06-04
17,VK Government Data Requests Policy,https://m.vk.com/data_protection?lang=ru&section=requests,circa August 2018,2020-06-04
18,MailRu Cloud Privacy Policy,https://help.mail.ru/legal/terms/cloud/privacy,2020-06-01,2020-06-22
19,MailRu Cloud License Agreement,https://help.mail.ru/legal/terms/cloud/LA,2018-06-18,2020-06-04
20,MailRu 2FA,https://help.mail.ru/mail/security/protection/2auth,Undated,2020-06-04
21,MailRu Password Security,https://help.mail.ru/mail/security/protection/password,Undated,2020-06-04
22,MailRu Annual Report 2019,https://corp.imgsmail.ru/media/files/mail.rugrouparfy2019.pdf,2019,2020-06-04
23,MailRu Bounty Program,https://hackerone.com/mailru,2020-06-03,2020-06-04
24,MailRu Agent Bounty Program,https://hackerone.com/icq,2020-04-11,2020-06-04
25,MailRu Security Technologies,https://help.mail.ru/mail/security/protection/mailru,Undated,2020-06-04
26,MailRu Social Responsibility,https://corp.mail.ru/ru/company/activity/,Undated,2020-06-04
27,MailRu Board Charter,https://corp.imgsmail.ru/media/files/polozhenie-o-sovete-direktorov-mail.ru-group-limited.pdf,2016-02-25,2020-06-04
28,MailRu Legal Responsibility,https://corp.imgsmail.ru/media/files/polozhenie-o-soblyudenii-mail.ru-group-limited-zakonodatelnyih-trebovanij.pdf,Undated,2020-06-04
29,MailRu Ethics,https://corp.imgsmail.ru/media/files/kodeks-delovoj-etiki-mail.ru-group-limited.pdf,2016-02-25,2020-06-04
30,MailRu RAEC charter,http://raec.ru/upload/iblock/7b3/ystav-raec-11-may-2016.pdf,2016-11-05,2020-06-04
31,MailRu Agent End User License Agreement,https://help.mail.ru/legal/terms/agent/ru/LA,2020-05-25,2020-06-22
32,MailRu Agent Video Terms of Service,https://agent.mail.ru/legal/videoterms/ru,2018-05-23,2020-06-04
33,MailRu Agent Cookie Policy,https://agent.mail.ru/legal/cookiepolicy/ru,2018-05-23,2020-06-04
34,MailRu Agent Privacy Policy,https://help.mail.ru/legal/terms/agent/ru/privacy,2020-04-14,2020-06-22
35,Opting Out of Data Processing for Targeted Advertising,https://target.my.com/optout/,Undated,2020-06-22
36,MailRu Group ESG Report 2019,https://corp.imgsmail.ru/media/files/esg2019.pdf,2020-06-25,2020-06-25
37,MailRu Group Solutions for Business,https://corp.mail.ru/ru/company/business/,Undated,2020-06-25
38,MailRu Advertising Legal Requirements,https://sales.mail.ru/ru/russia/tvsync/latest/legal/,2020-01-01,2020-06-25
39,MyTarget Advertising Moderation Rules,https://target.my.com/help/advertisers/moderation/ru,Undated,2020-06-25
40,MyTarget Audience Segments,https://target.my.com/help/advertisers/segments/ru,Undated,2020-06-25
41,MyTarget Glossary,https://target.my.com/help/advertisers/glossary/ru,Undated,2020-06-25
42,VK Target Audiences: Selection and Settings,https://vk.com/biz/article/vybor-celevoi-auditorii,Undated,2020-06-25
43,VK LookAlike Audiences,https://vk.com/biz/article/pohozhie-auditorii,Undated,2020-06-25
44,MyTarget LookAlike,https://target.my.com/help/advertisers/lookalike/ru,Undated,2020-06-25
45,MailRu Agent Developer Agreement,https://help.mail.ru/legal/terms/agent/ru/developersagreement,2018-05-23,2020-06-25
46,VK Bot Rules,https://vk.com/dev/bot_rules,Undated,2020-06-25
47,VK and MailRu Unite Ecosystems with Common Account,https://corp.mail.ru/ru/investors/info/10651/,2020-06-17,2020-06-30
48,VK Security Center: Social Responsibility,https://vk.com/safety?section=social,Undated,2020-06-28
49,VK Help Profile Access Why Is My Account Blocked,https://vk.com/support?act=faqs&c=11,Undated,2020-06-30
50,MailRu Annual Report 2015,https://corp.imgsmail.ru/media/files/mail.rugrouparfy2015.pdf,Undated,2020-06-30
51,MailRu Mail ID 2 FA,https://help.mail.ru/id/protection/2auth,Undated,2020-06-30
52,MailRu Connected Devices Check,https://help.mail.ru/id/protection/devices,Undated,2020-06-30
53,MailRu Signs of Unauthorised Access,https://help.mail.ru/id/hacked/signs,Undated,2020-06-30
54,VK Security Blog,https://vk.com/security,Undated,2020-06-30
