﻿SourceNr,DocumentTitle,URL,DocumentDate,DateAccessed
1,Protection des données personnelles,https://c.orange.fr/pages-juridiques/donnees-personnelles.html,2019-01-08,2020-06-01
2,General conditions of the Orange mobile offer,https://documentscontractuels.orange.fr/les-offres-orange-mobile_cg_929.pdf,2020-04-09,2020-06-01
3,General conditions of the Livebox offer,https://documentscontractuels.orange.fr/les-offres-orange-internet_cg_3164.pdf,2018-07-05,2020-06-01
4,General conditions of the fixed Orange Internet service,https://documentscontractuels.orange.fr/les-offres-orange-internet_cg_2068.pdf,2017-02-09,2020-06-01
5,General conditions of the internet fibre service,https://documentscontractuels.orange.fr/les-offres-du-fixe_cg_3252.pdf,2019-10-10,2020-06-01
6,General conditions of the fixed telephony service,https://documentscontractuels.orange.fr/les-offres-du-fixe_cg_1204.pdf,2019-05-16,2020-06-01
7,Orange Transparency report on Freedom of Expression and Protecting Privacy,https://gallery.orange.com/media/130d27b6-3660-4608-9d01-4fece18fbe79/#v=Version1&l=en&lc=0&p=2,2019-05-00,2020-06-02
8,"RAPPORT DE TRANSPARENCE D’ORANGE
EN MATIERE DE LIBERTE D’EXPRESSION ET DE RESPECT DE LA VIE PRIVEE",https://www.orange.com/fr/content/download/51641/1450784/version/2/file/190527_RAPPORT%20DE%20TRANSPARENCE%20libert%C3%A9%20d%27expression.pdf,2019-05-00,2020-06-02
9,Cookies : présentation,https://assistance.orange.fr/ordinateurs-peripheriques/installer-et-utiliser/la-recherche-et-navigation-sur-le-web-cookies/des-informations-sur-les-cookies/pc/cookies-presentation_226120-768184,Undated,2020-06-02
10,Confidentialité et cookies,https://www.orangeadvertising.fr/confidentialite-et-cookies/,Undated,2020-06-02
11,Données personnelles : exercer votre droit de rectification et d’opposition,https://assistance.orange.fr/assistance-commerciale/la-gestion-des-informations-personnelles/gerer-les-donnees-personnelles/donnees-personnelles-exercer-votre-droit-de-rectification-et-d-opposition_79793-80800#onglet1,Undated,2020-06-02
12,La Charte d’Orange relative à la protection des données personnelles et de la vie privée,http://c.orange.fr/Charte-Orange-relative-a-la-protection-des-donnees-personnelles-et-de-la-vie-privee.pdf,2010,2020-06-02
13,We ensure we respect fundamental freedoms and human rights,https://www.orange.com/en/Human-Inside/Our-commitment-to-society/pages/We-ensure-we-respect-fundamental-freedoms-and-human-rights,2019-08-08,2020-06-02
14,Respecting human rights,https://gallery.orange.com/media/5ebc3f7e-6688-4fb3-b5d9-676aa3875f74/#v=Version1&l=en&p=0,2019-05-01,2020-06-02
15,The Group Code of Ethics,https://www.orange.com/en/content/download/4813/67906/version/12/file/CHARTE-DE-DEONTOLOGIE_03-10_VA.pdf,Undated,2020-06-02
16,Integrated Annual Report,https://rai2019.orange.com/wp-content/uploads/sites/38/2020/05/rai_orange_2019_en_accessible.pdf,2019,2020-06-02
17,Ensuring responsible artificial intelligence and data use,https://www.orange.com/en/news/2020/May/Ensuring-responsible-artificial-intelligence-and-data-use,2020-05-25,2020-06-03
18,The Net Neutrality debate: Orange defends a sustainable and open public internet for all consumers,https://www.orange.com/en/content/download/2360/89457/version/11/file/Net_Neutrality_Orange+position_july+2014.pdf,July 2014,2020-06-04
19,Board of Directors' Internal Guidelines,https://www.orange.com/en/content/download/4815/67914/version/19/file/Board%20Internal%20Guidelines%20-%20revised%2012%20February%202020%20ENG.pdf,2020-02-12,2020-06-05
20,Christine Albanel,https://www.orange.com/en/Group/Governance/Executive-Committee/biographies/Christine-Albanel,2018-05-02,2020-06-05
21,Implementation of the GNI’s updated principles by Orange,https://www.orange.com/en/content/download/47112/1371120/version/2/file/180525_Orange_Principes%20GNI_VA.pdf,2018-05-25,2020-06-05
22,2020 Vigilance Plan,https://gallery.orange.com/rse/media/dd3948f6-477d-4cc1-b760-f75bf1caed04/#v=Version1&l=en&p=0,2020,2020-06-05
22.1,2020 Vigilance Plan (pages 12-13),https://gallery.orange.com/rse/media/dd3948f6-477d-4cc1-b760-f75bf1caed04/#v=Version1&l=en&p=12,2020,2020-06-05
22.2,2020 Vigilance Plan (pages 8-9),https://gallery.orange.com/rse/media/dd3948f6-477d-4cc1-b760-f75bf1caed04/#v=Version1&l=en&p=9,2020,2020-06-08
22.3,2020 Vigilance Plan (pages 6-7),https://gallery.orange.com/rse/media/dd3948f6-477d-4cc1-b760-f75bf1caed04/#v=Version1&l=en&p=6,2020,2020-06-08
22.4,2020 Vigilance Plan (page 10-11),https://gallery.orange.com/rse/media/dd3948f6-477d-4cc1-b760-f75bf1caed04/#v=Version1&l=en&p=10,2020,2020-06-08
23,CSR Review,https://www.orange.com/en/content/download/47067/1372046/version/5/file/180612_Bilan%20RSE%202017_EN.pdf,2017,2020-06-08
24,"Mes données, mon identité",https://bienvivreledigital.orange.fr/category/bibliotheque/mes-donnees-mon-identite/,Undated,2020-06-08
25,GNI Company assessments,https://globalnetworkinitiative.org/company-assessments/,2020-04-22,2020-06-07
26,GNI 2018/2019 assessments,https://globalnetworkinitiative.org/wp-content/uploads/2020/04/2018-2019-PAR.pdf,2020-04-22,2020-06-07
27,Orange Plan de Vigilance,https://www.orange.com/fr/content/download/46451/1361766/version/1/file/Plan%20de%20Vigilance%20%20Orange%202017%20(draft).pdf,2017,2020-06-07
28,Privacy Policy for Orange Business Services Corporate Customers and Prospects,https://www.orange-business.com/sites/default/files/obs-privacy-policy-customers-and-prospects_oct-2019.pdf,2020-10,2020-06-12
29,Orange presents its new strategic plan Engage 2025,https://www.orange.com/en/Press-Room/press-releases/press-releases-2019/Orange-presents-its-new-strategic-plan-Engage2025,2019-12-04,2020-06-12
30,Orange Advertising: Confidentialité et cookies,https://www.orangeadvertising.fr/confidentialite-et-cookies/,2020-06-04,2020-06-15
31,Contenus illicites: Signaler (Help page),https://assistance.orange.fr/ordinateurs-peripheriques/installer-et-utiliser/la-securite/risques-et-prevention/conseils-et-reglementation/contenus-illicites-signaler_62174-63051,Undated,2020-06-16
32,La cellule abuse (Help page),https://assistance.orange.fr/ordinateurs-peripheriques/installer-et-utiliser/la-securite/risques-et-prevention/phishing/la-cellule-abuse-presentation_40594-41412,Undated,2020-06-16
33,CERT Orange,https://www.orange.com/en/Footer/CERT-Orange,2020-10-26,2020-06-21
