﻿SourceNr,DocumentTitle,URL,DocumentDate,DateAccessed
1,América Móvil Sustainability webpage,http://www.americamovil.com/English/sustainability/sustainability-reports/default.aspx,Undated,2020-06-14
2,América Móvil Code of Ethics,https://s22.q4cdn.com/604986553/files/doc_downloads/code_ethics/code-of-ethics-2019.pdf,October 2019,2020-06-05
3,América Móvil Sustainability Report 2016,http://img1.telcel.com/sustentabilidad/en/AMX-SR-2016.pdf,2017,2020-06-14
4,América Móvil Sustainability Report 2017,http://s22.q4cdn.com/604986553/files/doc_downloads/sustainability/sustainability-report-2017.pdf,August 2018,2020-06-14
5,América Móvil Letter of Commitment to Global Compact,https://www.unglobalcompact.org/system/commitment_letters/78761/original/AMX.pdf?1456776342,2016-02-16,2020-06-14
6,América Móvil Board of Directors,http://www.americamovil.com/English/investors/leadership/board-of-directors/default.aspx,Undated,2020-06-14
7,América Móvil Management Team,http://www.americamovil.com/English/investors/leadership/management-team/default.aspx,Undated,2020-06-14
8,América Móvil Website Privacy Policy,http://www.americamovil.com/privacy,Undated,2020-06-14
9,América Móvil Group Website,http://www.americamovil.com/,Undated,2020-06-14
10,Federal Law on Telecommunications and Broadcasting,http://www.diputados.gob.mx/LeyesBiblio/pdf/LFTR_240120.pdf,2014-07-14,2020-06-14
11,Federal Law on Data Protection Possessed by Private Persons,http://www.diputados.gob.mx/LeyesBiblio/pdf/LFPDPPP.pdf,2010-07-05,2020-06-14
12,Telcel Homepage,http://www.telcel.com/,Undated,2020-06-14
13,Telcel Privacy Policy,http://www.telcel.com/aviso-de-privacidad,2019,2020-06-05
14,Telcel Board of Directors,http://www.telcel.com/mundo_telcel/quienes-somos/corporativo/directivos,Undated,2020-06-14
15,Telcel Code of Business Practices,https://www.telcel.com/content/dam/telcelcom/mundo-telcel/quienes-somos/corporativo/codigo-practicas/archivos/practicas-comerciales-telcel-v02.pdf,Undated,2020-06-05
16,Telcel Security Notices,http://www.telcel.com/mundo_telcel/quienes-somos/corporativo/avisos-de-seguridad,Undated,2020-06-14
17,Telcel Security Tips,http://www.telcel.com/content/dam/telcelcom/mundo-telcel/quienes-somos/corporativo/avisos-de-seguridad/archivos/diptico-tips-Telcel.pdf,Undated,2020-06-14
18,Telecommunications User Rights Charter,http://www.telcel.com/content/dam/telcelcom/mundo-telcel/quienes-somos/corporativo/carta-derechos-usuarios/archivos/Carta-de-derechos-de-los-usuarios.pdf,Undated,2020-06-14
19,Telcel Contract,http://www.telcel.com/mundo_telcel/quienes-somos/corporativo/contrato-prestacion-servicios,"September, 2019",2020-06-10
20,Anatel Mobile Privacy Webpage,http://www.anatel.org.mx/privacidad.php,Undated,2020-06-14
21,Telcel Net Neutrality Policy,http://www.telcel.com/mundo_telcel/quienes-somos/corporativo/neutralidad-de-red,Undated,2020-06-10
22,Telcel Terms and Conditions (Websites),http://www.telcel.com/terminos-y-condiciones,Undated,2020-06-14
23,Telcel Fair Use Policy,http://www.telcel.com/mundo_telcel/quienes-somos/corporativo/uso-justo,Undated,2020-06-14
24,Telcel Included Social Networks and Instant Messages Usage Policy,http://www.telcel.com/mundo_telcel/quienes-somos/corporativo/redes-sociales,Undated,2020-06-14
25,Telecommunications Federal Institute Guidelines for the Collaboration on Security and Justice (Original),http://dof.gob.mx/nota_detalle.php?codigo=5418339&fecha=02/12/2015,2015-12-02,2020-06-14
26,Telecommunications Federal Institute Guidelines for the Collaboration on Security and Justice (New),http://www.dof.gob.mx/nota_detalle.php?codigo=5517853&fecha=02/04/2018,2018-04-02,2020-06-14
27,Telcel Data Protection Form,http://www.telcel.com/content/dam/telcelcom/aviso-de-privacidad/documentos/formulario-datos-personales-telcel.pdf,Undated,2020-06-05
28,América Móvil Privacy Policy,http://s22.q4cdn.com/604986553/files/doc_downloads/privacy/Privacy-Policy.pdf,"March, 2018",2020-06-05
29,América Móvil Human Rights Policy,http://s22.q4cdn.com/604986553/files/doc_downloads/human_rights/Human-Rights-Policy.pdf,2019,2020-06-02
30,América Móvil Complaint Mechanism,https://denuncias.americamovil.com/,Undated,2020-06-14
31,América Móvil Privacy Policy Spanish,https://s22.q4cdn.com/604986553/files/doc_downloads/privacy/Pol%C3%ADtica-de-Privacidad.pdf,Undated,2020-06-14
32,"Telcel ""What you need to know about my contract"" page",https://www.telcel.com/mundo_telcel/quienes-somos/corporativo/contrato-prestacion-servicios,2019,2020-06-10
33,América Móvil Sustainability Report 2018,https://s22.q4cdn.com/604986553/files/doc_downloads/sustainability/AMX-SR-2018-ENG.PDF,2019,2020-06-14
34,Sustainability Report 2019,https://s22.q4cdn.com/604986553/files/doc_downloads/sustainability/2020/07/v2/2019-Sustainability-Report.pdf,Undated,2020-10-02
