﻿SourceNr,DocumentTitle,URL,DocumentDate,DateAccessed
1,Business Conduct Guidelines 2016 (K),https://images.samsung.com/is/content/samsung/p5/sec/aboutsamsung/2018/pdf/BusinessConductGuidelines.pdf,Undated,2020-06-01
2,Business Conduct Guidelines 2016 (E),https://images.samsung.com/is/content/samsung/p5/uk/aboutsamsung/2017/pdf/about-us-sustainability-report-and-policy-business-conduct-guidelines-2016-en.pdf,Undated,2020-06-01
3,Samsung Research AI,https://research.samsung.com/artificial-intelligence,Undated,2020-06-01
4,Sustainability Report 2019 (K),https://images.samsung.com/is/content/samsung/p5/sec/aboutsamsung/sustainability/pdf/2019/0828/Sustainability_report_2019_kr.pdf,Undated,2020-06-01
5,Sustainability Report 2019 (E),https://www.samsung.com/us/smg/content/dam/s7/home/aboutsamsung/sustainability/report-and-policy/sustainability_report_10242019/Sustainability_report_2019_en.pdf,Undated,2020-06-01
6,Samsung Service Terms and Conditions (K),https://account.samsung.com/membership/terms/termscontents,2020-01-17,2020-06-08
7,Samsung Service Terms and Conditions (E),https://account.samsung.com/membership/terms/termscontents,2020-01-17,2020-06-08
8,Samsung Galaxy Store Terms and Conditions (K),https://account.samsung.com/membership/terms/termscontentsbyservice/1,Undated,2020-06-08
9,Samsung Galaxy Store Terms and Conditions (E),https://account.samsung.com/membership/terms/termscontentsbyservice/0,Undated,2020-06-08
10,Privacy Policy (K),https://www.samsung.com/sec/info/privacy_new/,2020-10-08,2020-10-13
11,Privacy Policy for the U.S. (E),https://account.samsung.com/membership/terms/privacypolicy,2020-01-01,2020-06-08
12,Samsung Galaxy Store Seller Privacy Policy (K),https://seller.samsungapps.com/help/privacy.as?channel=common&localeLanguage=ko,2020-06-11,2020-10-13
13,Samsung Galaxy Store Seller Privacy Policy (E),https://seller.samsungapps.com/help/privacy.as?channel=common&localeLanguage=en,2019-12-18,2020-06-08
14,App Distribution Guide (K),https://seller.samsungapps.com/guide.as?subGuideId=1006604002&guidePageId=1006601001&dtCode=code01&localeLanguage=ko,Undated,2020-06-08
15,App Distribution Guide (E),https://seller.samsungapps.com/guide.as?subGuideId=1006604002&guidePageId=1006601001&dtCode=code01&localeLanguage=en,Undated,2020-06-08
16,Samsung Cloud Web (K),https://support.samsungcloud.com/#/login,2020-06-05,2020-06-08
17,List of Privacy Policy (K),https://account.samsung.com/membership/terms/pplistbyversion,Undated,2020-06-11
18,Notice (K),https://account.samsung.com/membership/notice/notice-list,Undated,2020-06-11
19,Galaxy Store Seller Portal Notice (K),https://seller.samsungapps.com/notice/getNoticeList.as,Undated,2020-06-11
20,FAQ Membership Termination,https://help.content.samsung.com/csweb/faq/searchFaq.do,Undated,2020-06-11
21,S20 User Manual (K),https://www.samsung.com/sec/support/model/SM-G988NZKAKOO/,Undated,2020-06-11
22,S20 User Manual (E),https://www.samsung.com/sec/support/model/SM-G988NZKAKOO/,Undated,2020-06-11
23,Samsung Galaxy Store Seller Terms and Conditions (K),https://seller.samsungapps.com/help/termsAndConditions.as?channel=mobile,2019-09-20,2020-06-12
24,Samsung Galaxy Store Seller Terms and Conditions (E),https://seller.samsungapps.com/help/termsAndConditions.as?channel=mobile&localeLanguage=en,2019-09-20,2020-06-12
25,Samsung Service ToS Revision Notice (K),https://account.samsung.com/membership/notice/notice-view/N000014276,2020-01-17,2020-06-12
26,FAQ: Are there any Apps that are prohibited (K),https://help.content.samsung.com/csseller/faq/searchFaq.do,Undated,2020-06-12
27,Sign Up (Legal Guardian's Verification) (K),https://account.samsung.com/accounts/v1/MBR/userVerifyNiceRequest,Undated,2020-06-12
28,FAQ: Which documents do I have to submit to request commercial status? (K),https://help.content.samsung.com/csseller/faq/searchFaq.do,Undated,2020-06-12
29,Ethics (K),https://www.samsung.com/sec/aboutsamsung/sustainability/ethics/,Undated,2020-06-12
30,Ethics (E),https://www.samsung.com/us/aboutsamsung/sustainability/ethics/,Undated,2020-06-12
31,Sustainability Report 2020 (K),https://www.samsung.com/sec/aboutsamsung/sustainability/report-and-policy/,Undated,2020-06-12
32,Sustainability Report 2020 (E),https://www.samsung.com/us/aboutsamsung/sustainability/report-and-policy/,Undated,2020-06-12
33,Samsung Security Reporting (E),https://security.samsungmobile.com/securityReporting.smsb,Undated,2020-06-12
34,Smart TV bug Bounty Program (E),https://samsungtvbounty.com/,Undated,2020-06-12
35,Samsung Knox Security Solution White Paper (E),https://images.samsung.com/is/content/samsung/p5/global/business/mobile/SamsungKnoxSecuritySolution.pdf,Undated,2020-06-12
36,Samsung Mobile Security Blog (E),https://security.samsungmobile.com/workScope.smsb,Undated,2020-06-12
37,Samsung Android Security Updates (E),https://security.samsungmobile.com/securityUpdate.smsb,Undated,2020-06-12
38,FAQ: What is 2-step verification? (K),https://help.content.samsung.com/csweb/faq/searchFaq.do,Undated,2020-06-12
39,FAQ: What is 2-step verification? (E),https://help.content.samsung.com/csweb/faq/searchFaq.do,Undated,2020-06-12
40,FAQ: How do I enable or disable 2-step verification? (K),https://help.content.samsung.com/csweb/faq/searchFaq.do,Undated,2020-06-12
41,FAQ: How do I enable or disable 2-step verification? (E),https://help.content.samsung.com/csweb/faq/searchFaq.do,Undated,2020-06-12
42,HackerOne Page,https://hackerone.com/samsung,Undated,2020-07-11
43,My Data-Samsung Privacy,https://privacy.samsung.com/#/mydata/overview,Undated,2020-07-29
44,Samsung Mobile Security,https://security.samsungmobile.com/main.smsb,Undated,2020-07-29
45,Keep your Samsung Account secure (2FA),https://account.samsung.com/membership/guide/2step/gate,Undated,2020-09-14
46,Where can I check my recent Login History?,https://help.content.samsung.com/csweb/faq/searchFaq.do,Undated,2020-09-14
47,What do I do if someone unauthorized accessed my account?,https://help.content.samsung.com/csweb/faq/searchFaq.do,Undated,2020-09-14
48,Knox certifications and guidance,https://www.samsungknox.com/en/knox-platform/knox-certifications,Undated,2020-09-14
