﻿SourceNr,DocumentTitle,URL,DocumentDate,DateAccessed
1,Human Rights - MTN Group,https://www.mtn.com/sustainability/sustainable-societies/human-rights/,Undated,2020-06-29
2,MTN Position on Digital Human Rights (March 2020 version),https://www.mtn.com/wp-content/uploads/2020/03/Human-Rights-positions-MTN%E2%80%99s-position-on-Digital-Human-Rights-.pdf,Undated,2020-06-29
3,"MTN’s approach to Digital Human Rights (Online Freedom of Expression, Privacy
and Security)",https://www.mtn.com/wp-content/uploads/2020/03/Human-Rights-positions-MTN%E2%80%99s-approach-to-Digital-Human-Rights-.pdf,2020-03-00,2020-06-29
4,Report Fraud Page,https://www.mtn.co.za/Pages/Report-fraud.aspx,Undated,2020-06-28
5,MTN 2019 Sustainability Report,https://www.mtn.com/wp-content/uploads/2020/03/MTN-Sustainability-report.pdf,Undated,2020-06-18
6,MTN Whistleblower Statement,https://www.mtn.com/wp-content/uploads/2020/03/MTN-position-on-Whistleblowing-redesigned.pdf,Undated,2020-06-29
7,MTN's Position on Human Rights: Due Dilligence Framework and FAQ,https://www.mtn.com/wp-content/uploads/2020/03/MTN_s-Position-on-Human-Rights-Due-Diligence-Framework-and-FAQ-1.pdf,Undated,2020-06-29
8,Privacy Policy and Notice,https://www.mtn.co.za/SiteCollectionDocuments/Privacy/Privacy%20Policy%20and%20Notice%20V2%2015112019.pdf,2018-11-12,2020-06-25
9,MTN Standard Subscriber Terms,https://www.mtn.co.za/Documents/supportPDF/MTNSubscriberTerms.pdf,2020-06-10,2020-06-24
10,MTN Short Subcriber Agreement,https://www.mtn.co.za/Documents/supportPDF/SubscriberAgreement.pdf,2020-03-00,2020-06-24
11,Pay As You Go Terms and Conditions,https://www.mtn.co.za/pages/termsandconditions.aspx,Undated,2020-06-24
12,MTN Postpaid Terms and Conditions,https://www.mtn.co.za/pages/termsandconditions.aspx,Undated,2020-06-24
13,Fixed Broadband Terms and Conditions,https://www.mtn.co.za/pages/termsandconditions.aspx,Undated,2020-06-24
14,Pay As You Go (PAYG) Bundles Promotional Terms and Conditions,https://www.mtn.co.za/pages/termsandconditions.aspx,2017-03-24,2020-06-25
15,Third Party Information Privacy Notice,https://www.mtn.co.za/SiteCollectionDocuments/Privacy/Third%20Party%20Information%20Privacy%20Notice%20-%20Final%2030April2020.pdf,2020-04-30,2020-06-25
16,Mobile Advertising Terms and Conditions,https://www.mtn.co.za/pages/termsandconditions.aspx,Undated,2020-06-25
17,PAIA Manual MTN,https://www.mtn.co.za/Documents/PAIADocuments/PAIA%20Manual%20MTN.pdf,2017-07-21,2020-06-25
18,Sim Card Registration (RICA),https://www.mtn.co.za/Pages/RICA.aspx,Undated,2020-06-26
19,No Data Facebook Terms and Conditions,https://www.mtn.co.za/pages/termsandconditions.aspx,2017-03-24,2020-06-26
20,Free Mode Facebook Terms and Conditions,https://www.mtn.co.za/pages/termsandconditions.aspx,Undated,2020-06-26
21,2017 Sustainability Report,https://www.mtn.com/wp-content/uploads/2019/02/MTN-Sustainability-Report-20171.pdf,Undated,2020-06-26
22,Social and Ethics Report,https://www.mtn.com/wp-content/uploads/2020/03/MTN-Social-and-ethics-report.pdf,Undated,2020-06-27
23,Business and Human Rights Resource Centre,https://www.business-humanrights.org/en/mtn-0,Undated,2020-06-27
24,Customer Complaints Procedure,https://www.mtn.co.za/Documents/supportPDF/MTN_Customer_Complaints_Procedure_A4.pdf,Undated,2020-06-28
25,MTN Integrated Report 2019,https://www.mtn.com/wp-content/uploads/2020/04/MTN-Integrated-report-Interactive.pdf,2020-12-31,2020-07-06
26,MTN Group webpage screenshot,https://www.mtn.com/,Undated,2020-07-06
27,MTN Hacker One Policy,https://hackerone.com/mtn_group?view_policy=true,Undated,2020-07-09
28,Data protection and privacy position document,https://www.mtn.com/wp-content/uploads/2020/09/MTN-position-on-Data-Protection-and-Privacy.pdf,Undated,2020-09-23
29,MTN Position on Digital Human Rights (September 2020 version),https://www.mtn.com/wp-content/uploads/2020/09/MTN-position-on-Digital-Human-Rights-1.pdf,Undated,2020-09-24
30,MTN Group's position on Whistleblowing (September 2020 version),https://www.mtn.com/wp-content/uploads/2020/09/MTN-position-on-Whistleblowing-1.pdf,Undated,2020-09-24
31,Postpaid Subscriber Agreement_Version 0.2 (URL goes to general T&C area because linking to the specific document is not possible),https://www.mtn.co.za/pages/termsandconditions.aspx,Undated,2020-10-14
