﻿SourceNr,DocumentTitle,URL,DocumentDate,DateAccessed
1,Etisalat Annual Report 2019,https://www.etisalat.com/en/system/docs/2020/Etisalat-Annual-Report-2019-English.pdf,2019,2020-06-02
2,Etisalat General Terms and Condition (En/Ar),https://www.etisalat.ae/en/system/wst/assets/docs/consumer/mobile/terms-and-conditions/general_terms_and_conditions_jan_2_2018.pdf,2018-01-02,2020-06-02
3,Etisalat privacy policy (En),https://www.etisalat.ae/en/footer/privacy-policy.jsp,2015-05-24,2020-06-02
4,Etisalat privacy policy (Ar),https://www.etisalat.ae/ar/footer/privacy-policy.jsp,2015-05-24,2020-06-02
5,Group Privacy policy,https://etisalat.com/en/about/privacy-policy.jsp,Undated,2020-06-02
6,Code of Conduct (En),https://www.etisalat.ae/en/system/wst/assets/docs/consumer/general/code-of-conduct.pdf,Undated,2020-06-02
7,Code of Conduct for customer  (En),https://www.etisalat.ae/en/system/wst/assets/docs/consumer/general/code-of-practice-for-customer-affairs.pdf,Undated,2020-06-04
8,Code of Conduct for customer  (Ar),https://www.etisalat.ae/en/system/wst/assets/docs/consumer/general/code-of-practice-for-customer-affairs-ar.pdf,Undated,2020-06-04
9,Mobile Registration Renewal,https://www.etisalat.ae/en/c/mobile-registration-renewal.jsp,Undated,2020-06-04
10,Etisalat Group Sustainability report,https://www.etisalat.com/en/system/docs/2019/etisalat-group-sustainability-report-2018.pdf,2018,2020-06-06
11,Etisalat- wasel terms and conditions prepaid,https://www.etisalat.ae/en/system/wst/assets/docs/consumer/mobile/terms-and-conditions/wasel-terms-and-conditions-prepaid.pdf,Undated,2020-06-06
12,terms and conditions postpaid plan,https://www.etisalat.ae/en/system/wst/assets/docs/consumer/mobile/freedom/New-freedom-plan-en.pdf,Undated,2020-06-06
13,Etisalat-13-eLife application,https://www.etisalat.ae/en/system/docs/consumer/pdf/en/eLifevaluepacks__application_form2017_en.pdf,2017,2020-06-10
14,Etisalat-Support,https://www.etisalat.ae/b2c/support-guest.html,Undated,2020-06-10
15,Etisalat Customer Service Charter,https://www.etisalat.ae/en/etisalat-customer-service-charter.jsp,Undated,2020-06-10
16,Block/Unblock websites,https://www.etisalat.ae/en/generic/contactus-forms/web-block-unblockn.jsp,Undated,2020-07-09
17,Etisalat e-Life application and terms (Ar),https://www.etisalat.ae/en/system/docs/consumer/pdf/en/eLifevaluepacks__application_form2017_ar.pdf,Undated,2020-07-09
18,Postpaid plan terms (Ar),https://www.etisalat.ae/en/system/wst/assets/docs/consumer/mobile/freedom/New-freedom-plan-ar.pdf,Undated,2020-07-09
19,SMS Marketing Platform,https://www.etisalat.ae/en/smb/digital-solutions/smart-messaging/sms-marketing.jsp,Undated,2020-07-09
20,General Terms and Conditions (Business),https://www.etisalat.ae/en/system/wst/assets/docs/business/mobile/terms-and-conditions/general_terms_and_conditions_business.pdf,2018-05-23,2020-07-09
