﻿SourceNr,DocumentTitle,URL,DocumentDate,DateAccessed
1,Twitter Terms of Service,https://twitter.com/en/tos,2020-06-18,2020-06-08
2,The Twitter Rules,https://help.twitter.com/en/rules-and-policies/twitter-rules,Undated,2020-06-08
3,Twitter Terms of Service - Spanish,https://twitter.com/es/tos,2020-06-18,2020-06-08
5,Twitter for Good,https://about.twitter.com/en_us/values/twitter-for-good.html,Undated,2020-06-08
6,Defending and respecting the rights of people using our service,https://help.twitter.com/en/rules-and-policies/defending-and-respecting-our-users-voice,Undated,2020-06-08
7,About your Twitter Timeline,https://help.twitter.com/en/using-twitter/twitter-timeline,Undated,2020-06-08
8,Using Deep Learning at Scale in Twitter’s Timelines,https://blog.twitter.com/engineering/en_us/topics/insights/2017/using-deep-learning-at-scale-in-twitters-timelines.html,2017-09-05,2020-06-08
9,Defining public interest on Twitter,https://blog.twitter.com/en_us/topics/company/2019/publicinterest.html,2019-06-29,2020-06-08
10,Automated copyright claims for live video,https://help.twitter.com/en/rules-and-policies/automated-claims-policy,Undated,2020-06-08
11,Twitter blog - Participating at Oslo Freedom Forum: ‘Davos for Dissidents’,https://blog.twitter.com/official/en_us/a/2016/participating-at-oslo-freedom-forum-davos-for-dissidents.html,Undated,2020-06-08
12,Twitter Trust and Safety Council,https://about.twitter.com/en_us/safety/safety-partners.html,Undated,2020-06-08
13,Previous Terms of Service,https://twitter.com/en/tos/previous,Undated,2020-06-08
14,How to report violations,https://support.twitter.com/articles/15789,Undated,2020-06-08
15,Enforcing Our Rules - Our Rules,https://about.twitter.com/en_us/safety/enforcing-our-rules.html,Undated,2020-06-08
16,Copyright policy,https://help.twitter.com/en/rules-and-policies/copyright-policy,Undated,2020-06-08
17,Our use of cookies and similar technologies - What are my privacy options,https://support.twitter.com/articles/20170514#privacy-options,Undated,2020-06-08
18,Our approach to policy development and enforcement philosophy,https://help.twitter.com/en/rules-and-policies/enforcement-philosophy,Undated,2020-06-08
19,Enforcing Our Rules - Enforcement,https://about.twitter.com/en_us/safety/enforcing-our-rules.html,Undated,2020-06-08
22,Privacy Policy,https://twitter.com/en/privacy,2020-06-18,2020-06-08
23,Privacy Policy - Spanish,https://twitter.com/es/privacy,2020-06-18,2020-06-08
24,Previous Privacy Policies,https://twitter.com/en/privacy/previous,Undated,2020-06-08
25,Our use of cookies and similar technologies,https://help.twitter.com/en/rules-and-policies/twitter-cookies#privacy-options,Undated,2020-06-08
26,About personalization based on your inferred identity,https://help.twitter.com/eUndatedbout-personalization-across-your-devices,Undated,2020-06-08
28,Guidelines for Law Enforcement,https://help.twitter.com/en/rules-and-policies/twitter-law-enforcement-support#,Undated,2020-06-08
29,"Twitter, our services, and corporate affiliates",https://help.twitter.com/en/rules-and-policies/twitter-services-and-corporate-affiliates,Undated,2020-06-08
30,Personalization based on where you see Twitter content across the web,https://help.twitter.com/en/using-twitter/tailored-suggestions,Undated,2020-06-08
31,Help Center - How to deactivate your account,https://help.twitter.com/en/managing-your-account/how-to-deactivate-twitter-account,Undated,2020-06-08
33,About country withheld content,https://help.twitter.com/en/rules-and-policies/tweet-withheld-by-country,Undated,2020-06-08
34,Twitter Legal Requests FAQs,https://help.twitter.com/en/rules-and-policies/twitter-legal-faqs,Undated,2020-06-08
36,Trademark policy,https://help.twitter.com/en/rules-and-policies/twitter-trademark-policy,Undated,2020-06-08
37,Transparency Report - Removal requests,https://transparency.twitter.com/en/removal-requests.html,Undated,2020-06-08
38,Transparency Report - Copyright Notices,https://transparency.twitter.com/en/copyright-notices.html,Undated,2020-06-08
39,Transparency Report - Trademark Notices,https://transparency.twitter.com/en/trademark-notices.html,Undated,2020-06-08
41,Tweet location FAQs,https://help.twitter.com/en/safety-and-security/tweet-location-settings#,Undated,2020-06-08
42,Twitter Help - How to download your Twitter archive,https://help.twitter.com/en/managing-your-account/how-to-download-your-twitter-archive,Undated,2020-06-08
43,Twitter Help - How to access your Twitter data,https://help.twitter.com/en/managing-your-account/accessing-your-twitter-data,Undated,2020-06-08
47,Annual Report 2018,https://s22.q4cdn.com/826641620/files/doc_financials/ar/2018/AnnualReport2018.pdf,Undated,2020-06-08
48,HackerOne - Twitter,https://hackerone.com/twitter,2018-08-17,2020-06-08
52,Twitter Help - How to use login verification,https://help.twitter.com/en/managing-your-account/two-factor-authentication,Undated,2020-06-08
53,Twitter Help - Help with locked or limited account,https://help.twitter.com/en/managing-your-account/locked-and-limited-accounts,Undated,2020-06-08
55,Safety Tools,https://about.twitter.com/en_us/safety/safety-tools.html,Undated,2020-06-08
57,Twitter Help - About suspended accounts,https://help.twitter.com/en/managing-your-account/suspended-twitter-accounts,Undated,2020-06-08
58,Twitter Help - Appeal an account suspension or locked account,https://help.twitter.com/forms/general?subtopic=suspended,Undated,2020-06-08
59,Twitter Help - I'm reporting exposed private information,https://help.twitter.com/forms/private_information,Undated,2020-06-08
60,Twitter Law Enforcement Request,https://help.twitter.com/forms/lawenforcement,Undated,2020-06-08
64,More clarity on reported Tweets and enforcement,https://blog.twitter.com/en_us/topics/product/2018/more-clarity-on-reported-tweets-and-enforcement.html,2018-10-17,2020-06-08
66,Transparency Report - Information Requests,https://transparency.twitter.com/en/information-requests.html,Undated,2020-06-08
67,"Transparency Report - Information Requests, U.S.",https://transparency.twitter.com/en/countries/us.html,Undated,2020-06-08
68,Twitter Privacy Request Form,https://help.twitter.com/forms/privacy,Undated,2020-06-08
69,Twitter Ads Policies,https://business.twitter.com/en/help/ads-policies/introduction-to-twitter-ads/twitter-ads-policies.html,Undated,2020-06-08
70,Prohibited Content policies,https://business.twitter.com/en/help/ads-policies/prohibited-content-policies.html,Undated,2020-06-08
71,Restricted Content Policies,https://business.twitter.com/en/help/ads-policies/restricted-content-policies.html,Undated,2020-06-08
72,Twitter Ads Approval,https://business.twitter.com/en/help/ads-policies/introduction-to-twitter-ads/about-twitter-ads-approval.html,Undated,2020-06-08
73,About eligibility for Twitter Ads,https://business.twitter.com/en/help/overview/about-eligibility-for-twitter-ads.html,Undated,2020-06-08
74,About Twitter Ads offboarding,https://business.twitter.com/en/help/ads-policies/other-policy-requirements/about-twitter-ads-offboarding.html,Undated,2020-06-08
75,How Twitter Ads work,https://business.twitter.com/en/help/troubleshooting/how-twitter-ads-work.html,Undated,2020-06-08
76,Policies for keyword targeting,https://business.twitter.com/en/help/ads-policies/other-policy-requirements/policies-for-keyword-targeting.html,Undated,2020-06-08
77,Policies for Conversion Tracking and Tailored Audiences,https://business.twitter.com/en/help/ads-policies/other-policy-requirements/policies-for-conversion-tracking-and-tailored-audiences.html,Undated,2020-06-08
78,About rules and best practices with account behaviors,https://help.twitter.com/en/rules-and-policies/twitter-rules-and-best-practices,Undated,2020-06-08
79,Report Twitter Ads,https://help.twitter.com/en/safety-and-security/reporting-twitter-ads,Undated,2020-06-08
80,Transparency Report / Twitter Rules enforcement,https://transparency.twitter.com/en/twitter-rules-enforcement.html,2019,2020-06-08
81,Ads Transparency Center,https://ads.twitter.com/transparency,Undated,2020-06-08
82,Political Content,https://business.twitter.com/en/help/ads-policies/prohibited-content-policies/political-content.html,Undated,2020-06-08
83,Platform manipulation,https://help.twitter.com/en/rules-and-policies/platform-manipulation,2019-09,2020-06-08
84,Transparency Report / Platform manipulation,https://transparency.twitter.com/en/platform-manipulation.html,2019,2020-06-08
85,Our Company - Vijaya Gadde bio,https://about.twitter.com/en_us/company.html,Undated,2020-06-08
87,Code of Business Conduct and Ethics,https://legal.twitter.com/code-of-business-conduct.html,2018-09,2020-06-08
88,Policy Brief: Access’ position on zero rating schemes,https://www.accessnow.org/cms/assets/uploads/archive/Access-Position-Zero-Rating.pdf,Undated,2020-06-08
89,Civic Engagement,https://about.twitter.com/en_us/values/civic-engagement.html,Undated,2020-06-08
90,Our range of enforcement options,https://help.twitter.com/en/rules-and-policies/enforcement-options,Undated,2020-06-08
91,Appeal an account suspension or locked account,https://help.twitter.com/forms/general?subtopic=suspended,Undated,2020-06-08
92,Tweet from @TwitterSafety,https://twitter.com/TwitterSafety/status/1113139073303089152?s=20,2019-04-02,2020-06-08
93,Private information policy,https://help.twitter.com/en/rules-and-policies/personal-information,2019-03,2020-06-08
94,What we have been doing to protect your privacy and data,https://blog.twitter.com/en_us/topics/company/2019/privacy_data_protection.html,2019-12-09,2020-06-08
95,Personalisation and data settings,https://help.twitter.com/en/personalization-data-settings,Undated,2020-06-23
96,State media,https://business.twitter.com/en/help/ads-policies/prohibited-content-policies/state-media.html,Undated,2020-06-23
98,Automation rules,https://help.twitter.com/en/rules-and-policies/twitter-automation,2017-11-03,2020-06-24
99,About account security,https://help.twitter.com/en/safety-and-security/account-security-tips,Undated,2020-07-01
100,Video explaining appeals process,https://help.twitter.com/en/managing-your-account/locked-and-limited-accounts#video,Undated,2020-10-09
101,Ads Policy Update Log,https://business.twitter.com/en/help/ads-policies/ads-policy-update-log.html,2020-01-00,2020-10-09
102,Bot or not? The facts about platform manipulation on Twitter,https://blog.twitter.com/en_us/topics/company/2020/bot-or-not.html,2020-05-18,2020-10-09
103,An issue with protected Tweets on Twitter for Android,https://help.twitter.com/en/protected-tweets-android,2019-01-17,2020-10-09
