﻿SourceNr,DocumentTitle,URL,DocumentDate,DateAccessed
1,ooredoo.com terms and conditions (English),https://www.ooredoo.com/en/terms_conditions/,2017-07-10,2020-06-02
2,ooredoo.com terms and conditions (Arabic),https://www.ooredoo.com/ar/terms_conditions/,2015-12-08,2020-06-02
3,Ooredoo.qa website Terms & Conditions,https://www.ooredoo.qa/portal/OoredooQatar/website-terms-and-conditions,Undated,2020-06-02
4,General Terms and Conditions for Consumer Services (English),https://www.ooredoo.qa/portal/OoredooQatar/general-terms-and-conditions,Undated,2020-06-02
5,General Terms and Conditions for Consumer Services (Arabic),https://www.ooredoo.qa/portal/OoredooQatar/general-terms-and-conditions,Undated,2020-06-02
6,ooredoo.qa  privacy policy (English),https://www.ooredoo.qa/portal/OoredooQatar/website-privacy-policy,2018-11-07,2020-06-02
7,ooredoo.qa website privacy policy (English),https://www.ooredoo.qa/portal/OoredooQatar/privacy-policy,Undated,2020-06-02
8,ooredoo.qa website privacy policy (Arabic),https://www.ooredoo.qa/portal/OoredooQatar/ar/privacy-policy,Undated,2020-06-02
9,Code of Business Conduct and Ethics (English),https://www.ooredoo.qa/portal/Satellite?blobcol=urldata&blobheader=application%2Fpdf&blobheadername1=Content-Disposition&blobheadername2=MDT-Type&blobheadervalue1=inline%3B+filename%3Dooredoo_code_of_ethics_en0.pdf&blobheadervalue2=abinary%3B+charset%3DUTF-8&blobkey=id&blobtable=MungoBlobs&blobwhere=1451241595629&ssbinary=true,Undated,2020-06-02
10,Code of Business Conduct and Ethics (Arabic),https://www.ooredoo.qa/portal/Satellite?blobcol=urldata&blobheader=application%2Fpdf&blobheadername1=Content-Disposition&blobheadername2=MDT-Type&blobheadervalue1=inline%3B+filename%3Dooredoo_code_of_ethics_ar0.pdf&blobheadervalue2=abinary%3B+charset%3DUTF-8&blobkey=id&blobtable=MungoBlobs&blobwhere=1451241595641&ssbinary=true,Undated,2020-06-02
31,Ooredoo Qatar Fiber (English),https://www.ooredoo.qa/portal/Satellite?blobcol=urldata&blobheader=application%2Fpdf&blobheadername1=Content-Disposition&blobheadername2=MDT-Type&blobheadervalue1=inline%3B+filename%3DFibre-Home+services-terms-and-conditions.pdf&blobheadervalue2=abinary%3B+charset%3DUTF-8&blobkey=id&blobtable=MungoBlobs&blobwhere=1451361149957&ssbinary=true,Undated,2020-06-02
33,Ooredoo Qatar Register My Ooredoo (English),https://www.ooredoo.qa/selfcare/#/register/en,Undated,2020-06-02
34,Ooredoo Qatar Register My Ooredoo (Arabic),https://www.ooredoo.qa/selfcare/#/register/en,Undated,2020-06-02
35,Ooredoo Business SMS,https://www.ooredoo.qa/portal/OoredooQatar/b2b-business-sms,Undated,2020-07-24
36,Master Services Agreement for Business,https://www.ooredoo.qa/portal/Satellite?blobcol=urldata&blobheader=application%2Fpdf&blobheadername1=Content-Disposition&blobheadername2=MDT-Type&blobheadervalue1=inline%3B+filename%3DMaster-Services-Agreement-en-21july.pdf&blobheadervalue2=abinary%3B+charset%3DUTF-8&blobkey=id&blobtable=MungoBlobs&blobwhere=1451606434761&ssbinary=true,Undated,2020-07-24
37,Ooredoo Customer Charter,https://www.ooredoo.qa/portal/Satellite?blobcol=urldata&blobheader=application%2Fpdf&blobheadername1=Content-Disposition&blobheadername2=MDT-Type&blobheadervalue1=inline%3B+filename%3Dour-customer-charter-en.pdf&blobheadervalue2=abinary%3B+charset%3DUTF-8&blobkey=id&blobtable=MungoBlobs&blobwhere=1451710869650&ssbinary=true,Undated,2020-10-15
