﻿SourceNr,DocumentTitle,URL,DocumentDate,DateAccessed
1,AT&T PREPAID℠ TERMS OF SERVICE,https://www.att.com/legal/terms.prepaidServiceAgreement.html,Undated,2020-05-27
2,Spanish-AT&T PREPAID℠ TERMS OF SERVICE,https://www.att.com/es-us/legal/terms.prepaidServiceAgreement.html#,Undated,2020-05-27
3,AT&T Postpaid Terms of Service,https://www.att.com/legal/terms.wirelessCustomerAgreement.html,Undated,2020-05-27
4,Spanish-AT&T Postpaid Terms of Service,https://www.att.com/es-us/legal/terms.wirelessCustomerAgreement-list.html,Undated,2020-05-29
5,Acceptable Use Policy,https://www.att.com/legal/terms.aup.html#,2017-07-28,2020-05-29
6,Spanish-Acceptable Use Policy,https://www.att.com/es-us/legal/terms.aup.html#,2017-07-28,2020-05-29
7,AT&T Internet Terms of Service,https://www.att.com/legal/terms.internetAttTermsOfService.html#,2020-01-14,2020-05-27
8,Spanish-AT&T Internet Terms of Service,https://www.att.com/es-us/legal/terms.internetAttTermsOfService.html,2020-01-14,2020-05-29
9,AT&T Privacy Policy,https://about.att.com/csr/home/privacy/full_privacy_policy.html,2020-06-19,2020-05-27
10,Spanish-AT&T Privacy Policy,https://www.att.com/es-us/sdabout/csr/home/privacy/full_privacy_policy.html,2020-03-16,2020-05-27
11,View past AT&T PREPAID usage,https://www.att.com/esupport/article.html#!/wireless/KM1048301,Undated,2020-05-29
12,Check Wireless Usage,https://www.att.com/esupport/article.html#!/wireless/KM1048294?gsi=XCFqLNY,Undated,2020-05-29
13,Manage Internet data usage,https://www.att.com/esupport/article.html#!/u-verse-high-speed-internet/KM1116099?gsi=NVVIfUY,Undated,2020-05-29
14,Video Transcript: How to Check Broadband Usage,https://www.att.com/esupport/article.html#!/u-verse-high-speed-internet/KM1116099?gsi=NVVIfUY,2016-05-17,2020-05-29
15,Transparency Report (February 2020),https://about.att.com/ecms/dam/csr/2019/library/transparency/2020%20February%20Report.pdf,2020-02-00,2020-06-01
16,AT&T's Second Report on Implementation of the Telecommunications Industry Dialogue’s Guiding Principles,https://about.att.com/content/dam/csr/PDFs/ATT_Industry_Dialogue_Reporting_Matrix.pdf,January 2017,2020-06-01
17,Copyright Infringement Policy,https://www.att.com/legal/terms.dmca.html,Undated,2020-05-29
18,Code of Business Conduct,https://ebiznet.sbc.com/attcode/assets/EnglishCOBC.pdf,August 2019,2020-06-03
20,AT&T Network Security Brief,https://about.att.com/csr/home/issue-brief-builder/people/network-security.html,Undated.,2020-06-04
21,AT&T Bug Bounty program,https://bugbounty.att.com/,Undated,2020-06-04
24,Fraud and Security Resources,https://www.att.com/support/fraud-and-security.html,Undated,2020-06-04
25,Broadband Information - Network Practices,https://about.att.com/sites/broadband/network,Undated,2020-06-01
26,AT&T Human Rights Policy,https://about.att.com/ecms/dam/csr/PDFs/Human_Rights_Policy.pdf,June 2019,2020-05-26
27,Issue Brief on Human Rights,https://about.att.com/csr/home/reporting/issue-brief/human-rights.html,None,2020-09-30
28,Issue Brief on Customer Privacy,https://about.att.com/csr/home/reporting/issue-brief/customer-privacy.html,None,2020-09-30
29,Artificial Intelligence at AT&T: Our Guiding Principles,https://policyforum.att.com/wp-content/uploads/2019/05/ATT_Innovations_AIGuidingPrinciples_053019.pdf,May 2019,2020-05-26
30,Enhanced Relevant Advertising Program Terms & Conditions,https://www.att.com/legal/terms.enhancedRelevantAdvertising.html,Undated,2020-05-28
31,From Raw Data to Real Solutions: How We’re Applying AI,https://about.att.com/innovationblog/2019/05/applied_ai.html,2019-05-24,2020-05-29
32,AT&T Acceptable Use Policy,https://www.corp.att.com/aup/subscription-form,Undated,2020-05-29
33,Issue Brief on Our Corporate Governance,https://about.att.com/csr/home/reporting/issue-brief/corporate-governance.html,Undated,2020-06-03
34,Cyber Aware Fraud Prevention Cybersecurity Program,https://about.att.com/pages/cyberaware,Undated,2020-06-04
35,Transparency Report (August 2020),https://about.att.com/csr/home/governance/transparency.html,August 2020,2020-09-30
36,Policies for Buying,https://docs.xandr.com/bundle/service-policies/page/policies-for-buying.html,2020-06-14,2020-10-07
