﻿SourceNr,DocumentTitle,URL,DocumentDate,DateAccessed
1,Amazon Privacy Notice,https://www.amazon.com/gp/help/customer/display.html?ie=UTF8&language=en_US&nodeId=468496&ref_=footer_privacy,2020-01-01,2020-05-26
2,Amazon Privacy Notice (Spanish),https://www.amazon.com/gp/help/customer/display.html?ie=UTF8&language=es_US&nodeId=468496&ref_=footer_privacy,2020-01-01,2020-05-26
3,Amazon Developer Services Agreement,https://developer.amazon.com/support/legal/da,2020-01-01,2020-05-26
4,Policy Testing - Alexa Skills Kit,https://developer.amazon.com/en-US/docs/alexa/custom-skills/policy-testing-for-an-alexa-skill.html,Undated,2020-05-26
5,"Help & Customer Service - Alexa, Echo Devices, and Your Privacy",https://www.amazon.com/gp/help/customer/display.html?nodeId=GVP69FUJ48X9DK8V,Undated,2020-05-28
6,Cookies policy,"https://www.amazon.com/gp/help/customer/display.html?nodeId=201890250#:~:text=Amazon's%20cookies%20allow%20you%20to,require%20you%20to%20sign%20in.",2020-01-01,2020-06-16
7,Delete Alexa Voice Profiles,https://www.amazon.com/gp/help/customer/display.html?nodeId=GVGTM57CWHHHFMY6,Undated,2020-06-16
8,Delete Some or All of Your Voice History,https://www.amazon.com/gp/help/customer/display.html/ref=hp_left_v4_sib?ie=UTF8&nodeId=GVLEU55A9NDZRWBU,Undated,2020-06-16
9,Ask Alexa to Delete Your Voice History,https://www.amazon.com/gp/help/customer/display.html/ref=hp_left_v4_sib?ie=UTF8&nodeId=GYRPHMGANH7M2BNH,Undated,2020-06-16
10,Amazon Advertising Preferences,https://www.amazon.com/adprefs,Undated,2020-06-16
11,Location Services Skills Alexa,https://developer.amazon.com/en-US/docs/alexa/custom-skills/location-services-for-alexa-skills.html,Undated,2020-06-16
12,Interest Based Ads,https://www.amazon.com/gp/help/customer/display.html?nodeId=202075050,Undated,2020-06-16
13,Amazon Global Human Rights Principles,https://sustainability.aboutamazon.com/governance/amazon-global-human-rights-principles,Undated,2020-06-16
14,Employee Training,https://sustainability.aboutamazon.com/social-responsibility#section-nav-id-2,Undated,2020-06-16
15,Employee Training on Human Trafficking,https://sustainability.aboutamazon.com/social-responsibility/training-on-human-trafficking,Undated,2020-06-16
16,Code of Business Conduct and Ethics,"https://ir.aboutamazon.com/corporate-governance/documents-and-charters/code-of-business-conduct-and-ethics/default.aspx#:~:text=Code%20of%20Business%20Conduct%20and%20Ethics,best%20interests%20of%20Amazon.com.&text=A%20%22conflict%20of%20interest%22%20exists,best%20interests%20of%20Amazon.com.",Undated,2020-06-16
17,Sustainability Key Commitments,https://sustainability.aboutamazon.com/key-commitments,Undated,2020-06-17
18,Sustainability Partnerships,https://sustainability.aboutamazon.com/governance/sustainability-partnerships,Undated,2020-06-17
19,Report Infringement - Copyright,https://www.amazon.com/report/infringement,Undated,2020-06-17
20,Amazon Help - Law Enforcement Information Requests,https://www.amazon.com/gp/help/customer/display.html?nodeId=GYSDRGWQ2C2CRYEF,Undated,2020-06-20
21,Information Requests Transparency Report December 2019,https://d1.awsstatic.com/certifications/Information_Request_Report_December_2019.pdf,Undated,2020-06-20
22,Amazon Conditions of Use,https://www.amazon.com/gp/help/customer/display.html?ie=UTF8&nodeId=508088&ref_=footer_cou,2018-05-21,2020-06-20
23,Alexa Terms of Use,https://www.amazon.com/gp/help/customer/display.html?nodeId=201809740,2020-04-28,2020-06-20
24,Amazon Conditions of Use - Spanish,https://www.amazon.com/gp/help/customer/display.html?ie=UTF8&language=es_US&nodeId=508088&ref_=footer_cou,2020-04-28,2020-06-20
25,Alexa Terms of Use - Spanish,https://www.amazon.com/gp/help/customer/display.html?language=es_US&nodeId=201809740,2020-04-28,2020-06-20
26,Ad Specs and Policies,https://advertising.amazon.com/en-us/resources/ad-specs,Undated,2020-06-20
27,Amazon Developer Services Agreement,https://developer.amazon.com/support/legal/da,Undated,2020-06-20
28,Creative Acceptance Policies,https://advertising.amazon.com/en-us/resources/ad-policy/creative-acceptance,Undated,2020-06-20
29,Help page - Your Security,https://www.amazon.com/gp/help/customer/display.html/ref=hp_left_v4_sib?ie=UTF8&nodeId=201909240,Undated,2020-06-20
30,Enable Two-Step Authentication,https://www.amazon.com/gp/help/customer/display.html/ref=hp_left_v4_sib?ie=UTF8&nodeId=GE6SLZ5J9GCNRW44,Undated,2020-06-20
31,About Multi-factor Authentication,https://www.amazon.com/gp/help/customer/display.html/ref=hp_left_v4_sib?ie=UTF8&nodeId=GUHDZDDHP4T74KC6,Undated,2020-06-20
32,Report a Security Issue,https://www.amazon.com/gp/help/customer/display.html?nodeId=201909140,Undated,2020-06-20
33,Vulnerability Research Program,https://hackerone.com/amazonvrp,2020-04-01,2020-06-20
34,Alexa Device Software Versions,https://www.amazon.com/gp/help/customer/display.html?language=en_US&nodeId=GMB5FVUB6REAVTXY,Undated,2020-06-20
35,Alexa Privacy,https://www.amazon.com/Alexa-Privacy-Hub/b?ie=UTF8&node=19149155011,Undated,2020-06-20
36,Security Testing for an Alexa Skill,https://developer.amazon.com/en-US/docs/alexa/custom-skills/security-testing-for-an-alexa-skill.html,Undated,2020-06-26
37,Appeal an account deactivation or listing removal,https://sellercentral.amazon.com/gp/help/external/G200370560?language=en_US,Undated,2020-10-26
