﻿"SourceNr","DocumentTitle","URL","DocumentDate","DateAccessed","Saved Source link"
1,"Privacy Policy","https://policies.google.com/privacy?fg=1","2021-07-01","2021-10-22","https://web.archive.org/save/https://policies.google.com/privacy?fg=1#infocollect"
2,"Developer Policy Center","https://support.google.com/googleplay/android-developer/answer/10144311?visit_id=637705081847894654-406143776&rd=1#!?zippy_activeEl=privacy-shield#privacy-shield","No date.","2021-10-22","https://web.archive.org/web/20211022140621/https://support.google.com/googleplay/android-developer/answer/10144311?visit_id=637705081847894654-406143776&rd=1"
3,"Google Play Help: Privacy policies for Android apps from developers other than Google","https://support.google.com/googleplay/answer/2666094?hl=en&ref_topic=2450225","No date.","2021-10-22","https://web.archive.org/web/20211022141130/https://support.google.com/googleplay/answer/2666094?hl=en&ref_topic=2450225"
4,"Google assistant privacy policy guidance","https://developers.google.com/assistant/console/policies/privacy-policy-guide","No date.","2021-10-22","https://web.archive.org/web/20211022143728/https://developers.google.com/assistant/console/policies/privacy-policy-guide"
5,"Google AI Principles","https://ai.google/principles","No date.","2021-10-22","https://web.archive.org/web/20211022145208/https://ai.google/principles"
6,"Google code of conduct","https://abc.xyz/investor/other/google-code-of-conduct/","2020-09-25","2021-10-22","https://web.archive.org/web/20211022152958/https://abc.xyz/investor/other/google-code-of-conduct/"
7,"The GNI Principles","https://globalnetworkinitiative.org/gni-principles/","No date.","2021-10-22","https://web.archive.org/web/20211022152917/https://globalnetworkinitiative.org/gni-principles/"
8,"Privacy policy archive","https://policies.google.com/privacy/archive?hl=en-CA","No date.","2021-10-22","https://web.archive.org/web/20211022215237/https://policies.google.com/privacy/archive?hl=en-CA"
9,"Privacy & Terms -Advertising","https://policies.google.com/technologies/ads?hl=en","No date.","2021-10-23","https://web.archive.org/web/20211023222337/https://policies.google.com/technologies/ads?hl=en"
10,"How Google Retains Data we Collect","https://policies.google.com/technologies/retention","No date.","2021-10-27","https://web.archive.org/web/20211027152342/https://policies.google.com/technologies/retention"
11,"Keeping your private information private","https://www.blog.google/technology/safety-security/keeping-private-information-private/","2020-06-24","2021-10-27","https://web.archive.org/web/20211027153759/https://www.blog.google/technology/safety-security/keeping-private-information-private/"
12,"Introducing auto-delete controls for your Location History and activity data","https://www.blog.google/technology/safety-security/automatically-delete-data/","2019-01-05","2021-10-27","https://web.archive.org/web/20211027154317/https://www.blog.google/technology/safety-security/automatically-delete-data/"
13,"How Google anonymizes data","https://policies.google.com/technologies/anonymization","No date.","2021-10-27","https://web.archive.org/web/20211027155359/https://policies.google.com/technologies/anonymization"
14,"Privacy tools that put you in control.","https://safety.google/intl/en/privacy/privacy-controls/","No date.","2021-10-27","https://web.archive.org/web/20211027213727/https://safety.google/intl/en/privacy/privacy-controls/"
15,"Activity Controls","https://myactivity.google.com/activitycontrols?utm_Source=google-account&utm_medium=web","No date.","2021-11-12","https://ia601408.us.archive.org/3/items/google-15-activity-controls-12-nov-2021/Google_15_ActivityControls_12Nov2021.pdf"
16,"Manage your Location History","https://support.google.com/accounts/answer/3118687?hl=en","No date.","2021-10-27","https://web.archive.org/web/20211113005226/https://support.google.com/accounts/answer/3118687?hl=en"
17,"Control your app permissions on Android 6.0 & up","https://support.google.com/googleplay/answer/6270602?hl=en&ref_topic=6046245","No date.","2021-10-27","https://web.archive.org/web/20211113005010/https://support.google.com/googleplay/answer/6270602?hl=en&ref_topic=6046245"
18,"How to download your Google data","https://support.google.com/accounts/answer/3024190?hl=en","No date.","2021-10-27","https://web.archive.org/web/20211113004855/https://support.google.com/accounts/answer/3024190?hl=en"
19,"Control the ads you see","https://support.google.com/ads/answer/2662856?p=privpol_controlads&hl=en&visit_id=637082136953448342-430515561&rd=1","No date.","2021-10-28","https://web.archive.org/web/20211113004504/https://support.google.com/ads/answer/2662856?p=privpol_controlads&hl=en&visit_id=637082136953448342-430515561&rd=1"
20,"Ads and data","https://safety.google/privacy/ads-and-data/","No date.","2021-10-28","https://web.archive.org/web/20211113004232/https://safety.google/privacy/ads-and-data/"
21,"How Google uses information","https://policies.google.com/technologies/partner-sites?hl=en","No date.","2021-10-29","https://web.archive.org/web/20211113004015/https://policies.google.com/technologies/partner-sites?hl=en"
22,"Turn ""Do Not Track"" on or off","https://support.google.com/chrome/answer/2790761?co=GENIE.Platform%3DDesktop&hl=en","No date.","2021-10-29","https://ia601408.us.archive.org/2/items/google-22-turn-do-not-track-on-or-off-12-nov-2021/Google_22_Turn%20Do%20Not%20Track%20on%20or%20off_12Nov2021.pdf"
23,"How search works","https://www.google.com/search/howsearchworks/how-search-works/ranking-results/","No date.","2021-11-01","https://web.archive.org/web/20211102034946/https://www.google.com/search/howsearchworks/how-search-works/ranking-results/"
24,"Advancing AI for everyone","https://ai.google/","No date.","2021-11-02","https://web.archive.org/web/20211102090406/https://ai.google/"
25,"Manage your recommendations and search results","https://support.google.com/youtube/answer/6342839?co=GENIE.Platform%3DAndroid&hl=en-GB","No date.","2021-11-02","https://web.archive.org/web/20211102091344/https://support.google.com/youtube/answer/6342839?co=GENIE.Platform%3DAndroid&hl=en-GB"
26,"Google Terms of Service","https://policies.google.com/terms?hl=en","2020-03-31","2021-11-02","https://web.archive.org/web/20211102092213/https://policies.google.com/terms?hl=en"
27,"Search quality rater guidelines","https://static.googleusercontent.com/media/guidelines.raterhub.com/en//searchqualityevaluatorguidelines.pdf","2021-10-19","2021-11-02","https://web.archive.org/web/20211102094043/https://static.googleusercontent.com/media/guidelines.raterhub.com/en//searchqualityevaluatorguidelines.pdf"
28,"List of services","https://policies.google.com/terms/service-specific?hl=en-US","No date.","2021-11-03","https://web.archive.org/web/20211103171620/https://policies.google.com/terms/service-specific?hl=en-US"
29,"Gmail program policies","https://www.google.com/gmail/about/policy/","No date.","2021-11-03","https://web.archive.org/web/20211103172314/https://www.google.com/gmail/about/policy/"
30,"YouTube terms of service","https://www.youtube.com/t/terms","2021-06-01","2021-11-03","https://web.archive.org/web/20211103173957/https://www.youtube.com/t/terms"
31,"YouTube Community guidelines","https://www.youtube.com/howyoutubeworks/policies/community-guidelines/#community-guidelines","No date.","2021-11-03","https://web.archive.org/web/20211103174240/https://www.youtube.com/howyoutubeworks/policies/community-guidelines/"
32,"Google Play Terms of Service","https://play.google.com/intl/en_us/about/play-terms/index.html","2020-10-12","2021-11-03","https://web.archive.org/web/20211103184134/https://play.google.com/intl/en_us/about/play-terms/index.html"
33,"Google Play developer policy center","https://play.google.com/about/developer-content-policy/","No date.","2021-11-03","https://web.archive.org/web/20211103184512/https://play.google.com/about/developer-content-policy/"
34,"Developer distribution agreement","https://play.google.com/intl/en_us/about/developer-distribution-agreement.html","2020-11-17","2021-11-03","https://web.archive.org/web/20211103202225/https://play.google.com/intl/en_us/about/developer-distribution-agreement.html"
35,"Google drive additional terms of service","https://www.google.com/drive/terms-of-service/?hl=en","2020-03-31","2021-11-04","https://web.archive.org/web/20211104091220/https://www.google.com/drive/terms-of-service/?hl=en"
36,"Updates: terms of service","https://policies.google.com/terms/archive?hl=en","No date.","2021-11-04","https://web.archive.org/web/20211104172557/https://policies.google.com/terms/archive?hl=en"
37,"Google Play Terms of Service - archived version","https://play.google.com/about/play-terms/americas/archive/","2018-02-05","2021-11-05","https://ia601401.us.archive.org/32/items/google-37-google-play-terms-of-service-12-nov-2021/Google_37_Google%20Play%20Terms%20of%20Service_12Nov2021.pdf"
38,"Developer distribution agreement - archived version","https://play.google.com/about/developer-distribution-agreement/archive.html","No date.","2021-11-05","https://web.archive.org/web/20211106062359/https://play.google.com/about/developer-distribution-agreement/archive.html"
39,"Developer distribution agreement - summary of changes","https://play.google.com/intl/ALL_ca/about/developer-distribution-agreement/summary.html","No date.","2021-11-05","https://web.archive.org/web/20211106080241/https://play.google.com/intl/ALL_ca/about/developer-distribution-agreement/summary.html"
40,"Developer policy center - updates and other reSources","https://support.google.com/googleplay/android-developer/topic/9877065","No date.","2021-11-05","https://web.archive.org/web/20211106080630/https://support.google.com/googleplay/android-developer/topic/9877065"
41,"Google Drive Terms of Service - archived version","https://www.google.com/drive/terms-of-service/archived/","2019-01-22","2021-11-06","https://web.archive.org/web/20211106124100/https://www.google.com/drive/terms-of-service/archived/"
42,"Google ads policies","https://support.google.com/adspolicy/answer/6008942?hl=en&visit_id=637718776903857816-2561342309&rd=1","No date.","2021-11-07","https://web.archive.org/web/20211107103837/https://support.google.com/adspolicy/answer/6008942?hl=en&visit_id=637718776903857816-2561342309&rd=1"
43,"Personalized advertising","https://support.google.com/adspolicy/answer/143465?hl=en&ref_topic=7012636","No date.","2021-11-07","https://web.archive.org/web/20211107191533/https://support.google.com/adspolicy/answer/143465?hl=en&ref_topic=7012636"
44,"Google Assistant Ad and Monetization Policy","https://developers.google.com/assistant/console/policies/general-policies#monetization_and_ads","No date.","2021-11-07","https://web.archive.org/web/20211107191242/https://developers.google.com/assistant/console/policies/general-policies"
45,"Advertising policies—past changes","https://support.google.com/adspolicy/topic/7330871?hl=en&ref_topic=3230816,1308156,","No date.","2021-11-07","https://web.archive.org/web/20211107194424/https://support.google.com/adspolicy/topic/7330871?hl=en&ref_topic=3230816%2C1308156%2C"
46,"Advertising policies—upcoming and recent changes","https://support.google.com/adspolicy/topic/29265?hl=en&ref_topic=3230816,1308156,","No date.","2021-11-07","https://web.archive.org/web/20211107194234/https://support.google.com/adspolicy/topic/29265?hl=en&ref_topic=3230816%2C1308156%2C"
47,"Abuse program policies and enforcement","https://support.google.com/docs/answer/148505","No date.","2021-11-07","https://web.archive.org/web/20211108013553/https://support.google.com/docs/answer/148505"
48,"Policies for Actions on Google","https://developers.google.com/assistant/console/policies/general-policies","No date.","2021-11-07","https://web.archive.org/web/20211108014419/https://developers.google.com/assistant/console/policies/general-policies"
49,"Report Inappropriate Content","https://support.google.com/youtube/answer/2802027?hl=en","No date.","2021-11-09","https://web.archive.org/web/20211109124912/https://support.google.com/youtube/answer/2802027?hl=en"
50,"Report a policy violation","https://support.google.com/googleplay/android-developer/answer/1085703?h1=en","No date.","2021-11-09","https://web.archive.org/web/20211109125332/https://support.google.com/googleplay/android-developer/answer/1085703?h1=en"
51,"How content id works","https://support.google.com/youtube/answer/2797370?hl=en","No date.","2021-11-09","https://web.archive.org/web/20211109132042/https://support.google.com/youtube/answer/2797370?hl=en"
52,"Android Enterprise Security Whitepaper","https://Source.android.com/security/reports/Google_Android_Enterprise_Security_Whitepaper_2020.pdf","2021-04","2021-11-12","https://ia601509.us.archive.org/32/items/google-52-android-enterprise-security-whitepaper-12-nov-2021/Google_52_Android%20Enterprise%20Security%20Whitepaper_12Nov2021.pdf"
53,"YouTube Community Guidelines Enforcement","https://transparencyreport.google.com/youtube-policy/removals?hl=en","No date.","2021-11-09","https://ia601509.us.archive.org/34/items/google-53-you-tube-community-guidelines-enforcement-12-nov-2021/Google_53_YouTube%20Community%20Guidelines%20enforcement%20_12Nov2021.pdf"
54,"YouTube Community Guidelines Detecting Violations","https://www.youtube.com/howyoutubeworks/policies/community-guidelines/#detecting-violations","No date.","2021-11-09","https://web.archive.org/web/20211109134922/https://www.youtube.com/howyoutubeworks/policies/community-guidelines/"
55,"Your account is disabled","https://support.google.com/accounts/answer/40695","No date.","2021-11-09","https://web.archive.org/web/20211109141905/https://support.google.com/accounts/answer/40695"
56,"The Community Guidelines: Taking action on violations","https://www.youtube.com/howyoutubeworks/policies/community-guidelines/#taking-action-on-violations","No date.","2021-11-12","https://ia601407.us.archive.org/15/items/google-56-you-tube-community-guidelines-taking-action-on-violations-12-nov-2021/Google_56_YouTube%20Community%20Guidelines-taking%20action%20on%20violations_12Nov2021.pdf"
57,"Copyright strike basics","https://support.google.com/youtube/answer/2814000?hl=en&ref_topic=2778545","No date.","2021-11-09","https://web.archive.org/web/20211109153145/https://support.google.com/youtube/answer/2814000?hl=en&ref_topic=2778545"
58,"How we make money with advertising","https://howwemakemoney.withgoogle.com/","No date.","2021-11-09","https://web.archive.org/web/20211109161609/https://howwemakemoney.withgoogle.com/"
59,"What happens if you violate our policies","https://support.google.com/adspolicy/answer/7187501","No date.","2021-11-09","https://web.archive.org/web/20211109162519/https://support.google.com/adspolicy/answer/7187501"
60,"Abusing the ad network","https://support.google.com/adspolicy/answer/6020954","No date.","2021-11-09","https://web.archive.org/web/20211109162706/https://support.google.com/adspolicy/answer/6020954"
61,"Why you are seeing an ad","https://support.google.com/accounts/answer/1634057","No date.","2021-11-09","https://web.archive.org/web/20211109184227/https://support.google.com/accounts/answer/1634057"
62,"About customer match","https://support.google.com/google-ads/answer/6379332?hl=en","No date.","2021-11-09","https://ia601407.us.archive.org/11/items/google-62-about-customer-match-google-ads-help/Google_62_About%20Customer%20Match%20-%20Google%20Ads%20Help.pdf"
63,"Android Security & Privacy 2018 Year In Review","https://Source.android.com/security/reports/Google_Android_Security_2018_Report_Final.pdf","2019-03","2021-11-12","https://ia601408.us.archive.org/27/items/google-63-android-security-privacy-2018-year-in-review-12-nov-2021/Google_63_Android%20Security%20%26%20Privacy%202018%20Year%20In%20Review_12Nov2021.pdf"
64,"Stopping bad ads to protect users","https://blog.google/products/ads/stopping-bad-ads-to-protect-users/","2020-04-30","2021-11-09","https://web.archive.org/web/20211109222500/https://blog.google/products/ads/stopping-bad-ads-to-protect-users/"
65,"Our annual ads safety report","https://blog.google/products/ads-commerce/ads-safety-report-2020/","2021-03-17","2021-11-09","https://web.archive.org/web/20211109223542/https://blog.google/products/ads-commerce/ads-safety-report-2020/"
66,"Ad saftey trends","https://www.thinkwithgoogle.com/consumer-insights/consumer-trends/trending-visual-stories/ad-safety-trends","No date.","2021-11-09","https://web.archive.org/web/20211109235113/https://www.thinkwithgoogle.com/consumer-insights/consumer-trends/trending-visual-stories/ad-safety-trends"
67,"Update your account to meet age requirements","https://support.google.com/accounts/answer/1333913?hl=en#zippy=%2Cuse-a-government-issued-id%2Cuse-a-credit-card","No date.","2021-11-09","https://web.archive.org/web/20211110004907/https://support.google.com/accounts/answer/1333913?hl=en"
68,"Register for a Google Play Developer account","https://support.google.com/googleplay/android-developer/answer/6112435?hl=en#zippy=%2Cstep-sign-up-for-a-google-play-developer-account%2Cstep-accept-the-developer-distribution-agreement%2Cstep-pay-registration-fee%2Cstep-complete-your-account-details","No date.","2021-11-09","https://web.archive.org/web/20211110005554/https://support.google.com/googleplay/android-developer/answer/6112435?hl=en"
69,"Transparency report: Government requests to remove content","https://transparencyreport.google.com/government-removals/overview","No date.","2021-11-09","https://web.archive.org/web/20211110014231/https://transparencyreport.google.com/government-removals/overview"
70,"Government requests to remove content FAQs","https://support.google.com/transparencyreport/answer/7347744?hl=en#zippy=","No date.","2021-11-09","https://web.archive.org/web/20211110020036/https://support.google.com/transparencyreport/answer/7347744?hl=en"
71,"Requests to delist content under European privacy law","https://transparencyreport.google.com/eu-privacy/overview","No date.","2021-11-09","https://web.archive.org/web/20211110022722/https://transparencyreport.google.com/eu-privacy/overview"
72,"Content delistings due to copyright","https://transparencyreport.google.com/copyright/overview?glance=","No date.","2021-11-09","https://web.archive.org/web/20211110022945/https://transparencyreport.google.com/copyright/overview?glance="
73,"Report Content for Legal Reasons","https://support.google.com/legal/answer/3110420?visit_id=1-636099807279170094-1010837504&hl=en&rd=2#zippy=%2Cprotect-your-information%2Ctransparency-at-our-core%2Cunderstanding-copyright","No date.","2021-11-09","https://web.archive.org/web/20211110023621/https://support.google.com/legal/answer/3110420?visit_id=1-636099807279170094-1010837504&hl=en&rd=2"
74,"Copyright Infringement Notification Requirements","https://support.google.com/youtube/answer/6005900","No date.","2021-11-09","https://web.archive.org/web/20211110031547/https://support.google.com/youtube/answer/6005900"
75,"Community Guidelines strike basics","https://support.google.com/youtube/answer/2802032?hl=en&ref_topic=9387060","No date.","2021-11-09","https://web.archive.org/web/20211110031639/https://support.google.com/youtube/answer/2802032?hl=en&ref_topic=9387060"
76,"Qualify for content ID","https://support.google.com/youtube/answer/1311402?hl=en&ref_topic=2778544","No date.","2021-11-09","https://web.archive.org/web/20211110035841/https://support.google.com/youtube/answer/1311402?hl=en&ref_topic=2778544"
77,"Rules and Policies: Copyright","https://www.youtube.com/howyoutubeworks/policies/copyright/#fair-use","No date.","2021-11-09","https://web.archive.org/web/20211110035058/https://www.youtube.com/howyoutubeworks/policies/copyright/"
78,"Report inappropriate reviews","https://support.google.com/googleplay/android-developer/answer/7318385?visit_id=637721378076790610-2381690912&rd=1","No date.","2021-11-10","https://web.archive.org/web/20211110105644/https://support.google.com/googleplay/android-developer/answer/7318385?visit_id=637721378076790610-2381690912&rd=1"
79,"Report inappropriate apps","https://support.google.com/googleplay/android-developer/contact/takedown","No date.","2021-11-12","https://ia601505.us.archive.org/12/items/google-79-report-inappropriate-apps-12-nov-2021/Google_79_Report%20Inappropriate%20Apps_12Nov2021.pdf"
80,"Report a violation","https://support.google.com/docs/answer/2463296?visit_id=637721378076790610-2381690912&rd=1","No date.","2021-11-10","https://web.archive.org/web/20211113001353/https://support.google.com/docs/answer/2463296?visit_id=637721378076790610-2381690912&rd=1"
81,"Frequently asked copyright questions","https://support.google.com/legal/answer/4558836?hl=en&ref_topic=4558877","No date.","2021-11-10","https://web.archive.org/web/20211110112958/https://support.google.com/legal/answer/4558836?hl=en&ref_topic=4558877"
82,"Government requests to remove content: Canada","https://transparencyreport.google.com/government-removals/government-requests/CA","No date.","2021-11-10","https://ia801407.us.archive.org/2/items/google-82-government-requests-to-remove-content-canada-12-nov-2021/Google_82_Government%20requests%20to%20remove%20content-Canada_12Nov2021.pdf"
83,"Maximize access to information","https://www.google.com/search/howsearchworks/mission/open-web/","No date.","2021-11-10","https://web.archive.org/web/20211111025350/https://www.google.com/search/howsearchworks/mission/open-web/"
84,"Fair warnings","https://support.google.com/googleplay/android-developer/answer/2985876?hl=en","No date.","2021-11-10","https://web.archive.org/web/20211111035017/https://support.google.com/googleplay/android-developer/answer/2985876?hl=en"
85,"Enforcement Process","https://support.google.com/googleplay/android-developer/answer/9899234","No date.","2021-11-10","https://web.archive.org/web/20211111035802/https://support.google.com/googleplay/android-developer/answer/9899234"
86,"Requests for User Information FAQs","https://support.google.com/transparencyreport/answer/9713961?visit_id=637281165505100732-3414262130&rd=1#zippy=%2Chow-does-google-handle-government-requests-for-user-information","No date.","2021-11-11","https://web.archive.org/web/20211111051025/https://support.google.com/transparencyreport/answer/9713961?visit_id=637281165505100732-3414262130&rd=1"
87,"How Google handles government requests for user information","https://policies.google.com/terms/information-requests","No date.","2021-11-11","https://web.archive.org/web/20211111051735/https://policies.google.com/terms/information-requests"
88,"Global requests for user information","https://transparencyreport.google.com/user-data/overview?hl=en","No date.","2021-11-12","https://ia601401.us.archive.org/30/items/google-88-global-requests-for-user-information-12-nov-2021/Google_88_Global%20requests%20for%20user%20information_12Nov2021.pdf"
89,"United States national security requests for user information","https://transparencyreport.google.com/user-data/us-national-security?hl=en","No date.","2021-11-12","https://ia601502.us.archive.org/19/items/google-89-united-states-national-security-requests-for-user-information-12-nov-2021/Google_89_United%20States%20national%20security%20requests%20for%20user%20information_12Nov2021.pdf"
90,"United States National Security Requests FAQs","https://support.google.com/transparencyreport/answer/9713666#zippy=%2Cwhat-is-the-fisa-amendments-act%2Cif-google-were-to-receive-a-fisa-request-what-would-it-do%2Cwhat-are-the-reporting-delays-imposed-by-the-us-department-of-justice","No date.","2021-11-11","https://web.archive.org/web/20211111122631/https://support.google.com/transparencyreport/answer/9713666"
91,"Safeguarding your data","https://support.google.com/analytics/answer/6004245#zippy=%2Cdata-access","No date.","2021-11-11","https://ia601509.us.archive.org/7/items/google-91-safeguarding-your-data/Google_91_Safeguarding%20your%20data.pdf"
92,"Google Security Audits and Certifications","https://static.googleusercontent.com/media/gsuite.google.com/en//files/btd-sec-apps-2015-grey.pdf","2015-07-15","2021-11-11","https://web.archive.org/web/20211111155855/https://static.googleusercontent.com/media/gsuite.google.com/en//files/btd-sec-apps-2015-grey.pdf"
93,"Google and Alphabet Vulnerability Reward Program (VRP) Rules","https://bughunters.google.com/about/rules/6625378258649088","No date.","2021-11-12","https://ia601502.us.archive.org/9/items/google-93-google-and-alphabet-vulnerability-reward-program-vrp-rules-11-nov-2021/Google_93_Google%20and%20Alphabet%20Vulnerability%20Reward%20Program%20%28VRP%29%20Rules_11Nov2021.pdf"
94,"Google security white paper","https://services.google.com/fh/files/misc/google_security_wp.pdf","2019-01","2021-11-11","https://web.archive.org/web/20211111162857/https://services.google.com/fh/files/misc/google_security_wp.pdf"
95,"Android Security Rewards Program Rules","https://bughunters.google.com/about/rules/6171833274204160","No date.","2021-11-12","https://ia601500.us.archive.org/10/items/google-95-android-security-rewards-program-rules-12-nov-2021/Google_95_Android%20Security%20Rewards%20Program%20Rules%20_12Nov2021.pdf"
96,"Learn when you'll get software updates on Google Pixel phones","https://support.google.com/nexus/answer/4457705?hl=en#zippy=%2Cpixel-pixel-pro-phones%2Cpixel-a-a-xl-xl-a-a-g-a-g%2Cpixel-earlier","No date.","2021-11-11","https://web.archive.org/web/20211111165527/https://support.google.com/nexus/answer/4457705?hl=en"
97,"Built-in security","https://safety.google/security/built-in-protection/","No date.","2021-11-11","https://web.archive.org/web/20211111190732/https://safety.google/security/built-in-protection/"
98,"Google security blog","https://security.googleblog.com/2011/11/protecting-data-for-long-term-with.html","2011-11-22","2021-11-11","https://web.archive.org/web/20211111191124/https://security.googleblog.com/2011/11/protecting-data-for-long-term-with.html"
99,"Android encryption","https://Source.android.com/security/encryption/","No date.","2021-11-11","https://web.archive.org/web/20211111200218/https://Source.android.com/security/encryption"
100,"File-Based Encryption","https://Source.android.com/security/encryption/file-based","No date.","2021-11-11","https://web.archive.org/web/20211111201529/https://Source.android.com/security/encryption/file-based"
101,"Google 2-step verification","https://www.google.ca/landing/2step/#tab=why-you-need-it","No date.","2021-11-11","https://web.archive.org/web/20211111204159/https://www.google.ca/landing/2step/"
102,"View & control activity in your account","https://support.google.com/accounts/answer/7028918","No date.","2021-11-11","https://web.archive.org/web/20211111204856/https://support.google.com/accounts/answer/7028918"
103,"Investigate suspicious activity on your account","https://support.google.com/accounts/answer/140921?hl=en","No date.","2021-11-11","https://web.archive.org/web/20211111205624/https://support.google.com/accounts/answer/140921?hl=en"
104,"‘Suspicious sign in prevented’ email","https://support.google.com/accounts/answer/6063333?hl=en","No date.","2021-11-11","https://web.archive.org/web/20211111205820/https://support.google.com/accounts/answer/6063333?hl=en"
105,"Google safety center","https://safety.google/","No date.","2021-11-11","https://web.archive.org/web/20211111211850/https://safety.google/"
106,"Tools and tips to help you stay safe online","https://safety.google/security/security-tips/","No date.","2021-11-11","https://web.archive.org/web/20211111212152/https://safety.google/security/security-tips/"
107,"Investor relations—board","https://abc.xyz/investor/other/board/","No date.","2021-11-11","https://web.archive.org/web/20211111214115/https://abc.xyz/investor/other/board/"
108,"Human rights","https://about.google/human-rights/","No date.","2021-11-11","https://web.archive.org/web/20211111215034/https://about.google/human-rights/"
109,"The GNI Principles at Work 2018/2019","https://globalnetworkinitiative.org/wp-content/uploads/2020/04/2018-2019-PAR.pdf","2018/2019","2021-11-11","https://web.archive.org/web/20211111230156/https://globalnetworkinitiative.org/wp-content/uploads/2020/04/2018-2019-PAR.pdf"
110,"Ads page—policy center","https://support.google.com/googleplay/android-developer/answer/9857753?hl=en&ref_topic=9857752","No date.","2021-11-11","https://web.archive.org/web/20211112000034/https://support.google.com/googleplay/android-developer/answer/9857753?hl=en&ref_topic=9857752"
111,"AI Principles reviews and operations","https://ai.google/responsibilities/review-process/","No date.","2021-11-11","https://web.archive.org/web/20211112014742/https://ai.google/responsibilities/review-process/"
112,"Digital Millenium Copyright Act","https://support.google.com/legal/answer/1120734","No date.","2021-11-12","https://web.archive.org/web/20211112053958/https://support.google.com/legal/answer/1120734"
113,"European privacy requests Search removals FAQs","https://support.google.com/transparencyreport/answer/7347822?hl=en&ref_topic=7295796","No date.","2021-11-12","https://web.archive.org/web/20211112120852/https://support.google.com/transparencyreport/answer/7347822?hl=en&ref_topic=7295796"
114,"Remove your personal information from Google","https://support.google.com/websearch/answer/3143948?hl=en&visit_id=637279147794015648-2514969691&rd=1","No date.","2021-11-12","https://web.archive.org/web/20211112121555/https://support.google.com/websearch/answer/3143948?hl=en&visit_id=637279147794015648-2514969691&rd=1"
115,"Appeal Community Guidelines actions","https://support.google.com/youtube/answer/185111?hl=en&ref_topic=2803138","No date.","2021-11-12","https://web.archive.org/web/20211112150003/https://support.google.com/youtube/answer/185111?hl=en&ref_topic=2803138"
116,"Submit a copyright counter notification","https://support.google.com/youtube/answer/2807684?hl=en&ref_topic=2778545","No date.","2021-11-12","https://web.archive.org/web/20211112222743/https://support.google.com/youtube/answer/2807684?hl=en&ref_topic=2778545"
117,"Dispute a Content ID claim","https://support.google.com/youtube/answer/2797454?hl=en&ref_topic=2778545","No date.","2021-11-12","https://web.archive.org/web/20211112222651/https://support.google.com/youtube/answer/2797454?hl=en&ref_topic=2778545"
118,"YouTube Privacy Guidelines","https://support.google.com/youtube/answer/7671399?p=privacy_guidelines&hl=en&visit_id=636735775150301622-2155929330&rd=1","No date.","2021-11-12","https://web.archive.org/web/20211112154359/https://support.google.com/youtube/answer/7671399?p=privacy_guidelines&hl=en&visit_id=636735775150301622-2155929330&rd=1"
119,"Privacy Complaint Process","https://support.google.com/youtube/answer/142443","No date.","2021-11-12","https://web.archive.org/web/20211112155040/https://support.google.com/youtube/answer/142443"
120,"Understanding Google Play developer account terminations","https://support.google.com/googleplay/android-developer/answer/2491922?hl=en&ref_topic=3453554","No date.","2021-11-12","https://web.archive.org/web/20211112221755/https://support.google.com/googleplay/android-developer/answer/2491922?hl=en&ref_topic=3453554"
121,"My app has been removed from Google Play","https://support.google.com/googleplay/android-developer/answer/2477981","No date.","2021-11-12","https://web.archive.org/web/20211112160939/https://support.google.com/googleplay/android-developer/answer/2477981"
122,"Actions on Google Developer Support","https://support.google.com/actions-console/contact/support","No date.","2021-11-12","https://web.archive.org/web/20211112180507/https://support.google.com/actions-console/contact/support"
123,"Youtube community guidelines enforcement—appeals","https://transparencyreport.google.com/youtube-policy/appeals?hl=en","No date.","2021-11-12","https://ia601502.us.archive.org/20/items/google-123-youtube-community-guidelines-enforcement-appeals-12-nov-2021/Google_123_Youtube%20community%20guidelines%20enforcement%E2%80%94appeals_12Nov2021.pdf"
124,"Channel or account terminations","https://support.google.com/youtube/answer/2802168?hl=en&ref_topic=9387060","No date.","2021-11-12","https://web.archive.org/web/20211112185203/https://support.google.com/youtube/answer/2802168?hl=en&ref_topic=9387060"
125,"Unable to access a Google product","https://support.google.com/accounts/contact/suspended?p=youtube&visit_id=637723389151827259-464952915&rd=1","No date.","2021-11-12","https://ia601509.us.archive.org/9/items/google-125-unable-to-access-a-google-product-12-nov-2021/Google_125_Unable%20to%20access%20a%20Google%20product_12Nov2021.pdf"
126,"How to handle a policy violation on Google play","https://www.youtube.com/watch?v=xjRqFbTHUOQ","2020-01-23","2021-11-12","https://web.archive.org/web/20211112193733/https://www.youtube.com/watch?v=xjRqFbTHUOQ"
126,"Play Protect Appeals Submission Form","https://support.google.com/googleplay/android-developer/contact/protectappeals","No date.","2021-11-12","https://web.archive.org/web/20211112194059/https://support.google.com/googleplay/android-developer/contact/protectappeals"
127,"BSR Google Celebrity Recognition API Human Rights
Assessment","https://www.bsr.org/reports/BSR-Google-CR-API-HRIA-Executive-Summary.pdf","2019-10","2021-11-12","https://web.archive.org/web/20211112204706/https://www.bsr.org/reports/BSR-Google-CR-API-HRIA-Executive-Summary.pdf"
128,"AI Principles 2021 Update","https://ai.google/static/documents/ai-principles-2021-progress-update.pdf","No date","2021-11-25","https://archive.org/details/ai-principles-2021-progress-update"
129,"Security -- Google Cloud Help","https://support.google.com/googlecloud/answer/6056693?hl=en&visit_id=637805502003617500-4161895119&rd=1#zippy=%2Cdoes-google-encrypt-my-data-at-rest-within-google-workspace%2Cdoes-google-encrypt-my-data-in-transit%2Cdoes-google-let-others-test-its-security-controls-can-our-organization-conduct-our-own-penetration-tests-on-google%2Chow-do-we-know-you-do-what-you-say%2Chow-does-google-protect-against-hackers-hacktivists-governments-and-other-intruders%2Cdoes-google-workspace-offer-ssltls-connectivity%2Cis-it-safe-for-my-organization-to-access-google-cloud-over-the-internet%2Chow-do-i-know-that-other-customers-sharing-the-same-servers-cant-access-my-data","No date","2022-02-15","https://web.archive.org/web/20220215193607/https://support.google.com/googlecloud/answer/6056693?hl=en&visit_id=637805502003617500-4161895119&rd=1"
