﻿"SourceNr","DocumentTitle","URL","DocumentDate","DateAccessed","Saved source link"
1,"Yahoo Business and Human Rights: Our Approach","https://www.yahooinc.com/business-and-human-rights/our-approach/","No date.","2021-10-25","https://web.archive.org/web/20211025143435/https://www.yahooinc.com/business-and-human-rights/our-approach/"
2,"Yahoo Transparency Report: Put Consumers First","https://www.yahooinc.com/transparency/about/put-consumers-first.html","No date.","2021-10-28","https://web.archive.org/web/20211028105535/https://www.yahooinc.com/transparency/about/put-consumers-first.html"
3,"Yahoo Privacy Policy","https://legal.yahoo.com/us/en/yahoo/privacy/index.html","2021-09-00","2021-10-28","https://web.archive.org/web/20211027090955/https://legal.yahoo.com/us/en/yahoo/privacy/index.html"
4,"Yahoo Location","https://legal.yahoo.com/us/en/yahoo/privacy/topics/location/index.html","No date.","2021-10-28","https://web.archive.org/web/20211028122458/https://legal.yahoo.com/us/en/yahoo/privacy/topics/location/index.html"
5,"Yahoo Privacy Policy (Spanish)","https://legal.yahoo.com/us/es/yahoo/privacy/index.html","2021-09-00","2021-11-01","https://web.archive.org/web/20211102075656/https://legal.yahoo.com/us/es/yahoo/privacy/index.html"
6,"Yahoo Privacy Center / Cookies and Similar Technologies","https://legal.yahoo.com/us/en/yahoo/privacy/topics/cookies/index.html","No date.","2021-11-04","https://web.archive.org/web/20211104115655/https://legal.yahoo.com/us/en/yahoo/privacy/topics/cookies/index.html"
7,"Yahoo Privacy Center / Beacons & SDKs","https://legal.yahoo.com/us/en/yahoo/privacy/topics/webbeacons/index.html","No date.","2021-11-04","https://web.archive.org/web/20211102114452/https://legal.yahoo.com/us/en/yahoo/privacy/topics/webbeacons/index.html"
8,"Yahoo Privacy Center / Third Parties","https://legal.yahoo.com/us/en/yahoo/privacy/topics/thirdparties/index.html","No date.","2021-11-04","https://web.archive.org/web/20211102024244/https://legal.yahoo.com/us/en/yahoo/privacy/topics/thirdparties/index.html"
9,"Yahoo Privacy Center / Topics","https://legal.yahoo.com/us/en/yahoo/privacy/topics/index.html","No date.","2021-11-04","https://web.archive.org/web/20211102225947/https://legal.yahoo.com/us/en/yahoo/privacy/topics/index.html"
10,"Yahoo Privacy Center / Ad Serving","https://legal.yahoo.com/us/en/yahoo/privacy/topics/adserving/index.html","No date.","2021-11-04","https://web.archive.org/web/20211102162708/https://legal.yahoo.com/us/en/yahoo/privacy/topics/adserving/index.html"
11,"Yahoo Privacy Center / Appended and Matched Data","https://legal.yahoo.com/us/en/yahoo/privacy/topics/appenddata/index.html","No date.","2021-11-04","https://web.archive.org/web/20211102105519/https://legal.yahoo.com/us/en/yahoo/privacy/topics/appenddata/index.html"
12,"Yahoo Privacy Center / Data Transfer","https://legal.yahoo.com/us/en/yahoo/privacy/topics/datatransfer/index.html","No date.","2021-11-04","https://web.archive.org/web/20211102114521/https://legal.yahoo.com/us/en/yahoo/privacy/topics/datatransfer/index.html"
13,"Yahoo Analytics","https://legal.yahoo.com/us/en/yahoo/privacy/topics/analytics/index.html","No date.","2021-11-04","https://web.archive.org/web/20211104120001/https://legal.yahoo.com/us/en/yahoo/privacy/topics/analytics/index.html"
14,"Yahoo Privacy Center / Security","https://legal.yahoo.com/us/en/yahoo/privacy/topics/security/index.html","No date.","2021-11-04","https://web.archive.org/web/20211102013056/https://legal.yahoo.com/us/en/yahoo/privacy/topics/security/"
15,"Yahoo Privacy Center / Communication Products","https://legal.yahoo.com/us/en/yahoo/privacy/products/communications/index.html","No date.","2021-11-04","https://web.archive.org/web/20211102012831/https://legal.yahoo.com/us/en/yahoo/privacy/products/communications/index.html"
16,"Yahoo Privacy Center / Ad Interest Manager FAQ","https://legal.yahoo.com/us/en/yahoo/privacy/optoutfaq/index.html","No date.","2021-11-04","https://web.archive.org/web/20211104143232/https://legal.yahoo.com/us/en/yahoo/privacy/optoutfaq/index.html"
17,"Yahoo Privacy Center / How Digital Advertising Works","https://legal.yahoo.com/us/en/yahoo/privacy/advertising/index.html","No date.","2021-11-04","https://web.archive.org/web/20211102124508/https://legal.yahoo.com/us/en/yahoo/privacy/advertising/index.html"
18,"Yahoo Terms of Service","https://legal.yahoo.com/us/en/yahoo/terms/otos/index.html","2021-11-00","2021-11-04","https://web.archive.org/web/20211104151422/https://legal.yahoo.com/us/en/yahoo/terms/otos/index.html"
19,"Yahoo Privacy Center / Data Storage and Anonymization","https://legal.yahoo.com/us/en/yahoo/privacy/topics/datastorage/index.html","No date.","2021-11-05","https://web.archive.org/web/20210914211712/https://legal.yahoo.com/us/en/yahoo/privacy/topics/datastorage/index.html"
20,"Yahoo Privacy Center / Privacy Dashboard Controls","https://legal.yahoo.com/us/en/yahoo/privacy/dashboard/index.html","No date.","2021-11-05","https://web.archive.org/web/20211104133453/https://legal.yahoo.com/us/en/yahoo/privacy/dashboard/index.html"
21,"Yahoo Privacy Center / About Your Choices","https://legal.yahoo.com/us/en/yahoo/privacy/topics/aboutyourchoices/index.html","No date.","2021-11-05","https://web.archive.org/web/20211105160735/https://legal.yahoo.com/us/en/yahoo/privacy/topics/aboutyourchoices/index.html"
22,"Yahoo Mail - View and Manage Data Associated With Your Account","https://help.yahoo.com/kb/find-download-data-sln28671.html?guccounter=2","No date.","2021-11-08","https://web.archive.org/web/20211108144515/https://help.yahoo.com/kb/find-download-data-sln28671.html?guccounter=1"
23,"Yahoo Privacy Center / Consumer Services","https://legal.yahoo.com/us/en/yahoo/privacy/products/index.html","No date.","2021-11-08","https://web.archive.org/web/20211102230647/https://legal.yahoo.com/us/en/yahoo/privacy/products/index.html"
24,"Yahoo Privacy Center / FAQ For Communications Products & Analysis of Photos, Attachments & Other Content","https://legal.yahoo.com/us/en/yahoo/privacy/products/communications/faq/index.html","No date.","2021-11-08","https://web.archive.org/web/20211103103203/https://legal.yahoo.com/us/en/yahoo/privacy/products/communications/faq/index.html"
25,"Yahoo Privacy Center / Communication Products (Spanish)","https://legal.yahoo.com/us/es/yahoo/privacy/products/communications/index.html","No date.","2021-11-08","https://web.archive.org/web/20211105014933/https://legal.yahoo.com/us/es/yahoo/privacy/products/communications/index.html"
26,"Yahoo Analytics (Spanish)","https://legal.yahoo.com/us/es/yahoo/privacy/topics/analytics/index.html","No date.","2021-11-08","https://web.archive.org/web/20211108193351/https://legal.yahoo.com/us/es/yahoo/privacy/topics/analytics/index.html"
27,"Yahoo Terms of Service (Spanish)","https://legal.yahoo.com/us/es/yahoo/terms/otos/index.html","2021-11-00","2021-11-08","https://web.archive.org/web/20211105071452/https://legal.yahoo.com/us/es/yahoo/terms/otos/index.html"
28,"Yahoo Community Guidelines","https://legal.yahoo.com/us/en/yahoo/guidelines/index.html","2021-09-00","2021-11-08","https://web.archive.org/web/20211108200712/https://legal.yahoo.com/us/en/yahoo/guidelines/index.html"
29,"Yahoo Community Guidelines (Spanish)","https://legal.yahoo.com/us/es/yahoo/guidelines/index.html","2021-09-00","2021-11-08","https://web.archive.org/web/20211102133107/https://legal.yahoo.com/us/es/yahoo/guidelines/index.html"
30,"Yahoo Privacy Center / Relevant Advertising (Why This Ad?)","https://legal.yahoo.com/us/en/yahoo/privacy/adinfo/index.html","No date.","2021-11-08","https://web.archive.org/web/20211107223514/https://legal.yahoo.com/us/en/yahoo/privacy/adinfo/index.html"
31,"Yahoo Privacy Center / Relevant Advertising - Why This Ad (Spanish)","https://legal.yahoo.com/us/es/yahoo/privacy/adinfo/index.html","No date.","2021-11-08","https://web.archive.org/web/20211105071515/https://legal.yahoo.com/us/es/yahoo/privacy/adinfo/index.html"
32,"Yahoo Privacy Center / Ad Serving (Spanish)","https://legal.yahoo.com/us/es/yahoo/privacy/topics/adserving/index.html","No date.","2021-11-08","https://web.archive.org/web/20211103100703/https://legal.yahoo.com/us/es/yahoo/privacy/topics/adserving/index.html"
33,"Yahoo Ad Policy Enforcement Updates and Change Log","https://adspecs.yahooinc.com/pages/policies-guidelines/yahoo-ad-policy/yahoo-ad-policy-change-log","2021-05-27","2021-11-09","https://ia801500.us.archive.org/30/items/yahoo-33-yahoo-ad-policy-enforcement-updates-and-change-log-yahoo-ad-specs-09-november-2021_202111/Yahoo_33_Yahoo%20Ad%20Policy%20Enforcement%20Updates%20and%20Change%20Log%20-%20Yahoo%20Ad%20Specs_09November2021.pdf"
34,"Global Yahoo Advertising Policies","https://adspecs.yahooinc.com/pages/policies-guidelines/yahoo-ad-policy","No date.","2021-11-09","https://ia601402.us.archive.org/35/items/global-yahoo-advertising-policies-yahoo-ad-specs/Global%20Yahoo%20Advertising%20Policies%20-%20Yahoo%20Ad%20Specs.pdf"
35,"Yahoo Ad Specs Homepage","https://adspecs.yahooinc.com/","No date.","2021-11-09","https://ia601509.us.archive.org/4/items/home-yahoo-ad-specs/Home%20-%20Yahoo%20Ad%20Specs.pdf"
36,"Yahoo Privacy Center / How Digital Advertising Works (Spanish)","https://legal.yahoo.com/us/es/yahoo/privacy/advertising/index.html","No date.","2021-11-09","https://web.archive.org/web/20211109131439/https://legal.yahoo.com/us/es/yahoo/privacy/advertising/index.html"
37,"Help for your Yahoo Account","https://help.yahoo.com/kb/account","No date.","2021-11-09","https://web.archive.org/web/20211109161809/https://help.yahoo.com/kb/account"
38,"Report Abuse or Spam on Yahoo","https://help.yahoo.com/kb/account/report-abuse-spam-yahoo-sln26401.html","No date.","2021-11-09","https://web.archive.org/web/20211102125655/https://help.yahoo.com/kb/account/report-abuse-spam-yahoo-sln26401.html"
39,"Guidelines for Comments on Yahoo","https://help.yahoo.com/kb/new-mail-for-desktop/guidelines-comments-yahoo-sln2292.html","No date.","2021-11-09","https://web.archive.org/web/20211109162001/https://help.yahoo.com/kb/new-mail-for-desktop/guidelines-comments-yahoo-sln2292.html"
40,"Yahoo Ad Specs / Advertising Categories","https://adspecs.yahooinc.com/pages/policies-guidelines/yahoo-ad-policy/advertising-categories","No date.","2021-11-09","https://ia601400.us.archive.org/20/items/advertising-categories-yahoo-ad-specs/Advertising%20Categories%20-%20Yahoo%20Ad%20Specs.pdf"
41,"Yahoo Developer Network / Use Third-Party Audiences For Targeting & Expanded Reach","https://developer.yahooinc.com/native/advertiser/guide/targeting/third-party-audiences/","No date.","2021-11-09","https://web.archive.org/web/20211112145739/https://developer.yahooinc.com/native/advertiser/guide/targeting/third-party-audiences/"
42,"Yahoo Help Center / Info Required to Create a Yahoo Account","https://help.yahoo.com/kb/info-required-create-yahoo-account-sln14992.html","No date.","2021-11-09","https://web.archive.org/web/20211109194320/https://help.yahoo.com/kb/info-required-create-yahoo-account-sln14992.html"
43,"Yahoo Transparency Report","https://www.yahooinc.com/transparency/index.html","No date.","2021-11-09","https://web.archive.org/web/20220222214746/https://www.yahooinc.com/transparency/index.html"
44,"Yahoo Transparency Report: FAQs and Glossary","https://www.yahooinc.com/transparency/about/faq-glossary.html","No date.","2021-11-09","https://web.archive.org/web/20211109200512/https://www.yahooinc.com/transparency/about/faq-glossary.html"
45,"Yahoo Transparency Report: Global Principles for Responding to Government Requests","https://www.yahooinc.com/transparency/about/global-principles.html","No date.","2021-11-09","https://web.archive.org/web/20211109200839/https://www.yahooinc.com/transparency/about/global-principles.html"
46,"Yahoo Transparency Report: Government Data Requests","https://www.yahooinc.com/transparency/reports/government-data-requests.html","No date.","2021-11-09","https://web.archive.org/web/20211111124829/https://www.yahooinc.com/transparency/reports/government-data-requests.html"
47,"Yahoo Transparency Report: Government Removal Requests","https://www.yahooinc.com/transparency/reports/government-removal-requests.html","No date.","2021-11-09","https://web.archive.org/web/20220222215034/https://www.yahooinc.com/transparency/reports/government-removal-requests.html"
48,"Yahoo Transparency Report: United States","https://www.yahooinc.com/transparency/reports/government-data-requests/country/united-states/us-jul-dec-2020/index.html","No date.","2021-11-11","https://web.archive.org/web/20211015090730/https://www.yahooinc.com/transparency/reports/government-data-requests/country/united-states/us-jul-dec-2020/index.html"
49,"Yahoo Transparency Report: Argentina","https://www.yahooinc.com/transparency/reports/government-data-requests/country/argentina/ar-jul-dec-2020/index.html","No date.","2021-11-11","https://web.archive.org/web/20220222215228/https://www.yahooinc.com/transparency/reports/government-data-requests/country/argentina/ar-jul-dec-2020/index.html"
50,"Yahoo Copyright and Intellectual Property Policy","https://legal.yahoo.com/us/en/yahoo/ip/index.html","2019-10-00","2021-11-11","https://web.archive.org/web/20211111132131/https://legal.yahoo.com/us/en/yahoo/ip/index.html"
51,"Yahoo Bug Bounty Program","https://hackerone.com/yahoo?type=team","2021-10-12","2021-11-11","https://ia601503.us.archive.org/29/items/yahoo-bug-bounty-program-hacker-one/Yahoo%21%20-%20Bug%20Bounty%20Program%20_%20HackerOne.pdf"
52,"Yahoo's Vunerability Disclosure Program Policy","https://legal.yahoo.com/xw/en/yahoo/coordinated-vulnerability-disclosure-program-policy/index.html","No date.","2021-11-11","https://web.archive.org/web/20211111140658/https://legal.yahoo.com/xw/en/yahoo/coordinated-vulnerability-disclosure-program-policy/index.html"
53,"Status Update: Encryption at Yahoo","https://yahoo.tumblr.com/post/81529518520/status-update-encryption-at-yahoo","2014-04-02","2021-11-11","https://web.archive.org/web/20210809132416/https://yahoo.tumblr.com/post/81529518520/status-update-encryption-at-yahoo"
54,"User-Focused Secuirty: End-to-End Encryption Extension for Yahoo Mail","https://yahoo.tumblr.com/search/yahoo%20mail%20end%20to%20end%20encryption","2015-03-15","2021-11-11","https://web.archive.org/web/20211111142537/https://yahoo.tumblr.com/search/yahoo%20mail%20end%20to%20end%20encryption"
55,"Find and Remove Unusual Activity on Your Yahoo Account","https://help.yahoo.com/kb/recent-activity-page-sln2073.html","No date.","2021-11-11","https://web.archive.org/web/20210211231321/https://help.yahoo.com/kb/recent-activity-page-sln2073.html"
56,"Why Did I Receive an Access Notification from Yahoo?","https://help.yahoo.com/kb/SLN7125.html","No date.","2021-11-11","https://web.archive.org/web/20211111143655/https://help.yahoo.com/kb/SLN7125.html"
57,"Yahoo Account Security","https://help.yahoo.com/kb/account#topic=TOP_ACCTSECURE","No date.","2021-11-11","https://web.archive.org/web/20211110171849/https://help.yahoo.com/kb/account"
58,"Yahoo Standards of Business Conduct","https://secure.ethicspoint.com/domain/media/en/gui/80547/code.pdf","No date.","2021-11-11","https://web.archive.org/web/20211111163648/https://secure.ethicspoint.com/domain/media/en/gui/80547/code.pdf"
59,"Yahoo EthicsPoint","https://secure.ethicspoint.com/domain/media/en/gui/80547/index.html","No date.","2021-11-11","https://web.archive.org/web/20211111170231/https://secure.ethicspoint.com/domain/media/en/gui/80547/index.html"
60,"Reform Government Surveillance: Purpose and Members","https://www.reformgovernmentsurveillance.com/about/","No date.","2021-11-11","https://web.archive.org/web/20211111193038/https://www.reformgovernmentsurveillance.com/about/"
61,"Yahoo Counter Notification","https://legal.yahoo.com/us/en/yahoo/ip/counter-notification/index.html","No date.","2021-11-11","https://web.archive.org/web/20211104011213/https://legal.yahoo.com/us/en/yahoo/ip/counter-notification/index.html"
62,"Yahoo Help Central - Email a Specialist","https://io.help.yahoo.com/contact/index?page=contactform&locale=en_US&token=Zh/BBVqXzLHlIbokbUqVWTUbuuQeXGkGnZzhKR2JQ4O6mMQdy9JSWfJCJWvc4C3/4ml2UKrHQ0nko7rLtSR524MJxCBJKi0QupzNgfCBzntg9dSBRYOublwVE756J6MoPaeCIytHoug=&selectedChannel=email-icon","No date.","2021-11-11","https://web.archive.org/web/20211111195918/https://io.help.yahoo.com/contact/index?page=contactform&locale=en_US&token=Zh%2FBBVqXzLHlIbokbUqVWTUbuuQeXGkGnZzhKR2JQ4O6mMQdy9JSWfJCJWvc4C3%2F4ml2UKrHQ0nko7rLtSR524MJxCBJKi0QupzNgfCBzntg9dSBRYOublwVE756J6MoPaeCIytHoug%3D&selectedChannel=email-icon"
63,"YAHOO/VERIZON MEDIA AD POLICY ENFORCEMENT STATS","https://s.yimg.com/cv/apiv2/adspecs/adpolicy/YAHOO_VERIZONMEDIA_AdPolicyEnforcementStats_12_31_2020.xlsx_-_Sheet1.pdf","No date.","2021-11-11","https://web.archive.org/web/20211111222923/https://s.yimg.com/cv/apiv2/adspecs/adpolicy/YAHOO_VERIZONMEDIA_AdPolicyEnforcementStats_12_31_2020.xlsx_-_Sheet1.pdf"
64,"Yahoo Network Security Terms","https://legal.yahoo.com/us/en/yahoo/terms/vendor/networksecurity/index.html","No date.","2022-01-27","https://web.archive.org/web/20220127192208/https://legal.yahoo.com/us/en/yahoo/terms/vendor/networksecurity/index.html"
65,"Yahoo Ad Specs / SSL Compliance","https://adspecs.yahooinc.com/pages/policies-guidelines/ssl-compliance","No date.","2022-01-27","https://web.archive.org/web/20220127192450/https://adspecs.yahooinc.com/pages/policies-guidelines/ssl-compliance"
66,"Yahoo Help Center / How Yahoo Uses SSL to Protect Your Account","https://help.yahoo.com/kb/yahoo-ssl-protect-account-sln28644.html","No date.","2022-01-27","https://web.archive.org/web/20220127193535/https://help.yahoo.com/kb/yahoo-ssl-protect-account-sln28644.html"
