﻿"SourceNr","DocumentTitle","URL","DocumentDate","DateAccessed","Saved source link"
1,"Facebook Terms of Service","https://www.facebook.com/legal/terms","2020-12-20","2021-11-09","https://web.archive.org/web/20211116135211/https://www.facebook.com/legal/terms"
2,"Facebook Community Standards","https://www.facebook.com/communitystandards/introduction","No date.","2021-11-09","https://web.archive.org/web/20211116135811/https://www.facebook.com/communitystandards/introduction"
4,"Instagram Community Guidelines","https://help.instagram.com/477434105621119/","No date.","2021-11-09","https://web.archive.org/web/20211116135828/https://help.instagram.com/477434105621119/"
5,"WhatsApp Terms of Service (section of Legal Info page)","https://www.whatsapp.com/legal?eea=0#terms-of-service","2021-01-04","2021-11-09","https://web.archive.org/web/20210128200336/https://www.whatsapp.com/legal/terms-of-service?eea=0&lang=en"
5,"WhatsApp Terms of Service (section of Legal Info page)","https://www.whatsapp.com/legal?eea=0#terms-of-service","2021-01-04","2021-11-09","https://web.archive.org/web/20210611150237/https://www.whatsapp.com/legal/?eea=0"
6,"Facebook Data Policy","https://www.facebook.com/policy.php","2020-08-31","2021-11-09","https://web.archive.org/web/20211104140047/https://www.facebook.com/policy.php"
7,"Deactivating or Deleting Your Account","https://www.facebook.com/help/250563911970368/","No date.","2021-11-09","https://web.archive.org/web/20211109171434/https://www.facebook.com/help/250563911970368/?helpref=hc_fnav"
8,"Security Tips","https://www.facebook.com/help/379220725465972/","No date.","2021-11-09","https://web.archive.org/web/20211022013640/https://www.facebook.com/help/379220725465972"
9,"Instagram Security Tips","https://help.instagram.com/369001149843369","No date.","2021-11-09","https://web.archive.org/web/20211114084038/https://help.instagram.com/369001149843369"
10,"WhatsApp FAQ: ""How to delete your account""","https://faq.whatsapp.com/en/android/21119703/","No date.","2021-11-09","https://web.archive.org/web/20211009210304/https://faq.whatsapp.com/android/account-and-profile/how-to-delete-your-account"
11,"Facebook two-factor authentication","https://www.facebook.com/help/148233965247823","No date.","2021-11-09","https://web.archive.org/web/20211116140120/https://www.facebook.com/help/148233965247823"
12,"How do I get alerts about unrecognized logins? (Facebook help page)","https://www.facebook.com/help/162968940433354?helpref=faq_content","No date.","2021-11-09","https://web.archive.org/web/20211116140557/https://www.facebook.com/help/162968940433354?helpref=faq_content"
13,"Explore your activity log (Facebook help page)","https://www.facebook.com/help/activitylog","No date.","2021-11-09","https://web.archive.org/web/20211122162500/https://www.facebook.com/help/activitylog"
14,"Instagram two-factor authentication","https://help.instagram.com/566810106808145","No date.","2021-11-09","https://web.archive.org/save/https://help.instagram.com/566810106808145"
15,"WhatsApp two-step verification","https://faq.whatsapp.com/en/android/26000021/","No date.","2021-11-09","https://web.archive.org/web/20211116054921/https://faq.whatsapp.com/general/verification/about-two-step-verification"
16,"GNI 2018/19 Independent Company Assessments","https://globalnetworkinitiative.org/wp-content/uploads/2020/04/2018-2019-PAR.pdf","2020-04-22","2021-11-09","https://web.archive.org/web/20211111230156/https://globalnetworkinitiative.org/wp-content/uploads/2020/04/2018-2019-PAR.pdf"
19,"Making Connections to Facebook more Secure","https://www.facebook.com/notes/protect-the-graph/making-connections-to-facebook-more-secure/1526085754298237/","2014-10-31","2021-11-09","https://web.archive.org/web/20211105030012/https://www.facebook.com/login/?next=https%3A%2F%2Fwww.facebook.com%2Fnotes%2Fprotect-the-graph%2Fmaking-connections-to-facebook-more-secure%2F1526085754298237%2F"
20,"Secret conversations (Facebook help page)","https://www.facebook.com/help/messenger-app/1084673321594605/?helpref=hc_fnav","No date.","2021-11-09","https://web.archive.org/web/20211021200945/https://www.facebook.com/help/messenger-app/1084673321594605/?helpref=hc_fnav"
21,"Facebook Code of Conduct","https://s21.q4cdn.com/399680738/files/doc_downloads/governance_documents/2019/Code-of-Conduct-(June-10-2019).pdf","2019-06-10","2021-11-09","https://web.archive.org/web/20200529232458/https://s21.q4cdn.com/399680738/files/doc_downloads/governance_documents/2019/Code-of-Conduct-(June-10-2019).pdf"
22,"WhatsApp end to end encryption","https://faq.whatsapp.com/en/general/28030015","No date.","2021-11-09","https://web.archive.org/web/20211122165423/https://faq.whatsapp.com/general/security-and-privacy/end-to-end-encryption"
24,"Facebook Bug Bounty Program","https://www.facebook.com/whitehat","2021-09-15","2021-11-09","https://web.archive.org/web/20211108164659/https://www.facebook.com/whitehat"
26,"Information for Law Enforcement Authorities","https://www.facebook.com/safety/groups/law/guidelines/","No date.","2021-11-09","https://web.archive.org/web/20211122175501/https://www.facebook.com/safety/groups/law/guidelines/"
28,"May I obtain any account information or account contents using a subpoena?","https://www.facebook.com/help/133221086752707","No date.","2021-11-09","https://web.archive.org/web/20211122175539/https://www.facebook.com/help/133221086752707"
29,"Facebook Advertising Policies","https://www.facebook.com/policies/ads/","No date.","2021-11-09","https://web.archive.org/web/20211122180401/https://www.facebook.com/policies/ads/"
31,"Copyright (Facebook help page)","https://www.facebook.com/help/1020633957973118","No date.","2021-11-09","https://web.archive.org/web/20211122180621/https://www.facebook.com/help/1020633957973118"
32,"Publishing Our Internal Enforcement Guidelines and Expanding Our Appeals Process","https://about.fb.com/news/2018/04/comprehensive-community-standards/","2018-04-24","2012-12-06","https://web.archive.org/web/20211203125626/https://about.fb.com/news/2018/04/comprehensive-community-standards/"
35,"FACEBOOK INC. AND THE EU-U.S. and SWISS-U.S. PRIVACY SHIELD","https://m.facebook.com/about/privacyshield","No date.","2021-11-09","https://web.archive.org/web/20210813050945/https://m.facebook.com/about/privacyshield"
36,"Copyright (Instagram help)","https://help.instagram.com/585021874940806","No date.","2021-11-09","https://web.archive.org/web/20210305142120/https://help.instagram.com/585021874940806"
37,"What names are allowed on Facebook?","https://www.facebook.com/help/112146705538576","No date.","2021-11-09","https://web.archive.org/web/20211201080338/https://www.facebook.com/help/112146705538576"
38,"What types of ID does Facebook accept?","https://www.facebook.com/help/159096464162185","No date.","2021-11-09","https://web.archive.org/web/20211201080537/https://www.facebook.com/help/159096464162185"
39,"Instagram information for law enforcement","https://help.instagram.com/494561080557017","No date.","2021-11-09","https://web.archive.org/web/20211109172026/https://help.instagram.com/494561080557017"
41,"How does Facebook decide which ads to show me?","https://www.facebook.com/help/562973647153813","No date.","2021-11-09","https://web.archive.org/web/20211111105348/https://www.facebook.com/help/562973647153813?helpref=faq_content"
42,"What are my ad preferences and how can I adjust them?","https://www.facebook.com/help/247395082112892","No date.","2021-11-09","https://web.archive.org/web/20211031114914/https://www.facebook.com/help/247395082112892/"
43,"Community Standards Enforcement Report","https://transparency.facebook.com/community-standards-enforcement","2021-11-09","2021-11-09","https://web.archive.org/web/20211122014901/https://transparency.fb.com/data/community-standards-enforcement/?from=https%3A%2F%2Ftransparency.facebook.com%2Fcommunity-standards-enforcement"
45,"Instagram - What can I do if I see an ad I don't like?","https://help.instagram.com/615366948510230","No date.","2021-11-09","https://web.archive.org/web/20211102155153/https://help.instagram.com/615366948510230"
46,"Accessing and downloading your information","https://www.facebook.com/help/1701730696756992","No date.","2021-11-09","https://web.archive.org/web/20211109163159/https://www.facebook.com/help/1701730696756992"
47,"How do I download a copy of my information on Facebook?","https://www.facebook.com/help/212802592074644","No date.","2021-11-09","https://web.archive.org/web/20211201081554/https://www.facebook.com/help/212802592074644?helpref=faq_content"
48,"WhatsApp - Requesting your account information","https://faq.whatsapp.com/general/26000110","No date.","2021-11-09","https://web.archive.org/web/20211201080819/https://faq.whatsapp.com/general/account-and-profile/how-to-request-your-account-information"
49,"Facebook cookies policy","https://www.facebook.com/policies/cookies/","2021-06-23","2021-11-09","https://web.archive.org/web/20211201081623/https://www.facebook.com/policies/cookies/"
50,"Instagram cookies policy","https://help.instagram.com/1896641480634370","No date.","2021-11-09","https://web.archive.org/web/20211127030644/https://help.instagram.com/1896641480634370"
53,"Image privacy rights","https://www.facebook.com/help/428478523862899","No date.","2021-11-09","https://web.archive.org/web/20210814084508/https://www.facebook.com/help/428478523862899"
54,"Trademark help page","https://www.facebook.com/help/507663689427413","No date.","2021-11-09","https://web.archive.org/web/20211201081828/https://www.facebook.com/help/507663689427413"
57,"WhatsApp Help Page on banned accounts","https://faq.whatsapp.com/en/android/23154266","No date.","2021-11-09","https://web.archive.org/web/20211020142407/https://faq.whatsapp.com/general/account-and-profile/about-account-bans/"
58,"Instagram: What can I do if my Instagram account has been disabled?","https://help.instagram.com/366993040048856","No date.","2021-11-09","https://web.archive.org/web/20211201081924/https://help.instagram.com/366993040048856"
60,"How do I access or review my data on Instagram?","https://help.instagram.com/181231772500920","No date.","2021-11-09","https://web.archive.org/web/20211201082000/https://help.instagram.com/181231772500920"
61,"Facebook Transparency: Content Restrictions Based on Local Law","https://transparency.facebook.com/content-restrictions","2021","2021-11-09","https://web.archive.org/web/20211201093900/https://transparency.fb.com/data/content-restrictions/?from=https%3A%2F%2Ftransparency.facebook.com%2Fcontent-restrictions"
62,"Transparency Report: Intellectual property","https://transparency.facebook.com/intellectual-property","No date.","2021-11-09","https://web.archive.org/web/20211201094842/https://transparency.fb.com/data/intellectual-property/?from=https%3A%2F%2Ftransparency.facebook.com%2Fintellectual-property"
63,"Transparency Report: Content restrictions: India","https://transparency.facebook.com/content-restrictions/country/IN","No date.","2021-11-09","https://web.archive.org/web/20211201094937/https://transparency.fb.com/data/content-restrictions/country/IN/?from=https%3A%2F%2Ftransparency.facebook.com%2Fcontent-restrictions%2Fcountry%2FIN"
64,"Transparency Report: Government data requests","https://transparency.facebook.com/government-data-requests","No date.","2021-11-09","https://web.archive.org/web/20211201095049/https://transparency.fb.com/data/government-data-requests/?from=https%3A%2F%2Ftransparency.facebook.com%2Fgovernment-data-requests"
65,"Transparency Report: Government data requests: United States","https://transparency.facebook.com/government-data-requests/country/US","No date.","2021-11-09","https://web.archive.org/web/20211201095158/https://transparency.fb.com/data/government-data-requests/country/US/?from=https%3A%2F%2Ftransparency.facebook.com%2Fgovernment-data-requests%2Fcountry%2FUS"
66,"WhatsApp information for law enforcement authorities","https://faq.whatsapp.com/en/android/26000050","No date.","2021-11-09","https://web.archive.org/web/20211119215148/https://faq.whatsapp.com/general/security-and-privacy/information-for-law-enforcement-authorities/"
71,"WhatsApp Privacy Policy (section of Legal Info page)","https://www.whatsapp.com/legal?eea=0#privacy-policy","2021-01-04","2021-11-09","https://web.archive.org/web/20211104143549/https://www.whatsapp.com/legal/privacy-policy"
73,"Updating our data access tools (Blog post)","https://about.fb.com/news/2020/03/data-access-tools/","2020-03-30","2021-11-09","https://web.archive.org/save/https://about.fb.com/news/2020/03/data-access-tools/"
74,"How inferences work","https://about.fb.com/wp-content/uploads/2020/03/How-Inferences-Work.pdf","2020-03-30","2021-11-09","https://web.archive.org/save/https://about.fb.com/wp-content/uploads/2020/03/How-Inferences-Work.pdf"
75,"How do I delete my Instagram account?","https://help.instagram.com/139886812848894","No date.","2021-11-09","https://web.archive.org/web/20211109171512/https://help.instagram.com/139886812848894"
76,"How do Facebook's Location Settings work?","https://www.facebook.com/help/278928889350358","No date.","2021-11-09","https://web.archive.org/web/20211019071058/https://www.facebook.com/help/278928889350358/"
77,"How do I disconnect my off-Facebook activity?","https://www.facebook.com/help/287199741901674","No date.","2021-11-09","https://web.archive.org/web/20211201095522/https://www.facebook.com/help/287199741901674"
78,"Control the ads you see","https://www.facebook.com/help/1075880512458213","No date.","2021-11-09","https://web.archive.org/web/20211201100153/https://www.facebook.com/help/1075880512458213"
80,"Control what you see in News Feed","https://www.facebook.com/help/964154640320617","No date.","2021-11-09","https://web.archive.org/web/20211018170540/https://www.facebook.com/help/964154640320617"
81,"News Feed Ranking in Three Minutes Flat","https://about.fb.com/news/2018/05/inside-feed-news-feed-ranking","2018-05-22","2021-11-09","https://web.archive.org/web/20211201100225/https://about.fb.com/news/2018/05/inside-feed-news-feed-ranking/"
82,"How do I see and manage Favorites on my Facebook News Feed?","https://www.facebook.com/help/1188278037864643","No date.","2021-11-09","https://web.archive.org/web/20211201100254/https://www.facebook.com/help/1188278037864643"
83,"How Instagram Feed works","https://help.instagram.com/1986234648360433","No date.","2021-11-09","https://web.archive.org/save/https://help.instagram.com/1986234648360433"
84,"How does Instagram determine which posts appear in Recommended for You?","https://help.instagram.com/381638392275939","No date.","2021-11-09","https://web.archive.org/web/20211201100812/https://help.instagram.com/1986234648360433"
86,"Facebook Políticas de publicidad","https://es-la.facebook.com/policies/ads/","No date.","2021-11-09","https://web.archive.org/web/20211201110925/https://es-la.facebook.com/policies/ads/"
87,"Messenger Platform Policy","https://developers.facebook.com/docs/messenger-platform/policy/policy-overview/","No date.","2021-11-09","https://web.archive.org/web/20210518100001/https://developers.facebook.com/docs/messenger-platform/policy/policy-overview/"
88,"Customer List Custom Audiences Terms","https://www.facebook.com/legal/terms/customaudience","2020-08-21","2021-12-07",NA
89,"About Facebook Ads","https://www.facebook.com/ads/about","No date.","2021-11-09","https://web.archive.org/web/20211031145619/https://www.facebook.com/ads/about/"
90,"Facebook for Business: Ads targeting","https://www.facebook.com/business/ads/ad-targeting","No date.","2021-11-09","https://web.archive.org/web/20211030105137/https://www.facebook.com/business/ads/ad-targeting"
95,"An Independent Assessment of the Human Rights Impact of Facebook in Myanmar (Facebook Newsroom post)","https://about.fb.com/news/2018/11/myanmar-hria/","2018-11-05","2021-11-09","https://web.archive.org/web/20211031145619/https://www.facebook.com/ads/about/"
96,"An Update on Facebook’s Human Rights Work in Asia and Around the World (Facebook Newsroom post)","https://about.fb.com/news/2020/05/human-rights-work-in-asia/","2020-05-12","2021-11-09","https://web.archive.org/web/20211118161714/https://about.fb.com/news/2020/05/human-rights-work-in-asia/"
97,"An Update on Building a Global Oversight Board (Facebook Newsroom post)","https://about.fb.com/news/2019/12/oversight-board-update/","2019-12-12","2021-11-09","https://web.archive.org/web/20211119174458/https://about.fb.com/news/2019/12/oversight-board-update/"
99,"Advertising policy: Discriminatory practices","https://www.facebook.com/policies/ads/prohibited_content/discriminatory_practices","No date.","2021-11-09","https://web.archive.org/web/20211022155656/https://www.facebook.com/policies/ads/prohibited_content/discriminatory_practices"
100,"Staying safe on WhatsApp (WhatsApp FAQ)","https://faq.whatsapp.com/general/security-and-privacy/staying-safe-on-whatsapp","No date.","2021-11-09","https://web.archive.org/web/20211101054320/https://faq.whatsapp.com/general/security-and-privacy/staying-safe-on-whatsapp"
102,"How ads get approved","https://www.facebook.com/business/a/ad-review-process","No date.","2021-11-09","https://web.archive.org/web/20211116213616/https://www.facebook.com/business/a/ad-review-process"
103,"WhatsApp Business Policy","https://www.whatsapp.com/legal/business-policy/?lang=en","2021-10-08","2021-11-09","https://web.archive.org/web/20211106203646/https://www.whatsapp.com/legal/business-policy/?lang=en"
104,"Facebook Platform Policy","https://developers.facebook.com/policy","No date.","2021-11-09","https://web.archive.org/web/20211031034303/https://developers.facebook.com/terms/"
105,"About reaching new audiences","https://www.facebook.com/business/help/717368264947302","No date.","2021-11-09","https://web.archive.org/web/20211201112523/https://www.facebook.com/login/?next=https%3A%2F%2Fwww.facebook.com%2Fbusiness%2Fhelp%2F717368264947302"
106,"Doing more to protect against discrimination in housing, employment and credit advertising (Facebook Newsroom blog post)","https://about.fb.com/news/2019/03/protecting-against-discrimination-in-ads/","2019-03-19","2021-11-09","https://web.archive.org/web/20211121093124/https://about.fb.com/news/2019/03/protecting-against-discrimination-in-ads/"
107,"Reducing inauthentic activity on Instagram","https://about.instagram.com/blog/announcements/reducing-inauthentic-activity-on-instagram","2018-11-19","2021-11-09","https://web.archive.org/web/20211116044804/https://about.instagram.com/blog/announcements/reducing-inauthentic-activity-on-instagram"
108,"Unauthorized use of automated or bulk messaging on WhatsApp","https://faq.whatsapp.com/general/security-and-privacy/unauthorized-use-of-automated-or-bulk-messaging-on-whatsapp/","No date.","2021-11-09","https://web.archive.org/web/20211117221820/https://faq.whatsapp.com/general/security-and-privacy/unauthorized-use-of-automated-or-bulk-messaging-on-whatsapp/"
109,"Stopping Abuse: How WhatsApp Fights Bulk Messaging and Automated Behavior","https://scontent.whatsapp.net/v/t61.22868-34/69510151_652112781951150_6923638360331596993_n.pdf/Stopping-Abuse-white-paper.pdf?ccb=1-5&_nc_sid=2fbf2a&_nc_ohc=aPV5AnqEYp4AX9wf-ss&_nc_ht=scontent.whatsapp.net&oh=a49e74865e2cdc48edfe39ba06b34812&oe=618E9BCF","2019-02-06","2021-11-09","https://web.archive.org/web/20211128150041/https://www.facebook.com/legal/terms/"
110,"What is two-factor authentication and how does it work on Facebook?","https://www.facebook.com/help/148233965247823","No date.","2021-11-09","https://web.archive.org/web/20211116140120/https://www.facebook.com/help/148233965247823"
111,"Security features and tips","https://www.facebook.com/help/285695718429403","No date.","2021-11-09","https://web.archive.org/web/20211124114206/https://www.facebook.com/help/285695718429403/"
112,"How is Facebook preventing platform abuse?","https://www.facebook.com/help/197037474359260","No date.","2021-11-09","https://web.archive.org/web/20211002131334/https://www.facebook.com/help/197037474359260"
113,"Designing security for billions (Facebook Newsroom post)","https://about.fb.com/news/2019/01/designing-security-for-billions/","2019-01-25","2021-11-09","https://web.archive.org/web/20211122071107/https://about.fb.com/news/2019/01/designing-security-for-billions/"
114,"Report a privacy violation (Facebook help page)","https://www.facebook.com/help/contact/144059062408922","No date.","2021-11-09","https://web.archive.org/web/20210905011001/https://www.facebook.com/help/contact/144059062408922"
117,"Facebook Terms of Service (U.S. policy)","https://www.facebook.com/legal/terms","2020-22-20","2021-11-09","https://web.archive.org/web/20211128150041/https://www.facebook.com/legal/terms/"
118,"Instagram Terms of Use (U.S. policy)","https://help.instagram.com/581066165581870/?helpref=hc_fnav&bc[0]=Instagram%20Help&bc[1]=Privacy%20and%20Safety%20Center","2020-12-20","2021-11-09","https://web.archive.org/web/20211031162855/https://help.instagram.com/581066165581870/?helpref=hc_fnav&bc%5b0%5d=Instagram%20Help&bc%5b1%5d=Privacy%20and%20Safety%20Center"
119,"WhatsApp Commerce policy","https://www.whatsapp.com/policies/commerce-policy/","2021-01-15","2021-11-09",NA
120,"FTC Consent Decree","https://www.ftc.gov/system/files/documents/cases/182_3109_facebook_order_filed_7-24-19.pdf","2019-07-24","2021-11-09","https://web.archive.org/web/20211122172447/https://www.ftc.gov/system/files/documents/cases/182_3109_facebook_order_filed_7-24-19.pdf"
121,"FTC Agreement Brings Rigorous New Standards for Protecting Your Privacy (blog post)","https://about.fb.com/news/2019/07/ftc-agreement/","2019-07-24","2021-11-09","https://web.archive.org/web/20211121150821/https://about.fb.com/news/2019/07/ftc-agreement/"
122,"Facebook's Civil Rights Audit - Final Report","https://about.fb.com/wp-content/uploads/2020/07/Civil-Rights-Audit-Final-Report.pdf","2020-07-08","2021-11-09","https://web.archive.org/web/20211031215830/https://about.fb.com/wp-content/uploads/2020/07/Civil-Rights-Audit-Final-Report.pdf"
123,"Making Progress on Civil Rights – But Still a Long Way to Go (blog post)","https://about.fb.com/news/2020/07/civil-rights-audit-report/","2020-07-08","2021-11-09","https://web.archive.org/web/20211121193753/https://about.fb.com/news/2020/07/civil-rights-audit-report/"
124,"Create Ads for Instagram","https://help.latest.instagram.com/1067656009937668","No date.","2021-11-09",NA
125,"Why am I seeing ads from an advertiser on Facebook? (help page)","https://www.facebook.com/help/794535777607370","No date.","2021-11-09","https://web.archive.org/web/20211011212745/https://www.facebook.com/help/794535777607370"
126,"Facebook Ad Library","https://www.facebook.com/ads/library/","No date.","2021-11-09","https://web.archive.org/web/20211127133243/https://www.facebook.com/ads/library/"
131,"Platform Terms","https://developers.facebook.com/terms/","2020-08-31","2021-11-09","https://web.archive.org/web/20211201080829/https://developers.facebook.com/terms/"
132,"How Does News Feed Predict What You Want to See?","https://about.fb.com/news/2021/01/how-does-news-feed-predict-what-you-want-to-see/","2021-01-26","2021-11-09","https://web.archive.org/web/20211105120454/https://about.fb.com/news/2021/01/how-does-news-feed-predict-what-you-want-to-see/"
133,"What are my ad topic preferences and how can I adjust them on Instagram?","https://help.instagram.com/245100253430454","No date.","2021-11-09","https://web.archive.org/web/20210121123936/https://help.instagram.com/245100253430454"
135,"How Does News Feed Predict What You Want to See?","https://about.fb.com/news/2021/01/how-does-news-feed-predict-what-you-want-to-see/","2021-01-26","2021-11-09","https://web.archive.org/web/20211120142005/https://about.fb.com/news/2021/01/how-does-news-feed-predict-what-you-want-to-see/"
136,"Detecting violations","https://transparency.fb.com/enforcement/detecting-violations/","No date.","2021-11-09","https://transparency.fb.com/enforcement/detecting-violations/"
137,"How enforcement technology works","https://transparency.fb.com/enforcement/detecting-violations/how-enforcement-technology-works/","2021-06-23","2021-11-09","https://web.archive.org/web/20211014190159/https://transparency.fb.com/enforcement/detecting-violations/how-enforcement-technology-works/"
138,"Removing Certain Ad Targeting Options and Expanding Our Ad Controls","https://www.facebook.com/business/news/removing-certain-ad-targeting-options-and-expanding-our-ad-controls","2021-10-09","2021-11-09","https://web.archive.org/web/20211201121621/https://transparency.fb.com/enforcement/detecting-violations/"
139,"How technology detects violations","https://transparency.fb.com/enforcement/detecting-violations/technology-detects-violations/","No date.","2021-11-09","https://web.archive.org/web/20211027210800/https://transparency.fb.com/enforcement/detecting-violations/technology-detects-violations/"
140,"Appealed Content","https://transparency.fb.com/policies/improving/appealed-content-metric/","2021-07-29","2021-11-09","https://web.archive.org/web/20211201122358/https://transparency.fb.com/policies/improving/appealed-content-metric/"
141,"What are recommendations on Instagram?","https://help.instagram.com/313829416281232/","No date.","2021-11-09","https://web.archive.org/web/20211121163814/https://help.instagram.com/313829416281232/"
142,"Facebook's Corporate Human Rights Policy","https://about.fb.com/wp-content/uploads/2021/04/Facebooks-Corporate-Human-Rights-Policy.pdf","2021-04-01","2021-11-09","https://web.archive.org/web/20211102162552/https://about.fb.com/wp-content/uploads/2021/04/Facebooks-Corporate-Human-Rights-Policy.pdf"
143,"Appealed content","https://transparency.fb.com/policies/improving/appealed-content-metric/","2021-07-29","2021-11-09","https://web.archive.org/web/20211201122358/https://transparency.fb.com/policies/improving/appealed-content-metric/"
144,"WhatsApp Security Page","https://www.whatsapp.com/security","No date.","2021-11-22","https://web.archive.org/web/20211125100954/https://www.whatsapp.com/security/"
145,"Content distribution guidelines","https://transparency.fb.com/en-gb/features/approach-to-ranking/types-of-content-we-demote/","2021-09-22","2021-11-22","https://web.archive.org/web/20211124002626/https://transparency.fb.com/en-gb/features/approach-to-ranking/types-of-content-we-demote/"
144,"WhatsApp Security Page","https://www.whatsapp.com/security","No date.","2021-11-22","https://web.archive.org/web/20220215114801/https://www.whatsapp.com/security"
145,"Content distribution guidelines","https://transparency.fb.com/en-gb/features/approach-to-ranking/types-of-content-we-demote/","2021-09-22","2021-11-22","https://web.archive.org/web/20211124002626/https://transparency.fb.com/en-gb/features/approach-to-ranking/types-of-content-we-demote/"
146,"Descripción general de la política de la plataforma de Messenger","https://developers.facebook.com/docs/messenger-platform/policy/policy-overview/?locale=es_LA","No date.","2021-12-06","https://web.archive.org/web/20211206170217/https://developers.facebook.com/docs/messenger-platform/policy/policy-overview/?locale=es_LA"
147,"I don't think Facebook should have taken down my post.","https://www.facebook.com/help/2090856331203011","No date.","2022-02-09","https://web.archive.org/web/20211012013010/https://www.facebook.com/help/2090856331203011"
