﻿"SourceNr","DocumentTitle","URL","DocumentDate","DateAccessed","Saved source link"
1,"Twitter Terms of Service","https://twitter.com/en/tos","2020-06-18","2021-11-09","https://web.archive.org/web/20211109123402/https://twitter.com/en/tos"
2,"The Twitter Rules and Policies","https://help.twitter.com/en/rules-and-policies/twitter-rules","No date.","2021-11-09","https://web.archive.org/web/20211109123553/https://help.twitter.com/en/rules-and-policies/twitter-rules"
3,"Twitter Terms of Service - Spanish","https://twitter.com/es/tos","2020-06-18","2021-11-09","https://web.archive.org/web/20211109123659/https://twitter.com/es/tos"
5,"Twitter for Good","https://about.twitter.com/en/who-we-are/twitter-for-good","No date.","2021-22-10","https://web.archive.org/web/20211021064919/https://about.twitter.com/en/who-we-are/twitter-for-good"
6,"Defending and respecting the rights of people using our service","https://help.twitter.com/en/rules-and-policies/defending-and-respecting-our-users-voice","No date.","2021-10-22","https://web.archive.org/web/20211001130713/https://help.twitter.com/en/rules-and-policies/defending-and-respecting-our-users-voice"
7,"About your Twitter Timeline","https://help.twitter.com/en/using-twitter/twitter-timeline","No date.","2021-11-08","https://web.archive.org/web/20211109002521/https://help.twitter.com/en/using-twitter/twitter-timeline"
8,"Using Deep Learning at Scale in Twitter’s Timelines","https://blog.twitter.com/engineering/en_us/topics/insights/2017/using-deep-learning-at-scale-in-twitters-timelines.html","2017-09-05","2021-11-08","https://web.archive.org/web/20211109002818/https://blog.twitter.com/engineering/en_us/topics/insights/2017/using-deep-learning-at-scale-in-twitters-timelines"
9,"Defining public interest on Twitter","https://blog.twitter.com/en_us/topics/company/2019/publicinterest.html","2019-06-29","2020-06-08","https://web.archive.org/web/20211022152129/https%3A%2F%2Fblog.twitter.com%2Fen_us%2Ftopics%2Fcompany%2F2019%2Fpublicinterest"
10,"Automated copyright claims for live video","https://help.twitter.com/en/rules-and-policies/automated-claims-policy","No date.","2020-06-08","https://web.archive.org/web/20211023235638/https://help.twitter.com/en/rules-and-policies/automated-claims-policy"
11,"Twitter blog - Participating at Oslo Freedom Forum: ‘Davos for Dissidents’","https://blog.twitter.com/official/en_us/a/2016/participating-at-oslo-freedom-forum-davos-for-dissidents.html","No date.","2021-11-09","https://web.archive.org/web/20211109125038/https://blog.twitter.com/official/en_us/a/2016/participating-at-oslo-freedom-forum-davos-for-dissidents.html"
12,"Twitter Trust and Safety Council","https://about.twitter.com/en_us/safety/safety-partners.html","No date.","2021-11-09","https://web.archive.org/web/20211109125207/https://help.twitter.com/en/safety-and-security/self-harm-and-suicide"
13,"Previous Terms of Service","https://twitter.com/en/tos/previous","No date.","2021-11-09","https://web.archive.org/web/20211109125416/https://twitter.com/en/tos/previous"
14,"How to report violations","https://support.twitter.com/articles/15789","No date.","2021-11-09","https://web.archive.org/web/20211109125538/https://help.twitter.com/en/rules-and-policies/twitter-report-violation"
15,"How we enforce our rules","https://about.twitter.com/en_us/safety/enforcing-our-rules.html","No date.","2021-11-09","https://web.archive.org/web/20211109125714/https://help.twitter.com/en/resources/rules"
16,"Copyright policy","https://help.twitter.com/en/rules-and-policies/copyright-policy","No date.","2021-11-09","https://web.archive.org/web/20211109125918/https://help.twitter.com/en/rules-and-policies/copyright-policy"
17,"Our use of cookies and similar technologies - What are my privacy options","https://help.twitter.com/en/rules-and-policies/twitter-cookies#privacy-options","No date.","2021-11-07","https://web.archive.org/web/20211107213355/https://help.twitter.com/en/rules-and-policies/twitter-cookies"
18,"Our approach to policy development and enforcement philosophy","https://help.twitter.com/en/rules-and-policies/enforcement-philosophy","No date.","2021-11-09","https://web.archive.org/web/20211110012716/https://help.twitter.com/en/rules-and-policies/enforcement-philosophy"
19,"How we enforce our rules","https://about.twitter.com/en_us/safety/enforcing-our-rules.html","No date.","2021-11-09","https://web.archive.org/web/20211110012843/https://help.twitter.com/en/resources/rules"
22,"Privacy Policy","https://twitter.com/en/privacy","2020-06-18","2021-11-12","https://web.archive.org/web/20211112141941/https://twitter.com/en/privacy"
23,"Privacy Policy - Spanish","https://twitter.com/es/privacy","2020-06-18","2021-11-12","https://web.archive.org/web/20211112142317/https://twitter.com/es/privacy"
24,"Previous Privacy Policies","https://twitter.com/en/privacy/previous","No date.","2021-11-06","https://web.archive.org/web/20211106204327/https://twitter.com/en/privacy/previous"
25,"Our use of cookies and similar technologies","https://help.twitter.com/en/rules-and-policies/twitter-cookies#privacy-options","No date.","2021-11-07","https://web.archive.org/web/20211107154054/https://help.twitter.com/en/rules-and-policies/twitter-cookies"
26,"About personalization based on your inferred identity","https://help.twitter.com/eNo date.bout-personalization-across-your-devices","No date.","2021-11-07","https://web.archive.org/web/20211107154250/https://help.twitter.com/en/about-personalization-across-your-devices"
28,"Guidelines for Law Enforcement","https://help.twitter.com/en/rules-and-policies/twitter-law-enforcement-support#","No date.","2021-11-07","https://web.archive.org/web/20211107162331/https://help.twitter.com/en/rules-and-policies/twitter-law-enforcement-support"
29,"Twitter, our services, and corporate affiliates","https://help.twitter.com/en/rules-and-policies/twitter-services-and-corporate-affiliates","No date.","2021-11-07","https://web.archive.org/web/20211107162714/https://help.twitter.com/en/rules-and-policies/twitter-services-and-corporate-affiliates"
30,"Personalization based on where you see Twitter content across the web","https://help.twitter.com/en/using-twitter/tailored-suggestions","No date.","2021-11-07","https://web.archive.org/web/20211107164408/https://help.twitter.com/en/using-twitter/tailored-suggestions"
31,"Help Center - How to deactivate your account","https://help.twitter.com/en/managing-your-account/how-to-deactivate-twitter-account","No date.","2021-11-07","https://web.archive.org/web/20211107175114/https://help.twitter.com/en/managing-your-account/how-to-deactivate-twitter-account"
33,"About country withheld content","https://help.twitter.com/en/rules-and-policies/tweet-withheld-by-country","No date.","2021-11-10","https://web.archive.org/web/20211111003711/https://help.twitter.com/en/rules-and-policies/tweet-withheld-by-country"
34,"Twitter Legal Requests FAQs","https://help.twitter.com/en/rules-and-policies/twitter-legal-faqs","No date.","2021-11-10","https://web.archive.org/web/20211111003956/https://help.twitter.com/en/rules-and-policies/twitter-legal-faqs"
36,"Trademark policy","https://help.twitter.com/en/rules-and-policies/twitter-trademark-policy","No date.","2021-11-10","https://web.archive.org/web/20211111012118/https://help.twitter.com/en/rules-and-policies/twitter-trademark-policy"
37,"Transparency Report - Removal requests","https://transparency.twitter.com/en/removal-requests.html","No date.","2021-11-10","https://web.archive.org/web/20211111004043/https://transparency.twitter.com/en/reports/removal-requests.html"
38,"Transparency Report - Copyright Notices","https://transparency.twitter.com/en/copyright-notices.html","No date.","2021-11-10","https://web.archive.org/web/20211111012554/https://transparency.twitter.com/en/reports/copyright-notices.html"
39,"Transparency Report - Trademark Notices","https://transparency.twitter.com/en/trademark-notices.html","No date.","2021-11-10","https://web.archive.org/web/20211111012923/https://transparency.twitter.com/en/reports/trademark-notices.html"
41,"Tweet location FAQs","https://help.twitter.com/en/safety-and-security/tweet-location-settings#","No date.","2021-11-07","https://web.archive.org/web/20211107184444/https://help.twitter.com/en/safety-and-security/tweet-location-settings"
42,"Twitter Help - How to download your Twitter archive","https://help.twitter.com/en/managing-your-account/how-to-download-your-twitter-archive","No date.","2021-11-07","https://web.archive.org/web/20211107204353/https://help.twitter.com/en/managing-your-account/how-to-download-your-twitter-archive"
43,"Twitter Help - How to access your Twitter data","https://help.twitter.com/en/managing-your-account/accessing-your-twitter-data","No date.","2021-11-07","https://web.archive.org/web/20211107204435/https://help.twitter.com/en/managing-your-account/accessing-your-twitter-data"
47,"Annual Report 2019","https://s22.q4cdn.com/826641620/files/doc_financials/ar/2018/AnnualReport2018.pdf","No date.","2021-11-11","https://web.archive.org/web/20211112142359/https://s22.q4cdn.com/826641620/files/doc_financials/ar/2018/AnnualReport2018.pdf"
48,"HackerOne - Twitter","https://hackerone.com/twitter","2018-08-17","2021-11-11","https://web.archive.org/web/20211111204334/https://hackerone.com/twitter"
52,"Twitter Help - How to use two-factor verification","https://help.twitter.com/en/managing-your-account/two-factor-authentication","No date.","2021-11-11","https://web.archive.org/web/20211111211527/https://help.twitter.com/en/managing-your-account/two-factor-authentication"
53,"Twitter Help - Help with locked or limited account","https://help.twitter.com/en/managing-your-account/locked-and-limited-accounts","No date.","2021-11-11","https://web.archive.org/web/20211111211717/https://help.twitter.com/en/managing-your-account/locked-and-limited-accounts"
55,"How we're making Twitter safer","https://about.twitter.com/en_us/safety/safety-tools.html","No date.","2021-11-11","https://web.archive.org/web/20211111212830/https://help.twitter.com/en/resources/a-safer-twitter"
57,"Twitter Help - About suspended accounts","https://help.twitter.com/en/managing-your-account/suspended-twitter-accounts","No date.","2021-11-11","https://web.archive.org/web/20211111185026/https://help.twitter.com/en/managing-your-account/suspended-twitter-accounts"
58,"Twitter Help - Appeal an account suspension or locked account","https://help.twitter.com/forms/general?subtopic=suspended","No date.","2021-11-11","https://web.archive.org/web/20211111185344/https://help.twitter.com/forms/general?subtopic=suspended"
59,"Twitter Help Center - Reporting tool","https://help.twitter.com/forms/private_information","No date.","2021-11-11","https://web.archive.org/web/20211103043928/https://help.twitter.com/en/forms/safety-and-sensitive-content/private-information"
60,"Twitter Law Enforcement Request","https://help.twitter.com/forms/lawenforcement","No date.","2021-11-10","https://web.archive.org/web/20211111042055/https://help.twitter.com/en/forms/law-enforcement"
64,"More clarity on reported Tweets and enforcement","https://blog.twitter.com/en_us/topics/product/2018/more-clarity-on-reported-tweets-and-enforcement.html","2018-10-17","2021-11-11","https://web.archive.org/web/20211111164731/https://blog.twitter.com/en_us/topics/product/2018/more-clarity-on-reported-tweets-and-enforcement"
66,"Transparency Report - Information Requests","https://transparency.twitter.com/en/information-requests.html","No date.","2021-11-10","https://web.archive.org/web/20211111041717/https://transparency.twitter.com/en/reports/information-requests.html"
67,"Transparency Report - Information Requests, U.S.","https://transparency.twitter.com/en/countries/us.html","No date.","2021-11-10","https://web.archive.org/web/20211111153908/https://transparency.twitter.com/en/reports/countries/us.html"
68,"Twitter Privacy Request Form","https://help.twitter.com/forms/privacy","No date.","2021-11-11","https://web.archive.org/web/20211111190253/https://help.twitter.com/en/forms/privacy"
69,"Twitter Ads Policies","https://business.twitter.com/en/help/ads-policies/introduction-to-twitter-ads/twitter-ads-policies.html","No date.","2021-11-08","https://web.archive.org/web/20211109005748/https://business.twitter.com/en/help/ads-policies.html"
70,"Prohibited Content policies","https://business.twitter.com/en/help/ads-policies/prohibited-content-policies.html","No date.","2021-11-08","https://web.archive.org/web/20211109005846/https://business.twitter.com/en/help/ads-policies/ads-content-policies.html"
71,"Restricted Content Policies","https://business.twitter.com/en/help/ads-policies/restricted-content-policies.html","No date.","2021-11-08","https://web.archive.org/web/20211109005846/https://business.twitter.com/en/help/ads-policies/ads-content-policies.html"
72,"Twitter Ads Approval","https://business.twitter.com/en/help/ads-policies/introduction-to-twitter-ads/about-twitter-ads-approval.html","No date.","2021-11-08","https://web.archive.org/web/20211109010036/https://business.twitter.com/en/help/ads-policies/about-twitter-ads-approval.html"
73,"Account eligibility for Twitter Ads","https://business.twitter.com/en/help/overview/about-eligibility-for-twitter-ads.html","No date.","2021-11-08","https://web.archive.org/web/20211109010245/https://business.twitter.com/en/help/ads-policies/campaign-considerations/about-eligibility-for-twitter-ads.html"
74,"About Twitter Ads offboarding","https://business.twitter.com/en/help/ads-policies/other-policy-requirements/about-twitter-ads-offboarding.html","No date.","2021-11-08","https://web.archive.org/web/20211109010415/https://business.twitter.com/en/help/ads-policies/about-twitter-ads-offboarding.html"
75,"How Twitter Ads work","https://business.twitter.com/en/help/troubleshooting/how-twitter-ads-work.html","No date.","2021-11-09","https://web.archive.org/web/20211027115150/https://business.twitter.com/en/help/troubleshooting/how-twitter-ads-work.html"
76,"Policies for keyword targeting","https://business.twitter.com/en/help/ads-policies/other-policy-requirements/policies-for-keyword-targeting.html","No date.","2021-11-09","https://web.archive.org/web/20211105184146/https://business.twitter.com/en/help/ads-policies/campaign-considerations/targeting-of-sensitive-categories.html"
77,"Policies for Conversion Tracking and Tailored Audiences","https://business.twitter.com/en/help/ads-policies/other-policy-requirements/policies-for-conversion-tracking-and-tailored-audiences.html","No date.","2021-11-09","https://web.archive.org/web/20211109184229/https://business.twitter.com/en/help/ads-policies/campaign-considerations/policies-for-conversion-tracking-and-custom-audiences.html"
78,"About rules and best practices with account behaviors","https://help.twitter.com/en/rules-and-policies/twitter-rules-and-best-practices","No date.","2021-11-09","https://web.archive.org/web/20211110031639/https://help.twitter.com/en/rules-and-policies/twitter-rules-and-best-practices"
79,"How to Report Twitter Ads","https://help.twitter.com/en/safety-and-security/reporting-twitter-ads","No date.","2021-11-09","https://web.archive.org/web/20211110031728/https://help.twitter.com/en/safety-and-security/reporting-twitter-ads"
80,"Transparency Report / Twitter Rules enforcement","https://transparency.twitter.com/en/twitter-rules-enforcement.html","2021","2021-11-09","https://web.archive.org/web/20211110020231/https://transparency.twitter.com/en/reports/rules-enforcement.html"
81,"Ads Transparency Center","https://ads.twitter.com/transparency","No date.","2021-11-10","https://web.archive.org/web/20211110195956/https://business.twitter.com/en/help/ads-policies/product-policies/ads-transparency.html"
82,"Political Content","https://business.twitter.com/en/help/ads-policies/prohibited-content-policies/political-content.html","No date.","2021-11-09","https://web.archive.org/web/20211109160300/https://business.twitter.com/en/help/ads-policies/ads-content-policies/political-content.html"
83,"Platform manipulation","https://help.twitter.com/en/rules-and-policies/platform-manipulation","2020-09","2021-11-10","https://web.archive.org/web/20211110135546/https://help.twitter.com/en/rules-and-policies/platform-manipulation"
84,"Transparency Report / Platform manipulation","https://transparency.twitter.com/en/platform-manipulation.html","2020","2021-11-10","https://web.archive.org/web/20211110140128/https://transparency.twitter.com/en/reports/platform-manipulation.html"
85,"Our Company - Vijaya Gadde bio","https://about.twitter.com/en_us/company.html","No date.","2021-11-03","https://web.archive.org/web/20211022140145/https://about.twitter.com/en/who-we-are/twitter-for-good"
87,"Code of Business Conduct and Ethics","https://legal.twitter.com/code-of-business-conduct.html","2018-09","2021-11-03","https://web.archive.org/web/20211103185934/https://legal.twitter.com/en/code-of-business-conduct.html"
88,"Policy Brief: Access’ position on zero rating schemes","https://www.accessnow.org/cms/assets/uploads/archive/Access-Position-Zero-Rating.pdf","No date.","2021-11-05","https://web.archive.org/web/20211105234405/https://www.accessnow.org/cms/assets/uploads/archive/Access-Position-Zero-Rating.pdf"
90,"Our range of enforcement options","https://help.twitter.com/en/rules-and-policies/enforcement-options","No date.","2021-11-10","https://web.archive.org/web/20211110151754/https://help.twitter.com/en/rules-and-policies/enforcement-options"
93,"Private information policy","https://help.twitter.com/en/rules-and-policies/personal-information","2019-03","2021-11-11","https://web.archive.org/web/20211111190632/https://help.twitter.com/en/rules-and-policies/personal-information"
94,"What we have been doing to protect your privacy and data","https://blog.twitter.com/en_us/topics/company/2019/privacy_data_protection.html","2019-12-09","2021-11-03","https://web.archive.org/web/20211103184034/https://blog.twitter.com/en_us/topics/company/2019/privacy_data_protection"
96,"State media","https://business.twitter.com/en/help/ads-policies/prohibited-content-policies/state-media.html","No date.","2021-11-09","https://web.archive.org/web/20211109160501/https://business.twitter.com/en/help/ads-policies/ads-content-policies/state-media.html"
98,"Automation rules","https://help.twitter.com/en/rules-and-policies/twitter-automation","2017-11-03","2021-11-10","https://web.archive.org/web/20211110140551/https://help.twitter.com/en/rules-and-policies/twitter-automation"
99,"About account security","https://help.twitter.com/en/safety-and-security/account-security-tips","No date.","2021-11-11","https://web.archive.org/web/20211111210500/https://help.twitter.com/en/safety-and-security/account-security-tips"
100,"Video explaining appeals process","https://help.twitter.com/en/managing-your-account/locked-and-limited-accounts#video","No date.","2021-11-11","https://web.archive.org/web/20211111185844/https://help.twitter.com/en/managing-your-account/locked-and-limited-accounts"
101,"Ads Policy Update Log","https://business.twitter.com/en/help/ads-policies/ads-policy-update-log.html","2020-01-00","2021-11-09","https://web.archive.org/web/20211109164628/https://business.twitter.com/en/help/ads-policies/ads-policy-update-log.html"
102,"Bot or not? The facts about platform manipulation on Twitter","https://blog.twitter.com/en_us/topics/company/2020/bot-or-not.html","2020-05-18","2021-11-11","https://web.archive.org/web/20211111190025/https://blog.twitter.com/en_us/topics/company/2020/bot-or-not"
103,"An issue with protected Tweets on Twitter for Android","https://help.twitter.com/en/protected-tweets-android","2019-01-17","2021-11-11","https://web.archive.org/web/20211111205401/https://help.twitter.com/en/protected-tweets-android"
104,"Civic integrity policy","https://help.twitter.com/en/rules-and-policies/election-integrity-policy","2021-10","2021-22-10","https://web.archive.org/web/20211022152856/https%3A%2F%2Fhelp.twitter.com%2Fen%2Frules-and-policies%2Felection-integrity-policy"
105,"Introducing our Responsible Machine Learning Initiative","https://blog.twitter.com/en_us/topics/company/2021/introducing-responsible-machine-learning-initiative","2021-04-14","2021-22-10","https://web.archive.org/web/20211014213209/https://blog.twitter.com/en_us/topics/company/2021/introducing-responsible-machine-learning-initiative"
106,"Additional information about data processing","https://help.twitter.com/en/rules-and-policies/data-processing-legal-bases","No date.","2021-26-10","https://web.archive.org/web/20211026184323/https://help.twitter.com/en/rules-and-policies/data-processing-legal-bases"
107,"Twitter Ethics Helpline","https://secure.ethicspoint.com/domain/media/en/gui/55890/index.html","No date.","2021-11-04","https://web.archive.org/web/20210106002117/https://secure.ethicspoint.com/domain/media/en/gui/55890/index.html"
108,"Twitter Global Impact Report","https://about.twitter.com/content/dam/about-twitter/en/company/global-impact-2020.pdf","2020","2021-11-04","https://web.archive.org/web/20211104173629/https://about.twitter.com/content/dam/about-twitter/en/company/global-impact-2020.pdf"
109,"Our continued work to keep Twitter secure","https://blog.twitter.com/en_us/topics/company/2020/our-continued-work-to-keep-twitter-secure","2020-09-24","2021-11-04","https://web.archive.org/web/20211104184757/https://blog.twitter.com/en_us/topics/company/2020/our-continued-work-to-keep-twitter-secure"
110,"Coronavirus: Staying safe and informed on Twitter","https://blog.twitter.com/en_us/topics/company/2020/covid-19","2021-01-21","2021-11-05","https://web.archive.org/web/20211105130531/https://blog.twitter.com/en_us/topics/company/2020/covid-19"
111,"Targeting of Sensitive Categories","https://business.twitter.com/en/help/ads-policies/campaign-considerations/targeting-of-sensitive-categories.html","No date.","2021-11-05","https://web.archive.org/web/20211105184146/https://business.twitter.com/en/help/ads-policies/campaign-considerations/targeting-of-sensitive-categories.html"
112,"Introducing our Responsible Machine Learning Initiative (Spanish)","https://blog.twitter.com/es_es/topics/product/2021/presentamos-nuestra-iniciativa-de-aprendizaje-automatico-respons","2021-04-14","2021-11-06","https://web.archive.org/web/20211106164522/https://blog.twitter.com/es_es/topics/product/2021/presentamos-nuestra-iniciativa-de-aprendizaje-automatico-respons"
113,"Updates to our Terms and Privacy Policy","https://privacy.twitter.com/en/blog/2021/updates-to-our-terms-and-privacy-policy","2021-07-20","2021-11-06","https://web.archive.org/web/20211106202722/https://privacy.twitter.com/en/blog/2021/updates-to-our-terms-and-privacy-policy"
114,"More information on Twitter's data processing","https://help.twitter.com/en/rules-and-policies/data-processing-legal-bases","No date.","2021-11-7","https://web.archive.org/web/20211107154808/https://help.twitter.com/en/rules-and-policies/data-processing-legal-bases"
115,"Additional information sharing with business partners","https://help.twitter.com/en/safety-and-security/data-through-partnerships","No date.","2021-11-07","https://web.archive.org/web/20211107161447/https://help.twitter.com/en/safety-and-security/data-through-partnerships"
116,"Tracking on iOS 14.5+","https://help.twitter.com/en/safety-and-security/about-ios-tracking","No date.","2021-11-07","https://web.archive.org/web/20211107185824/https://help.twitter.com/en/safety-and-security/about-ios-tracking"
117,"Personalized content based on your third-party web activity","https://help.twitter.com/en/using-twitter/tailored-suggestions","No date.","2021-11-07","https://web.archive.org/web/20211107190903/https://help.twitter.com/en/using-twitter/tailored-suggestions"
118,"Do Not Track","https://help.twitter.com/en/safety-and-security/twitter-do-not-track","No date.","2021-11-07","https://web.archive.org/web/20211108024957/https://help.twitter.com/en/safety-and-security/twitter-do-not-track"
119,"Twitter Blog","https://blog.twitter.com/#","No date.","2021-11-08","https://web.archive.org/web/20211109003308/https://blog.twitter.com/"
120,"Examining algorithmic amplification of political content on Twitter","https://blog.twitter.com/en_us/topics/company/2021/rml-politicalcontent","2021-10-21","2021-11-08","https://web.archive.org/web/20211109004439/https://blog.twitter.com/en_us/topics/company/2021/rml-politicalcontent"
121,"About conversations on Twitter","https://help.twitter.com/en/using-twitter/twitter-conversations","No date.","2021-11-08","https://web.archive.org/web/20211109021038/https://help.twitter.com/en/using-twitter/twitter-conversations"
122,"Twitter Moments guidelines and principles","https://help.twitter.com/en/rules-and-policies/twitter-moments-guidelines-and-principles","No date.","2021-11-08","https://web.archive.org/web/20211109021851/https://help.twitter.com/en/rules-and-policies/twitter-moments-guidelines-and-principles"
123,"Transparency around image cropping and changes to come","https://blog.twitter.com/en_us/topics/product/2020/transparency-image-cropping","2020-10-01","2021-11-08","https://web.archive.org/web/20211109023022/https://blog.twitter.com/en_us/topics/product/2020/transparency-image-cropping"
124,"Speedy Neural Networks for Smart Auto-Cropping of Images","https://blog.twitter.com/engineering/en_us/topics/infrastructure/2018/Smart-Auto-Cropping-of-Images","2018-01-24","2021-11-08","https://web.archive.org/web/20211109024357/https://blog.twitter.com/engineering/en_us/topics/infrastructure/2018/Smart-Auto-Cropping-of-Images"
125,"Release Notes","https://twitter.com/i/release_notes","No date.","2021-11-08","https://web.archive.org/web/20211109131307/https://twitter.com/i/release_notes"
126,"Counterfit Policy","https://help.twitter.com/en/rules-and-policies/counterfeit-goods-policy?lang=browser","No date.","2021-11-08","https://web.archive.org/web/20211109161226/https://help.twitter.com/en/rules-and-policies/counterfeit-goods-policy?lang=browser"
127,"Trademark Policy","https://business.twitter.com/en/help/ads-policies/ads-content-policies/trademark-policy-for-twitter-ads.html","No date.","2021-11-08","https://web.archive.org/web/20211109161733/https://business.twitter.com/en/help/ads-policies/ads-content-policies/trademark-policy-for-twitter-ads.html"
128,"Adding more context to Trends (blog post)","https://blog.twitter.com/en_us/topics/product/2020/adding-more-context-to-trends","2020-09-01","2021-11-09","https://web.archive.org/web/20211109164109/https://blog.twitter.com/en_us/topics/product/2020/adding-more-context-to-trends"
129,"Ads Policy: Brand Safety Policy","https://business.twitter.com/en/help/ads-policies/product-policies/brand-safety-policy.html","No date.","2021-11-09","https://web.archive.org/web/20211109172918/https://business.twitter.com/en/help/ads-policies/product-policies/brand-safety-policy.html"
130,"Business Twitter","https://business.twitter.com/","No date.","2021-11-09","https://web.archive.org/web/20211109190205/https://business.twitter.com/"
131,"Twitter Ads Targeting","https://business.twitter.com/en/advertising/targeting.html","No date.","2021-11-09","https://web.archive.org/web/20211109192812/https://business.twitter.com/en/advertising/targeting.html"
132,"Twitter Ads Help Center","https://business.twitter.com/en/help.html","No date.","2021-11-09","https://web.archive.org/web/20211109192812/https://business.twitter.com/en/advertising/targeting.html"
133,"Geo, gender, language, and age targeting","https://business.twitter.com/en/help/campaign-setup/campaign-targeting/geo-gender-and-language-targeting.html","No date.","2021-11-09","https://web.archive.org/web/20211109195114/https://business.twitter.com/en/help/campaign-setup/campaign-targeting/geo-gender-and-language-targeting.html"
134,"COVID-19 misleading information policy","https://help.twitter.com/en/rules-and-policies/medical-misinformation-policy","No date.","2021-11-09","https://web.archive.org/web/20211110024632/https://help.twitter.com/en/rules-and-policies/medical-misinformation-policy"
135,"Brand Safety @Twitter","https://business.twitter.com/en/help/ads-policies/brand-safety.html","No date.","2021-11-10","https://web.archive.org/web/20211110134320/https://business.twitter.com/en/help/ads-policies/brand-safety.html"
136,"About automated account labels","https://help.twitter.com/en/using-twitter/automated-account-labels","No date.","2021-11-10","https://web.archive.org/web/20211022052923/https://help.twitter.com/en/using-twitter/automated-account-labels"
137,"The secret world of good bots","https://blog.twitter.com/common-thread/en/topics/stories/2021/the-secret-world-of-good-bots","2021-10-21","2021-11-10","https://web.archive.org/web/20211110145335/https://blog.twitter.com/common-thread/en/topics/stories/2021/the-secret-world-of-good-bots"
138,"Four truths about bots","https://blog.twitter.com/common-thread/en/topics/stories/2021/four-truths-about-bots","2021-09-21","2021-11-10","https://web.archive.org/web/20211110150222/https://blog.twitter.com/common-thread/en/topics/stories/2021/four-truths-about-bots"
139,"Child Sexual Exploitation Policy","https://help.twitter.com/en/rules-and-policies/sexual-exploitation-policy","2020-10","2021-11-10","https://web.archive.org/web/20211111013611/https://help.twitter.com/en/rules-and-policies/sexual-exploitation-policy"
140,"Notices on Twitter and what they mean","https://help.twitter.com/en/rules-and-policies/notices-on-twitter","No date.","2021-11-11","https://web.archive.org/web/20211111172053/https://help.twitter.com/en/rules-and-policies/notices-on-twitter"
141,"About search rules and restrictions","https://help.twitter.com/en/rules-and-policies/twitter-search-policies","No date.","2021-11-11","https://web.archive.org/web/20211111173251/https://help.twitter.com/en/rules-and-policies/twitter-search-policies"
142,"An update on our security incident","https://blog.twitter.com/en_us/topics/company/2020/an-update-on-our-security-incident","2020-07-30","2021-11-11","https://web.archive.org/web/20211111201824/https://blog.twitter.com/en_us/topics/company/2020/an-update-on-our-security-incident"
143,"Fiscal Year 2020 Annual Report","https://s22.q4cdn.com/826641620/files/doc_financials/2020/ar/FiscalYR2020_Twitter_Annual_Report.pdf","2020","2021-11-11","https://web.archive.org/web/20211111204127/https://s22.q4cdn.com/826641620/files/doc_financials/2020/ar/FiscalYR2020_Twitter_Annual_Report.pdf"
144,"Help Center - Safety and Security","https://help.twitter.com/en/safety-and-security","No date.","2021-11-11","https://web.archive.org/web/20211111213102/https://help.twitter.com/en/safety-and-security"
145,"Board of Directors","https://investor.twitterinc.com/corporate-governance/board-of-directors/default.aspx","No date.","2021-11-29","https://web.archive.org/web/20211104195030/https://investor.twitterinc.com/corporate-governance/board-of-directors/default.aspx"
146,"Help with intellectual property issues","https://help.twitter.com/en/forms/ipi","No date.","2022-02-01","https://web.archive.org/web/20220201220153/https://help.twitter.com/en/forms/ipi"
147,"Search result FAQs","https://help.twitter.com/en/using-twitter/top-search-results-faqs","No date.","2022-02-11","https://web.archive.org/web/20220211174437/https://help.twitter.com/en/using-twitter/top-search-results-faqs"
148,"Twitter Trends FAQ","https://help.twitter.com/en/using-twitter/twitter-trending-faqs","No date.","2022-02-11","https://web.archive.org/web/20220121233149/https://help.twitter.com/en/using-twitter/twitter-trending-faqs"
