﻿"SourceNr","DocumentTitle","URL","DocumentDate","DateAccessed","Saved source link"
1,"Rebranding of Mail.ru Group into VK","https://vk.company/en/investors/info/11016/","2021-10-12","2021-10-27","https://web.archive.org/web/20211029113206/https://vk.company/en/investors/info/11016/"
2,"Unifying technologies for the development of society","https://vk.company/ru/company/csr/","No date","2021-10-27","https://web.archive.org/web/20211029113317/https://vk.company/ru/company/csr/"
3,"MailRu Privacy Policy","https://help.mail.ru/legal/terms/common/privacy","2021-06-07","2021-10-27","https://ia601504.us.archive.org/24/items/mail-ru-3-mail-ru-privacy-policy-2021-06-07/MailRu_3_MailRu_Privacy_Policy_2021_06_07.pdf"
4,"MailRu Mail Privacy Policy","https://help.mail.ru/legal/terms/mail/privacy","2021-11-01","2021-11-02","https://ia601501.us.archive.org/18/items/mail-ru-4-mail-ru-mail-privacy-policy-2021-11-01/MailRu_4_MailRu_Mail_Privacy_Policy_2021_11_01.pdf"
5,"VK Privacy Policy","https://vk.com/privacy","No date","2021-10-27","https://ia601401.us.archive.org/12/items/mail-ru-5-vk-privacy-policy-2021-oct/MailRu_5_VK_Privacy_Policy_2021_Oct.pdf"
6,"MailRu Cloud Privacy Policy","https://help.mail.ru/legal/terms/cloud/privacy","2020-06-01","2021-10-27","https://ia801501.us.archive.org/1/items/mail-ru-6-mail-ru-cloud-privacy-policy-2020-06-01/MailRu_6_MailRu_Cloud_Privacy_Policy_2020-06-01.pdf"
7,"Odnoklassniki Privacy Policy","https://ok.ru/privacy","2021-08-20","2021-10-27","https://ia601408.us.archive.org/12/items/mail-ru-7-odnoklassniki-privacy-policy-2021/MailRu_7_Odnoklassniki_Privacy_Policy_2021.pdf"
8,"Odnoklassniki cookie policy","https://ok.ru/cookiepolicy","No date","2021-10-27","https://ia601502.us.archive.org/18/items/mail-ru-8-odnoklassniki-cookie-policy-2021/MailRu_8_Odnoklassniki_Cookie_Policy_2021.pdf"
9,"Odnkolassniki License Agreement","https://ok.ru/regulations","2021-03-02","2021-10-27","https://ia601409.us.archive.org/21/items/mail-ru-9-odnoklassniki-license-agreement-2021-03-02/MailRu_9_Odnoklassniki_License_Agreement_2021_03_02.pdf"
10,"MailRu Services User Agreement (Terms of Service)","https://help.mail.ru/legal/terms/common/ua","2019-11-21","2021-11-2","https://ia601503.us.archive.org/5/items/mail-ru-10-mail-ru-services-user-agreement-to-s-2019-11-21/MailRu_10_MailRu_Services_User%20Agreement_ToS_2019_11_21.pdf"
11,"MailRu Mail User Agreement (Terms of Service)","https://help.mail.ru/legal/terms/mail/ua","2021-11-01","2021-11-2","https://ia601501.us.archive.org/22/items/mail-ru-11-mail-ru-mail-user-agreement-to-s-2021-11-01/MailRu_11_MailRu_Mail_User%20Agreement_ToS_2021_11_01.pdf"
12,"VK Cookies Policy","https://vk.com/privacy/cookies","2018-05-21","2021-11-2","https://ia601402.us.archive.org/7/items/mail-ru-12-vk-cookies-policy-2018-05-21/MailRu_12_VK_Cookies_Policy_2018-05-21.pdf"
13,"VK Ecosystem User Agreement (ToS)","https://id.vk.com/terms","No date","2021-11-2","https://ia601504.us.archive.org/4/items/mail-ru-13-vk-ecosystem-user-agreement-2021-11-01/MailRu_13_VK_Ecosystem_User_Agreement_2021-11-01.pdf"
14,"VK Ecosystem Privacy Policy","https://id.vk.com/privacy","No date","2021-11-2","https://ia601401.us.archive.org/35/items/mail-ru-14-vk-ecosystem-privacy-policy-2021-11-01/MailRu_14_VK_Ecosystem_Privacy_Policy_2021-11-01.pdf"
15,"VK Data Protection Policy","https://m.vk.com/data_protection?section=principles&lang=ru","No date","2021-11-2","https://ia601406.us.archive.org/20/items/mail-ru-15-vk-data-protection-policy-2021-11-02/MailRu_15_VK_Data_Protection_Policy_2021_11_02.pdf"
16,"VK Data Management Policy","https://m.vk.com/data_protection?lang=ru&section=rules","No date","2021-11-2","https://ia601408.us.archive.org/33/items/mail-ru-16-vk-data-management-policy-2021-11-02/MailRu_16_VK_Data_Management_Policy_2021_11_02.pdf"
17,"Data Protection - Request Handling Process","https://m.vk.com/data_protection?lang=ru&section=requests","No date","2021-11-2","https://ia601407.us.archive.org/16/items/mail-ru-17-vk-government-data-requests-policy-2021-11-02/MailRu_17_VK_Government_Data_Requests_Policy_2021_11_02.pdf"
18,"MailRu Partners and Affiliates","https://help.mail.ru/legal/terms/partnersandaffiliates/ru","No date","2021-11-2","https://ia601501.us.archive.org/30/items/mail-ru-18-partners-and-affiliates-2021-11-2/MailRu_18_Partners_and_Affiliates_2021-11-2.pdf"
19,"VK Safety Guidelines (Platform Standards)","https://vk.com/safety?section=standards","No date","2021-11-2","https://ia601503.us.archive.org/19/items/mail-ru-19-vk-safety-standards-2021-11-2/MailRu_19_VK_Safety_Standards_2021-11-2.pdf"
20,"VK Terms of Service","https://vk.com/terms","No date","2021-11-2","https://ia601507.us.archive.org/30/items/mail-ru-20-vk-terms-of-service-2021-11-2/MailRu_20_VK_Terms_of_Service_2021-11-2.pdf"
21,"VK Licence Agreement","https://vk.com/licence","2017-07-05","2021-11-2","https://ia601504.us.archive.org/9/items/mail-ru-21-vk-license-agreement-2021-11-2/MailRu_21_VK_License_Agreement_2021-11-2.pdf"
22,"MailRu Cloud License Agreement","https://help.mail.ru/legal/terms/cloud/LA","2021-09-27","2021-11-2","https://ia601504.us.archive.org/28/items/mail-ru-22-mail-ru-cloud-license-agreement-2021-11-2/MailRu_22_MailRu_Cloud_License_Agreement_2021-11-2.pdf"
23,"VK Safety Guidelines (Social Accountability)","https://vk.com/safety","No date","2021-11-2","https://ia601402.us.archive.org/1/items/mail-ru-23-vk-security-center-social-responsibility-2021-11-2/MailRu_23_VK_Security_Center_Social_Responsibility_2021-11-2.pdf"
24,"VK Advertising Placement Rules","https://vk.com/ads?act=office_help&terms","2018-09-24","2021-11-2","https://ia601502.us.archive.org/23/items/mail-ru-24-vk-advertising-placement-rules-2021-11-2/MailRu_24_VK_Advertising_Placement_Rules_2021-11-2.pdf"
25,"Rules for considering complaints related to content posted by users
content on the VKontakte website","https://vk.com/help?act=cc_terms","No date","2021-11-2","https://ia601408.us.archive.org/17/items/mail-ru-25-vk-complaints-rules-2021-11-2/MailRu_25_VK_Complaints_Rules_2021-11-2.pdf"
26,"MailRu two-factor authentication","https://help.mail.ru/mail/security/protection/2auth","No date","2021-11-2","https://ia601405.us.archive.org/13/items/mail-ru-26-mailru-2-fa-2021-11-2/MailRu_26_Mailru_2FA_2021-11-2.pdf"
27,"VK Help Security and account access - Why Is My Account Blocked","https://vk.com/support?act=faqs&c=11","No date","2021-11-2","https://ia601406.us.archive.org/16/items/mail-ru-27-vk-help-profile-access-why-is-my-account-blocked-2021-11-2/MailRu_27_VK_Help_Profile_Access_Why_Is_My_Account_Blocked_2021-11-2.pdf"
28,"Odnoklassniki - How to restore an account page blocked for rules violations in Odnoklassniki?","https://ok.ru/help/2/16/448","2021-10-26","2021-11-2","https://ia601501.us.archive.org/35/items/mail-ru-28-odnoklassniki-helpf-aq-how-to-restore-blocked-account-2021-11-2/MailRu_28_Odnoklassniki_HelpfAQ_How_to_restore_blocked_account_2021-11-2.pdf"
29,"MailRu Code of Business Ethics","https://corp.imgsmail.ru/media/files/kodeks-delovoj-etiki-mail.ru-group-limited.pdf","2016-02-25","2021-11-2","https://ia601402.us.archive.org/9/items/mail-ru-29-mail-ru-code-of-business-ethics-2021-11-2/MailRu_29_MailRu_Code_of_Business_Ethics_2021-11-2.pdf"
30,"MailRu RAEC charter","http://raec.ru/upload/iblock/7b3/ystav-raec-11-may-2016.pdf","2016-11-05","2021-11-2","https://ia601409.us.archive.org/25/items/mail-ru-30-mail-ru-raec-charter-2021-11-2/MailRu_30_MailRu_RAEC_Charter_2021-11-2.pdf"
31,"Odnoklassniki - What does it mean ""My account is blocked""?","https://ok.ru/help/2/16/3897","2021-09-09","2021-11-2","https://ia601501.us.archive.org/3/items/mail-ru-31-odnoklassniki-help-faq-what-does-blocked-account-mean-2021-11-2/MailRu_31_Odnoklassniki_HelpFAQ_What_does_blocked_account_mean_2021-11-2.pdf"
32,"VK Bug Bounty Program","https://hackerone.com/vkcom","2020-07-02","2021-11-2","https://ia601402.us.archive.org/12/items/mail-ru-32-vk-bug-bounty-program-2021-11-2/MailRu_32_VK_Bug_Bounty_Program_2021-11-2.pdf"
33,"MailRu Bounty Program","https://hackerone.com/mailru","2020-06-03","2021-11-2","https://ia601408.us.archive.org/3/items/mail-ru-33-mailru-bug-bounty-program-2021-11-2/MailRu_33_Mailru_Bug_Bounty_Program_2021-11-2.pdf"
34,"Odnkolassniki Bounty Program","https://hackerone.com/ok","2017-03-14","2021-11-2","https://ia601502.us.archive.org/25/items/mail-ru-34-odnoklassniki-bug-bounty-program-2021-11-2/MailRu_34_Odnoklassniki_Bug_Bounty_Program_2021-11-2.pdf"
35,"Opting Out of Data Processing for Targeted Advertising","https://target.my.com/optout/","No date","2021-11-2","https://ia601401.us.archive.org/7/items/mail-ru-35-opting-out-of-targeted-advertizing-2021-11-2/MailRu_35_Opting_Out_Of_Targeted_Advertizing_2021-11-2.pdf"
36,"2020 ESG Report","https://corp.mrgcdn.ru/media/files/esg-2020.pdf","No date","2021-11-29","https://ia601402.us.archive.org/24/items/mail-ru-36-esg-report-2020/MailRu_36_esg-report_2020.pdf"
37,"VK Launches Data Download","https://vk.com/press/press-download-your-Information","2018-11-19","2021-11-2","https://ia601407.us.archive.org/14/items/mail-ru-37-vk-launches-data-download-2021-11-2/MailRu_37_VK_Launches_Data_Download_2021-11-2.pdf"
38,"MailRu Advertising Legal Requirements","https://sales.mail.ru/ru/russia/tvsync/latest/legal/","2020-01-01","2021-11-2","https://web.archive.org/web/20211011054554/https://sales.mail.ru/ru/russia/tvsync/latest/legal/"
39,"MyTarget Advertising Moderation and Display Rules","https://target.my.com/help/advertisers/moderation/ru","No date","2021-11-2","https://web.archive.org/web/20210412125531/https://target.my.com/help/advertisers/moderation/ru"
40,"MyTarget Audience Segments","https://target.my.com/help/advertisers/segments/ru","No date","2021-11-2","https://web.archive.org/web/20200926145102/https://target.my.com/help/advertisers/segments/ru"
41,"MyTarget Glossary","https://target.my.com/help/advertisers/glossary/ru","No date","2021-11-2","https://ia601506.us.archive.org/15/items/mail-ru-41-my-target-glossary-2021-11-2/MailRu_41_MyTarget_Glossary_2021-11-2.pdf"
42,"VK Target Audiences: Selection and Settings","https://vk.com/biz/article/vybor-celevoi-auditorii","No date","2021-11-2","https://web.archive.org/web/20200922160529/https://vk.com/biz/article/vybor-celevoi-auditorii"
43,"VK LookAlike Audiences","https://vk.com/biz/article/pohozhie-auditorii","No date","2021-11-2","https://web.archive.org/web/20200212022724/https://vk.com/biz/article/pohozhie-auditorii"
44,"MyTarget LookAlike","https://target.my.com/help/advertisers/lookalike/ru","No date","2021-11-2","https://ia601508.us.archive.org/15/items/mail-ru-44-my-target-lookalike-audiences-2021-11-2/MailRu_44_MyTarget_Lookalike_Audiences_2021-11-2.pdf"
45,"VK Bot Rules","https://vk.com/dev/bot_rules","No date","2021-11-2","https://ia601407.us.archive.org/3/items/mail-ru-45-vk-bot-rules-2021-11-2/MailRu_45_VK_Bot_Rules_2021-11-2.pdf"
46,"VK Two-factor authentication (2FA)","https://vk.com/@security-dvuhfaktornaya-autentifikaciya-2fa","2019-03-25","2021-11-2","https://ia601406.us.archive.org/23/items/mail-ru-46-vk-2-fa-2021-11-2/MailRu_46_VK_2FA_2021-11-2.pdf"
47,"MailRu Connected Devices Check","https://help.mail.ru/id/protection/devices","No date","2021-11-2","https://ia601404.us.archive.org/29/items/mail-ru-47-mailru-connected-devices-check-2021-11-2/MailRu_47_Mailru_Connected_Devices_Check_2021-11-2.pdf"
48,"MailRu Signs of Unauthorised Access","https://help.mail.ru/id/hacked/signs","No date","2021-11-2","https://ia601408.us.archive.org/6/items/mail-ru-48-mailru-signs-of-unauthorised-access-2021-11-2/MailRu_48_Mailru_Signs_of_Unauthorised_Access_2021-11-2.pdf"
49,"Odnkolassniki - Account login and activity history","https://ok.ru/help/4/3700","2021-07-01","2021-11-2","https://ia601409.us.archive.org/20/items/mail-ru-49-odnoklassniki-account-login-activity-history-2021-11-2/MailRu_49_Odnoklassniki_Account_Login_Activity_History_2021-11-2.pdf"
50,"VK Security Blog","https://vk.com/security","No date","2021-11-2","https://ia601507.us.archive.org/23/items/mail-ru-50-vk-security-blog-2021-11-2/MailRu_50_VK_Security_Blog_2021-11-2.pdf"
51,"MailRu Security Technologies","https://help.mail.ru/mail/security/protection/mailru","No date","2021-11-2","https://ia601409.us.archive.org/18/items/mail-ru-51-mail-ru-security-technologies-2021-11-2/MailRu_51_MailRu_Security_Technologies_2021-11-2.pdf"
52,"MailRu Safe Mail","https://security.mail.ru/","No date","2021-11-2","https://ia601404.us.archive.org/9/items/mail-ru-52-mail-ru-safe-mail-2021-11-2/MailRu_52_MailRu_Safe_Mail_2021-11-2.pdf"
53,"Odnoklassniki Help - Security","https://ok.ru/help/4","No date","2021-11-2","https://ia601402.us.archive.org/33/items/mail-ru-53-odnoklassniki-help-security-2021-11-2/MailRu_53_Odnoklassniki_Help_Security_2021-11-2.pdf"
