﻿"SourceNr","DocumentTitle","URL","DocumentDate","DateAccessed","Saved source link"
1,"Microsoft Global Human Rights Statement","https://www.microsoft.com/en-us/corporate-responsibility/human-rights-statement","No date.","2021-10-22","https://web.archive.org/web/20211022171839/https://www.microsoft.com/en-us/corporate-responsibility/human-rights-statement?activetab=pivot_1%3Aprimaryr5"
2,"Annual Human Rights Report FY20","https://www.microsoft.com/en-us/corporate-responsibility/human-rights","2020","2021-10-22","https://web.archive.org/web/20211022172039/https://www.microsoft.com/en-us/corporate-responsibility/human-rights"
3,"AI Principles","https://www.microsoft.com/en-us/ai/responsible-ai?activetab=pivot1:primaryr6","No date.","2021-10-22","https://web.archive.org/web/20211022174257/https://www.microsoft.com/en-us/ai/responsible-ai?activetab=pivot1:primaryr6"
4,"Microsoft Privacy Statement","https://privacy.microsoft.com/en-ca/privacystatement","2021-10-01","2021-10-22","https://web.archive.org/web/20211021034217/https://privacy.microsoft.com/en-ca/privacystatement"
5,"Microsoft Privacy Report","https://privacy.microsoft.com/en-us/privacy-report","2021-10-01","2021-10-22","https://web.archive.org/web/20211021195329/https://privacy.microsoft.com/en-US/privacy-report"
6,"LinkedIn Privacy Policy","https://www.linkedin.com/legal/privacy-policy","2020-08-11","2021-10-22","https://web.archive.org/web/20211022214957/https://www.linkedin.com/legal/privacy-policy"
7,"Change History for Microsoft Privacy Statement","https://privacy.microsoft.com/en-US/updates","2021-10","2021-11-02","https://web.archive.org/web/20211102195511/https://privacy.microsoft.com/en-US/updates"
8,"California Privacy Disclosure","https://www.linkedin.com/legal/california-privacy-disclosure","2021-07-01","2021-11-02","https://web.archive.org/web/20211005222734/https://www.linkedin.com/legal/california-privacy-disclosure"
9,"How to close your Microsoft account","https://support.microsoft.com/en-us/account-billing/how-to-close-your-microsoft-account-c1b2d13f-4de6-6e1b-4a31-d9d668849979","No date.","2021-11-03","https://web.archive.org/web/20211023143152/https://support.microsoft.com/en-us/account-billing/how-to-close-your-microsoft-account-c1b2d13f-4de6-6e1b-4a31-d9d668849979"
10,"How long are files and data available in Skype?","https://support.skype.com/en/faq/FA34893/how-long-are-files-and-data-available-in-skype","No date.","2021-11-03","https://web.archive.org/web/20211103225136/https://support.skype.com/en/faq/FA34893/how-long-are-files-and-data-available-in-skype"
11,"Microsoft Services Agreement","https://www.microsoft.com/en-us/servicesagreement/","2021-04-01","2021-11-03","https://web.archive.org/web/20211103230024/https://www.microsoft.com/en-us/servicesagreement/"
12,"LinkedIn User Agreement","https://www.linkedin.com/legal/user-agreement","2020-08-11","2021-11-03","https://web.archive.org/web/20211103231335/https://www.linkedin.com/legal/user-agreement"
13,"LinkedIn: Verify Identity to Recover Account Access","https://www.linkedin.com/help/linkedin/answer/127580/verify-identity-to-recover-account-access?lang=en","No date.","2021-11-03","https://web.archive.org/web/20211103233114/https://www.linkedin.com/help/linkedin/answer/127580/verify-identity-to-recover-account-access?lang=en"
14,"Delete Your Data on LinkedIn","https://www.linkedin.com/help/linkedin/answer/93500","2021-10","2021-11-04","https://web.archive.org/web/20211104201611/https://www.linkedin.com/help/linkedin/answer/93500"
15,"LinkedIn Data Deletion Form","https://www.linkedin.com/help/linkedin/ask/TS-DDF","No date.","2021-11-04","https://web.archive.org/web/20211104202440/https://www.linkedin.com/help/linkedin/ask/TS-DDF"
16,"LinkedIn Privacy FAQs","https://privacy.linkedin.com/faq","No date.","2021-11-04","https://web.archive.org/web/20211104203736/https://privacy.linkedin.com/faq"
17,"LinkedIn Manage Advertising Preferences","https://www.linkedin.com/help/linkedin/answer/62931","No date.","2021-11-04","https://web.archive.org/web/20211104204651/https://www.linkedin.com/help/linkedin/answer/62931"
18,"Inferred Age or Gender on LinkedIn","https://www.linkedin.com/help/linkedin/answer/3566","2020-07-20","2021-11-04","https://web.archive.org/web/20211104210801/https://www.linkedin.com/help/linkedin/answer/3566"
19,"LinkedIn: Inferences we make about you","https://www.linkedin.com/help/linkedin/answer/116090/inferences-we-make-about-you?lang=en#:~:text=We%20draw%20inferences%20about%20you,to%20draw%20inferences%20about%20you.","2020-07-28","2021-11-04","https://web.archive.org/web/20211104210752/https://www.linkedin.com/help/linkedin/answer/116090/inferences-we-make-about-you?lang=en"
20,"Microsoft: Accesing your data","https://support.microsoft.com/en-us/windows/accessing-your-data-17e3d0dc-1351-3b03-9127-cc126a4e9568","No date.","2021-11-04","https://web.archive.org/web/20211104224610/https://support.microsoft.com/en-us/windows/accessing-your-data-17e3d0dc-1351-3b03-9127-cc126a4e9568"
21,"Microsoft Ad Settings","https://account.microsoft.com/privacy/ad-settings/signedout","No date.","2021-11-04","https://web.archive.org/web/20211102130100/https://account.microsoft.com/Privacy/Ad-Settings/Signedout"
22,"Microsoft Privacy Dashboard","https://account.microsoft.com/account/privacy","No date.","2021-11-04","https://web.archive.org/web/20211009181700/https://account.microsoft.com/account/privacy"
23,"Import and export Outlook email, contacts, and calendar","https://support.microsoft.com/en-us/office/import-and-export-outlook-email-contacts-and-calendar-92577192-3881-4502-b79d-c3bbada6c8ef?ui=en-us&rs=en-us&ad=us","No date.","2021-11-04","https://web.archive.org/web/20211104233515/https://support.microsoft.com/en-us/office/import-and-export-outlook-email-contacts-and-calendar-92577192-3881-4502-b79d-c3bbada6c8ef?ui=en-us&rs=en-us&ad=us"
24,"How do I export or delete my Skype data?","https://support.skype.com/en/faq/FA34894/how-do-i-export-or-delete-my-skype-data","No date.","2021-11-04","https://web.archive.org/web/20210827055506/https://support.skype.com/en/faq/FA34894/how-do-i-export-or-delete-my-skype-data"
25,"How long are files and data available in Skype?","https://support.skype.com/en/faq/FA34893/how-long-are-files-and-data-available-in-skype","No date.","2021-11-04","https://web.archive.org/web/20211103225136/https://support.skype.com/en/faq/FA34893/how-long-are-files-and-data-available-in-skype"
26,"LinkedIn: Downloading Your Account Data","https://www.linkedin.com/help/linkedin/answer/50191","No date.","2021-11-04","https://web.archive.org/web/20211105002840/https://www.linkedin.com/help/linkedin/answer/50191"
27,"LinkedIn: California Online Privacy Protection Act Notice","https://www.linkedin.com/help/linkedin/answer/68763","2020-10-01","2021-11-05","https://web.archive.org/web/20211105191846/https://www.linkedin.com/help/linkedin/answer/68763"
28,"GNI Report 2018/2019","https://globalnetworkinitiative.org/wp-content/uploads/2020/04/2018-2019-PAR.pdf","2018-2019","2021-11-05","https://web.archive.org/web/20211030211620/https://globalnetworkinitiative.org/wp-content/uploads/2020/04/2018-2019-PAR.pdf"
29,"How to Report a Compliance Concern","https://www.microsoft.com/en-us/legal/compliance/sbc/report-a-concern","No date.","2021-11-05","https://web.archive.org/web/20211105231332/https://www.microsoft.com/en-us/legal/compliance/sbc/report-a-concern"
30,"Microsoft Request to Reinstate Content","https://www.microsoft.com/en-us/concern/reinstatecontent","No date.","2021-11-05","https://web.archive.org/web/20200923003834/https://www.microsoft.com/en-us/concern/reinstatecontent"
31,"Launching the European Cyber Agora","https://blogs.microsoft.com/eupolicy/2021/03/25/launching-the-european-cyber-agora/","2021-03-25","2021-11-08","https://web.archive.org/web/20210516174227/https://blogs.microsoft.com/eupolicy/2021/03/25/launching-the-european-cyber-agora/"
32,"European Cyber Agora","https://www.microsoft.com/en-eu/cyber-agora/","No date.","2021-11-08","https://web.archive.org/web/20211108175608/https://www.microsoft.com/en-eu/cyber-agora/"
33,"Microsoft appoints senior government affairs leaders in Brussels and New York, establishes New York office to work with the United Nations","https://blogs.microsoft.com/eupolicy/2020/01/17/senior-gov-affairs-leaders-appointed-brussels-new-york/","2020-01-17","2021-11-08","https://web.archive.org/web/20211108180054/https://blogs.microsoft.com/eupolicy/2020/01/17/senior-gov-affairs-leaders-appointed-brussels-new-york/"
34,"Our interconnected world requires collective action","https://blogs.microsoft.com/on-the-issues/2020/09/17/microsoft-un-affairs-team-unga/","2020-09-17","2021-11-08","https://web.archive.org/web/20211108181226/https://blogs.microsoft.com/on-the-issues/2020/09/17/microsoft-un-affairs-team-unga/"
35,"Public policy engagement","https://www.microsoft.com/en-us/corporate-responsibility/public-policy-engagement","No date.","2021-11-08","https://web.archive.org/web/20211108182118/https://www.microsoft.com/en-us/corporate-responsibility/public-policy-engagement"
36,"Public Policy Agenda","https://aka.ms/PolicyAgenda","2021","2021-11-08","https://ia601503.us.archive.org/27/items/microsoft-public-policy-agenda/Microsoft%20Public%20Policy%20Agenda.pdf"
37,"Salient Human Rights Issues Report FY17","https://www.microsoft.com/en-us/CMSFiles/Microsoft_Salient_Human_Rights_Report-FY17.pdf?version=4083769e-a305-8a0f-a884-a621f28bfd12&CollectionId=df8dab12-dbf6-441f-a2db-5996225f2c6a","No date.","2021-11-08","https://ia601407.us.archive.org/18/items/microsoft-salient-human-rights-report-fy-17/Microsoft_Salient_Human_Rights_Report-FY17.pdf"
38,"Privacy Form","https://www.microsoft.com/en-us/concern/privacy","No date.","2021-11-08","https://web.archive.org/web/20211108220755/https://www.microsoft.com/en-us/concern/privacy"
39,"LinkedIn Professional community policies","https://www.linkedin.com/legal/professional-community-policies","No date.","2021-11-09","https://web.archive.org/web/20211109193138/https://www.linkedin.com/legal/professional-community-policies"
40,"LinkedIn: Account / Content Restricted or Removed","https://www.linkedin.com/help/linkedin/answer/82934","No date.","2021-11-09","https://web.archive.org/web/20211102183351/https://www.linkedin.com/help/linkedin/answer/82934"
41,"Cyber Defense Operations Center Strategy Brief","https://www.microsoft.com/en-us/security/business/operations","No date.","2021-11-09","https://web.archive.org/web/20220316191954/https://www.microsoft.com/en-us/security/business"
42,"Microsoft Bounty Programs","https://www.microsoft.com/en-us/msrc/bounty","No date.","2021-11-10","https://web.archive.org/web/20211110153706/https://www.microsoft.com/en-us/msrc/bounty"
43,"Microsoft Bounty Legal Safe Harbor","https://www.microsoft.com/en-us/msrc/bounty-safe-harbor","No date.","2021-11-10","https://web.archive.org/web/20211110153731/https://www.microsoft.com/en-us/msrc/bounty-safe-harbor"
44,"Microsoft Bounty Terms and Conditions","https://www.microsoft.com/en-us/msrc/bounty-terms?rtc=1","2020-01-22","2021-11-10","https://web.archive.org/web/20211110153757/https://www.microsoft.com/en-us/msrc/bounty-terms?rtc=1"
45,"LinkedIn Vulnerability Disclosure","https://security.linkedin.com/vulnerabilty-disclosure","No date.","2021-11-10","https://web.archive.org/web/20211110160520/https://security.linkedin.com/vulnerabilty-disclosure"
46,"LinkedIn Security Vulnerabilties","https://www.linkedin.com/help/linkedin/answer/62924","2016-12-19","2021-11-10","https://web.archive.org/web/20211018091138/https://www.linkedin.com/help/linkedin/answer/62924"
47,"LinkedIn's HackerOne Vulnerability Disclosure Policy","https://hackerone.com/linkedin?type=team","No date.","2021-11-10","https://web.archive.org/web/20220316185300/https://hackerone.com/linkedin?type=team"
48,"Breach Notification Under the GDPR","https://docs.microsoft.com/en-us/compliance/regulatory/gdpr-breach-Office365?toc=%2Fmicrosoft-365%2Fenterprise%2Ftoc.json&view=o365-worldwide","2021-08-23","2021-11-10","https://web.archive.org/web/20211110173307/https://docs.microsoft.com/en-us/compliance/regulatory/gdpr-breach-Office365?toc=%2Fmicrosoft-365%2Fenterprise%2Ftoc.json&view=o365-worldwide"
49,"LinkedIn Data Processing Agreement","https://www.linkedin.com/legal/l/dpa","2021-09-27","2021-11-10","https://web.archive.org/web/20211028073955/https://www.linkedin.com/legal/l/dpa"
50,"Security and Privacy for Microsoft Search in Bing","https://docs.microsoft.com/en-us/microsoftsearch/security-for-search","2020-03-02","2021-11-10","https://web.archive.org/web/20200814123256/https://docs.microsoft.com/en-us/microsoftsearch/security-for-search"
51,"Learn about encrypted messages in Outlook.com","https://support.microsoft.com/en-us/office/learn-about-encrypted-messages-in-outlook-com-3521aa01-77e3-4cfd-8a13-299eb60b1957","No date.","2021-11-10","https://web.archive.org/web/20211110184211/https://support.microsoft.com/en-us/office/learn-about-encrypted-messages-in-outlook-com-3521aa01-77e3-4cfd-8a13-299eb60b1957"
52,"Does Skype use encryption","https://support.skype.com/en/faq/FA31/does-skype-use-encryption?","No date.","2021-11-10","https://web.archive.org/web/20211110190452/https://support.skype.com/en/faq/FA31/does-skype-use-encryption"
53,"How OneDrive safeguards your data in the cloud","https://support.microsoft.com/en-us/office/how-onedrive-safeguards-your-data-in-the-cloud-23c6ea94-3608-48d7-8bf0-80e142edd1e1","No date.","2021-11-10","https://web.archive.org/web/20211110190609/https://support.microsoft.com/en-us/office/how-onedrive-safeguards-your-data-in-the-cloud-23c6ea94-3608-48d7-8bf0-80e142edd1e1"
54,"Advancing our encryption and transparency efforts","https://blogs.microsoft.com/on-the-issues/2014/07/01/advancing-our-encryption-and-transparency-efforts/#sm.0001lfyyffs41fehz6o24i5ck4jg3","2014-07-01","2021-11-10","https://web.archive.org/web/20211110184213/https://blogs.microsoft.com/on-the-issues/2014/07/01/advancing-our-encryption-and-transparency-efforts/"
55,"Encrypt email messages","https://support.microsoft.com/en-us/office/encrypt-email-messages-373339cb-bf1a-4509-b296-802a39d801dc","No date.","2021-11-10","https://web.archive.org/web/20211110184425/https://support.microsoft.com/en-us/office/encrypt-email-messages-373339cb-bf1a-4509-b296-802a39d801dc"
56,"Skype Private Conversation","https://az705183.vo.msecnd.net/onlinesupportmedia/onlinesupport/media/skype/documents/skype-private-conversation-white-paper.pdf","2018-06-20","2021-11-10","https://web.archive.org/web/20201112015447/https://az705183.vo.msecnd.net/onlinesupportmedia/onlinesupport/media/skype/documents/skype-private-conversation-white-paper.pdf"
57,"LinkedIn Our Security Practices","https://security.linkedin.com/content/security/global/en_us/index/our-security-practices#data-encryption","No date.","2021-11-10","https://web.archive.org/web/20211110191942/https://security.linkedin.com/content/security/global/en_us/index/our-security-practices"
58,"LinkedIn Default HTTPS Update","https://engineering.linkedin.com/https/default-https-update","2014-06-11","2021-11-10","https://web.archive.org/web/20211110192402/https://engineering.linkedin.com/https/default-https-update"
59,"How to use two-step verification with your Microsoft account","https://support.microsoft.com/en-us/help/12408/microsoft-account-how-to-use-two-step-verification","No date.","2021-11-10","https://web.archive.org/web/20211110194124/https://support.microsoft.com/en-us/account-billing/how-to-use-two-step-verification-with-your-microsoft-account-c7910146-672f-01e9-50a0-93b4585e7eb4"
60,"Recent activity page","https://support.microsoft.com/en-ca/help/13782/microsoft-account-what-is-the-recent-activity-page","No date.","2021-11-10","https://web.archive.org/web/20211110194051/https://support.microsoft.com/en-us/account-billing/what-is-the-recent-activity-page-23cf5556-4dbe-70da-82c8-bb3a8d8f8016"
61,"LinkedIn Two-Step Verification - Overview","https://www.linkedin.com/help/linkedin/answer/531/two-step-verification-overview?lang=en","No date.","2021-11-10","https://web.archive.org/web/20211006140109/https://www.linkedin.com/help/linkedin/answer/531/two-step-verification-overview?lang=en"
62,"LinkedIn Turn Two-Step Verification On and Off","https://www.linkedin.com/help/linkedin/answer/544/turn-two-step-verification-on-and-off?lang=en","No date.","2021-11-10","https://web.archive.org/web/20210828131410/https://www.linkedin.com/help/linkedin/answer/544/turn-two-step-verification-on-and-off?lang=en"
63,"LinkedIn See Where You're Signed In","https://www.linkedin.com/help/linkedin/answer/50190/see-where-you-re-signed-in?lang=en","2020-09-01","2021-11-10","https://web.archive.org/web/20211110195621/https://www.linkedin.com/help/linkedin/answer/50190/see-where-you-re-signed-in?lang=en"
64,"Getting Notification Emails for Two-Step Verification","https://www.linkedin.com/help/linkedin/answer/554","2018-07-16","2021-11-10","https://web.archive.org/web/20211110200533/https://www.linkedin.com/help/linkedin/answer/554"
65,"How to help keep your Microsoft account safe and secure","https://support.microsoft.com/en-ca/help/12410/microsoft-account-how-to-help-keep-your-account-safe-and-secure","No date.","2021-11-10","https://web.archive.org/web/20211110215000/https://support.microsoft.com/en-us/account-billing/how-to-help-keep-your-microsoft-account-safe-and-secure-628538c2-7006-33bb-5ef4-c917657362b9"
66,"LinkedIn Safety Center","https://safety.linkedin.com/","No date.","2021-11-10","https://web.archive.org/web/20211110215440/https://safety.linkedin.com/"
67,"Bing Help Page","https://help.bing.microsoft.com/#apex/18/en-us/10016/0","No date.","2020-06-08","https://web.archive.org/web/20220316183505/https://help.bing.microsoft.com/"
68,"A Look Behind the AI that Powers LinkedIn’s Feed","https://engineering.linkedin.com/blog/2018/03/a-look-behind-the-ai-that-powers-linkedins-feed--sifting-through","2018-03-29","2021-11-11","https://web.archive.org/web/20211111172358/https://engineering.linkedin.com/blog/2018/03/a-look-behind-the-ai-that-powers-linkedins-feed--sifting-through"
69,"Automated Fake Account Detection at LinkedIn","https://engineering.linkedin.com/blog/2018/09/automated-fake-account-detection-at-linkedin","2018-09-12","2021-11-11","https://web.archive.org/web/20201128055813/https://engineering.linkedin.com/blog/2018/09/automated-fake-account-detection-at-linkedin"
70,"Fairness, Privacy, and Transparency by Design in AI/ML Systems","https://engineering.linkedin.com/blog/2019/fairness-privacy-transparency-by-design","2019-07-26","2021-11-11","https://web.archive.org/web/20211111173321/https://engineering.linkedin.com/blog/2019/fairness-privacy-transparency-by-design"
71,"An update on Responsible AI at LinkedIn","https://engineering.linkedin.com/blog/2021/responsible-ai-update","2021-05-24","2021-11-11","https://web.archive.org/web/20211111173434/https://engineering.linkedin.com/blog/2021/responsible-ai-update"
72,"How Bing Delivers Search Results","https://help.bing.microsoft.com/#apex/18/en-us/10016/0","No date.","2021-11-11","https://web.archive.org/web/20220316183505/https://help.bing.microsoft.com/"
73,"Bing Webmaster Guidelines","https://www.bing.com/webmasters/help/webmasters-guidelines-30fba23a","No date.","2021-11-11","https://web.archive.org/web/20211019071107/https://www.bing.com/webmasters/help/webmasters-guidelines-30fba23a"
74,"Recommended Content in Your Feed","https://www.linkedin.com/help/linkedin/answer/70756","2019-04-19","2021-11-11","https://web.archive.org/web/20211111173741/https://www.linkedin.com/help/linkedin/answer/70756"
75,"Making Your Feed More Relevant – Part I","https://engineering.linkedin.com/blog/2015/11/making-your-feed-more-relevant--part-i","2015-11-17","2021-11-11","https://web.archive.org/web/20210308160110/https://engineering.linkedin.com/blog/2015/11/making-your-feed-more-relevant--part-i"
76,"Making Your Feed More Relevant – Part 2: Relevance models and features","https://engineering.linkedin.com/blog/2016/03/making-your-feed-more-relevant--part-2--relevance-models-and-fea","2016-03-15","2021-11-11","https://web.archive.org/web/20210308201554/https://engineering.linkedin.com/blog/2016/03/making-your-feed-more-relevant--part-2--relevance-models-and-fea"
77,"Strategies for Keeping the LinkedIn Feed Relevant","https://engineering.linkedin.com/blog/2017/03/strategies-for-keeping-the-linkedin-feed-relevant","2017-03-23","2021-11-11","https://web.archive.org/web/20210125200542/https://engineering.linkedin.com/blog/2017/03/strategies-for-keeping-the-linkedin-feed-relevant"
78,"Optimizing People You May Know (PYMK) for equity in network creation","https://engineering.linkedin.com/blog/2021/optimizing-pymk-for-equity-in-network-creation","2021-08-05","2021-11-11","https://web.archive.org/web/20210812094610/https://engineering.linkedin.com/blog/2021/optimizing-pymk-for-equity-in-network-creation"
79,"Manage Your LinkedIn Feed Preferences","https://www.linkedin.com/help/linkedin/answer/72151/manage-your-linkedin-feed-preferences?lang=en","No date.","2021-11-11","https://web.archive.org/web/20211111233248/https://www.linkedin.com/help/linkedin/answer/72151/manage-your-linkedin-feed-preferences?lang=en"
80,"Best Practices to Customize What you see on Your LinkedIn Feed","https://www.linkedin.com/help/linkedin/answer/62570/best-practices-to-customize-what-you-see-on-your-linkedin-feed?lang=en","No date.","2021-11-11","https://web.archive.org/web/20211111233421/https://www.linkedin.com/help/linkedin/answer/62570/best-practices-to-customize-what-you-see-on-your-linkedin-feed?lang=en"
81,"Sort Feed by Top Updates and Recent Updates","https://www.linkedin.com/help/linkedin/answer/68523/sort-feed-by-top-updates-and-recent-updates?lang=en","2020-10-23","2021-11-11","https://web.archive.org/web/20211111233446/https://www.linkedin.com/help/linkedin/answer/68523/sort-feed-by-top-updates-and-recent-updates?lang=en"
82,"The building blocks of Microsoft’s responsible AI program","https://blogs.microsoft.com/on-the-issues/2021/01/19/microsoft-responsible-ai-program/","2021-01-19","2021-11-11","https://web.archive.org/web/20211112001420/https://blogs.microsoft.com/on-the-issues/2021/01/19/microsoft-responsible-ai-program/"
83,"Content Removal Requests Report","https://www.microsoft.com/en-us/corporate-responsibility/content-removal-requests-report","No date.","2021-11-12","https://web.archive.org/web/20211112172926/https://www.microsoft.com/en-us/corporate-responsibility/content-removal-requests-report"
84,"LinkedIn Government Requests for Data","https://www.linkedin.com/help/linkedin/answer/112222/government-requests-for-data?lang=en","2019-11-14","2021-11-12","https://web.archive.org/web/20211112173958/https://www.linkedin.com/help/linkedin/answer/112222/government-requests-for-data"
85,"Revenge Porn Putting Victims Back in Control","https://news.microsoft.com/en-gb/2015/07/22/revenge-porn-putting-victims-back-in-control/","2015-07-22","2021-11-12","https://web.archive.org/web/20211112181418/https://news.microsoft.com/en-gb/2015/07/22/revenge-porn-putting-victims-back-in-control/"
86,"Submitting Privacy-related Requests to Block Results in the EU","https://help.bing.microsoft.com/#apex/18/en-GB/10013/-1/en-GB","No date.","2021-11-12","https://web.archive.org/web/20220316183505/https://help.bing.microsoft.com/"
87,"Request Form to Block Search Results in Europe","https://www.bing.com/webmaster/tools/eu-privacy-request","No date.","2021-11-12","https://web.archive.org/web/20211110091436/https://www.bing.com/webmaster/tools/eu-privacy-request"
88,"LinkedIn Copyright Policy","https://www.linkedin.com/legal/copyright-policy","2014-03-26","2021-11-12","https://web.archive.org/web/20211112192246/https://www.linkedin.com/legal/copyright-policy"
89,"Report Inaccurate Information on Another Member's Profile","https://www.linkedin.com/help/linkedin/answer/30200?trk=d_microsites-frontend_legal_copyright-policy&lang=en","No date.","2021-11-12","https://web.archive.org/web/20211112192258/https://www.linkedin.com/help/linkedin/answer/30200?trk=d_microsites-frontend_legal_copyright-policy&lang=en"
90,"Content Removal Request Report Data","https://www.microsoft.com/en-us/corporate-responsibility/content-removal-requests-report","No date.","2021-11-12","https://web.archive.org/web/20220316190115/https://www.microsoft.com/en-us/corporate-responsibility/content-removal-requests-report"
91,"LinkedIn Government Requests Report","https://about.linkedin.com/transparency/government-requests-report","No date.","2021-11-12","https://web.archive.org/web/20211022082626/https://about.linkedin.com/transparency/government-requests-report"
92,"Digital Safety Content Report","https://www.microsoft.com/en-us/corporate-responsibility/digital-safety-content-report?activetab=pivot_1%3aprimaryr3","No date.","2021-11-12","https://web.archive.org/web/20211105184506/https://www.microsoft.com/en-us/corporate-responsibility/digital-safety-content-report?activetab=pivot_1%3Aprimaryr3"
93,"Digital Safety Content Report Data","https://www.microsoft.com/en-us/corporate-responsibility/digital-safety-content-report?activetab=pivot_1%3aprimaryr4","No date.","2021-11-12","https://web.archive.org/web/20220316190115/https://www.microsoft.com/en-us/corporate-responsibility/content-removal-requests-report"
94,"LinkedIn Community Report","https://about.linkedin.com/transparency/community-report","No date.","2021-11-12","https://web.archive.org/web/20211112212258/https://about.linkedin.com/transparency/community-report"
95,"Law Enforcement Requests Report","https://www.microsoft.com/en-us/corporate-responsibility/law-enforcement-requests-report","2021-01-01","2021-11-12","https://web.archive.org/web/20211103011545/https://www.microsoft.com/en-us/corporate-responsibility/law-enforcement-requests-report"
96,"About our practices and your data","https://blogs.microsoft.com/datalaw/our-practices/","No date.","2021-11-12","https://web.archive.org/web/20210922230315/https://blogs.microsoft.com/datalaw/our-practices/"
97,"LinkedIn Law Enforcement Guidelines","https://help.linkedin.com/cc/custom_fattach/get/147285215/0/filename/Law_Enforcement_Guidelines.pdf","2020-12-18","2021-11-12","https://web.archive.org/web/20210923230541/https://help.linkedin.com/cc/custom_fattach/get/147285215/0/filename/Law_Enforcement_Guidelines.pdf"
98,"Law Enforcement Requests Report Data","https://www.microsoft.com/en-us/corporate-responsibility/law-enforcement-requests-report","2021","2021-11-12","https://web.archive.org/web/20220316191804/https://www.microsoft.com/en-us/corporate-responsibility/law-enforcement-requests-report"
99,"US National Security Orders Report","https://www.microsoft.com/en-us/corporate-responsibility/us-national-security-orders-report?activetab=pivot_1%3aprimaryr2","2021","2021-11-12","https://web.archive.org/web/20211112233140/https://www.microsoft.com/en-us/corporate-responsibility/us-national-security-orders-report?activetab=pivot_1%3Aprimaryr2"
100,"US National Security Orders Report Data","https://www.microsoft.com/en-us/corporate-responsibility/us-national-security-orders-report?activetab=pivot_1%3aprimaryr2","2021","2021-11-12","https://web.archive.org/web/20220316191909/https://www.microsoft.com/en-us/corporate-responsibility/us-national-security-orders-report?activetab=pivot_1%3Aprimaryr2"
101,"Microsoft releases biannual digital trust reports","https://blogs.microsoft.com/on-the-issues/2020/04/23/biannual-digital-trust-reports/","2020-04-23","2021-11-13","https://web.archive.org/web/20211009183925/https://blogs.microsoft.com/on-the-issues/2020/04/23/biannual-digital-trust-reports/"
102,"Microsoft Advertising Portal","https://about.ads.microsoft.com/en-us","No date.","2021-11-13","https://web.archive.org/save/https://about.ads.microsoft.com/en-us"
103,"Microsoft Advertising Policies","https://about.ads.microsoft.com/en-ca/resources/policies","No date.","2021-11-13","https://web.archive.org/save/https://about.ads.microsoft.com/en-ca/resources/policies"
104,"Microsoft Advertising Policies in Spanish","https://about.ads.microsoft.com/es-es/recursos/directivas","No date.","2021-11-13","https://web.archive.org/save/https://about.ads.microsoft.com/es-es/recursos/directivas"
105,"LinkedIn Advertising Policies","https://www.linkedin.com/legal/ads-policy?","2020-12-24","2021-11-13","https://web.archive.org/save/https://www.linkedin.com/legal/ads-policy?"
106,"Microsoft Audience Ads Policies","https://about.ads.microsoft.com/en-us/resources/policies/microsoft-audience-ads","No date.","2021-11-13","https://web.archive.org/web/20211116124323/https://about.ads.microsoft.com/en-us/resources/policies/microsoft-audience-ads"
107,"Microsoft Services Agreement","https://www.microsoft.com/en-us/servicesagreement/","2021-07-15","2021-11-13","https://web.archive.org/save/https://www.microsoft.com/en-us/servicesagreement/"
108,"Summary of Changes to Microsoft Services Agreement","https://www.microsoft.com/en-us/servicesagreement/Updates.aspx","No date.","2021-11-13","https://web.archive.org/web/20211116124256/https://www.microsoft.com/en-us/servicesagreement/Updates.aspx"
109,"Advertising Policies Change Log","https://about.ads.microsoft.com/en-us/resources/policies/microsoft-advertising-policies-change-log","No date.","2021-11-13","https://web.archive.org/web/20211031174438/https://about.ads.microsoft.com/en-us/resources/policies/microsoft-advertising-policies-change-log"
110,"Microsoft Advertising Agreement","https://about.ads.microsoft.com/en-us/resources/policies/microsoft-advertising-agreement","No date.","2021-11-13","https://web.archive.org/save/https://about.ads.microsoft.com/en-us/resources/policies/microsoft-advertising-agreement"
111,"Display Creative Acceptance Policy","https://advertiseonbing.blob.core.windows.net/blob/bingads/media/library/solution/creative-acceptance-policies/microsoft_advertising-creative-acceptance-policy.pdf","2020-08-28","2021-11-13","https://web.archive.org/web/20211116124900/https://advertiseonbing.blob.core.windows.net/blob/bingads/media/library/solution/creative-acceptance-policies/microsoft_advertising-creative-acceptance-policy.pdf"
112,"Native Creative Acceptance Policy","https://advertiseonbing.blob.core.windows.net/blob/bingads/media/library/solution/creative-acceptance-policies/microsoft_advertising-native-creative-acceptance-policy.pdf","2019-12-23","2021-11-13","https://web.archive.org/web/20211116125028/https://advertiseonbing.blob.core.windows.net/blob/bingads/media/library/solution/creative-acceptance-policies/microsoft_advertising-native-creative-acceptance-policy.pdf"
113,"Change History for Microsoft's Privacy Statement","https://privacy.microsoft.com/en-US/updates","2021-10","2021-11-13","https://web.archive.org/web/20211115035711/https://privacy.microsoft.com/en-US/updates"
114,"LinkedIn Professional community policies","https://www.linkedin.com/legal/professional-community-policies","No date.","2021-11-13","https://web.archive.org/web/20211113012239/https://www.linkedin.com/legal/professional-community-policies"
115,"Disallowed Content Policies","https://about.ads.microsoft.com/en-us/resources/policies/disallowed-content-policies","No date.","2021-11-13","https://web.archive.org/web/20211116125339/https://about.ads.microsoft.com/en-us/resources/policies/disallowed-content-policies"
116,"Financial Products and Services Policies","https://about.ads.microsoft.com/en-us/resources/policies/financial-products-and-services-policies","No date.","2021-11-13","https://web.archive.org/web/20211116125358/https://about.ads.microsoft.com/en-us/resources/policies/financial-products-and-services-policies"
117,"Traffic quality center","https://about.ads.microsoft.com/en-us/resources/policies/traffic-quality","No date.","2021-11-13","https://web.archive.org/web/20211116125433/https://about.ads.microsoft.com/en-us/resources/policies/traffic-quality"
118,"Microsoft Advertising: The editorial review (help page)","https://help.ads.microsoft.com/#apex/ads/en/52025/1-500","No date.","2021-11-13","https://web.archive.org/web/20211116125518/https://help.ads.microsoft.com/"
119,"Ad quality year in review (blog post)","https://about.ads.microsoft.com/en-us/blog/post/march-2021/ad-quality-year-in-review-2020","2021-03-21","2021-11-13","https://web.archive.org/web/20211116125544/https://about.ads.microsoft.com/en-us/blog/post/march-2021/ad-quality-year-in-review-2020"
120,"Ad quality year in review (blog post)","https://about.ads.microsoft.com/en-us/resources/policies/remarketing-in-paid-search-policies","No date.","2021-11-13","https://web.archive.org/save/https://about.ads.microsoft.com/en-us/resources/policies/remarketing-in-paid-search-policies"
121,"Universal Event Tracking","https://about.ads.microsoft.com/en-us/solutions/audience-targeting/universal-event-tracking","No date.","2021-11-13","https://web.archive.org/save/https://about.ads.microsoft.com/en-us/solutions/audience-targeting/universal-event-tracking"
122,"Paid search remarketing","https://about.ads.microsoft.com/en-us/solutions/audience-targeting/remarketing","No date.","2021-11-13","https://web.archive.org/save/https://about.ads.microsoft.com/en-us/solutions/audience-targeting/remarketing"
124,"Content Removal Requests Report","https://www.microsoft.com/en-us/corporate-responsibility/content-removal-requests-report","No date.","2021-11-13","https://web.archive.org/save/https://www.microsoft.com/en-us/corporate-responsibility/content-removal-requests-report"
124,"ContentRemoval Request Report Data","https://www.microsoft.com/en-us/corporate-responsibility/content-removal-requests-report","No date.","2021-11-13","https://web.archive.org/web/20211116130132/https://www.microsoft.com/en-us/corporate-responsibility/content-removal-requests-report"
125,"LinkedIn Community Report","https://about.linkedin.com/transparency/community-report","No date.","2021-11-13","https://web.archive.org/web/20211116133315/https://about.linkedin.com/transparency/community-report"
126,"Bot Review Guidelines","https://docs.microsoft.com/en-us/azure/bot-service/bot-service-review-guidelines?view=azure-bot-service-4.0","No date.","2021-11-13","https://web.archive.org/web/20211116133329/https://docs.microsoft.com/en-us/azure/bot-service/bot-service-review-guidelines?view=azure-bot-service-4.0"
127,"LinkedIn Prohibited Software and Extensions","https://www.linkedin.com/help/linkedin/answer/56347/prohibited-software-and-extensions?lang=en","2018-12-17","2021-12-07","https://web.archive.org/web/20211122212124/https://www.linkedin.com/help/linkedin/answer/56347/prohibited-software-and-extensions?lang=en"
128,"Using the LinkedIn Fairness Toolkit in large-scale AI systems","https://engineering.linkedin.com/blog/2021/using-the-linkedin-fairness-toolkit-large-scale-ai","2021-92-08","2022-02-09","https://web.archive.org/web/20220209201327/https://engineering.linkedin.com/blog/2021/using-the-linkedin-fairness-toolkit-large-scale-ai"
129,"Addressing bias in large-scale AI applications: The LinkedIn Fairness Toolkit","https://engineering.linkedin.com/blog/2020/lift-addressing-bias-in-large-scale-ai-applications","2020-08-05","2022-02-09","https://web.archive.org/web/20220209202324/https://engineering.linkedin.com/blog/2020/lift-addressing-bias-in-large-scale-ai-applications"
130,"Updates to User Agreement and Privacy Policy","https://www.linkedin.com/help/linkedin/answer/3309/updates-to-user-agreement-and-privacy-policy?lang=en","2020-08-11","2022-02-09","https://web.archive.org/web/20220209204458/https://www.linkedin.com/help/linkedin/answer/3309/updates-to-user-agreement-and-privacy-policy?lang=en"
131,"Leveraging behavior analytic computation for anti-abuse defenses","https://engineering.linkedin.com/blog/2021/leveraging-behavior-analytic-computation-for-anti-abuse-defenses","2021-02-11","2022-02-10","https://web.archive.org/web/20220210223535/https://engineering.linkedin.com/blog/2021/leveraging-behavior-analytic-computation-for-anti-abuse-defenses"
132,"How We’re Protecting Members From Fake Profiles","https://blog.linkedin.com/2019/august/20/an-update-on-how-were-fighting-fake-accounts","2019-08-20","2022-02-10","https://web.archive.org/web/20220210223612/https://blog.linkedin.com/2019/august/20/an-update-on-how-were-fighting-fake-accounts"
133,"Creating a secure and trusted Jobs ecosystem on LinkedIn","https://engineering.linkedin.com/blog/2021/secure-and-trusted-Jobs-ecosystem","2021-01-26","2022-02-10","https://web.archive.org/web/20220210223650/https://engineering.linkedin.com/blog/2021/secure-and-trusted-Jobs-ecosystem"
134,"Keeping LinkedIn professional by detecting and removing inappropriate profiles","https://engineering.linkedin.com/blog/2020/keeping-linkedin-professional","2020-01-16","2022-02-10","https://web.archive.org/web/20220210223726/https://engineering.linkedin.com/blog/2020/keeping-linkedin-professional"
135,"New Features Help Keep it Professional","https://blog.linkedin.com/2020/september/29/new-features-help-keep-it-professional","2020-09-29","2020-02-10","https://web.archive.org/web/20220210223812/https://blog.linkedin.com/2020/september/29/new-features-help-keep-it-professional"
136,"Using deep learning to detect abusive sequences of member activity","https://engineering.linkedin.com/blog/2021/using-deep-learning-to-detect-abusive-sequences-of-member-activi","2021-09-02","2020-02-10","https://web.archive.org/web/20220210223917/https://engineering.linkedin.com/blog/2021/using-deep-learning-to-detect-abusive-sequences-of-member-activi"
