﻿"SourceNr","DocumentTitle","URL","DocumentDate","DateAccessed","Saved source link"
1,"Baidu Homepage Login/百度首页登录","http://www.baidu.com/","No date.","2021-11-03","https://archive.org/details/baidu-login-page"
2,"Baidu PostBar Help Center - Regarding Content Recovery/贴吧帮助中心 - 我的贴子为何会被删除，该如何解决？","http://tieba.baidu.com/helpcenter/index#/questions/ban-del/del/qa1","No date.","2021-11-09","https://ia601400.us.archive.org/17/items/baidu-post-help-center-content-recovery/Baidu%20Post%20Help%20Center%20Content%20Recovery.pdf"
3,"Baidu Privacy Platform Landing Page/百度隐私保护平台首页","http://privacy.baidu.com/","No date.","2021-11-11","https://web.archive.org/web/20211104032900/http://privacy.baidu.com/"
4,"Baidu Privacy Protection Statement/百度隐私权保护声明","http://www.baidu.com/duty/yinsiquan.html","No date.","2021-11-01","https://web.archive.org/web/20211101030035/http://www.baidu.com/duty/yinsiquan.html"
5,"General Rules of Baidu Privacy Policy/百度隐私政策总则","http://privacy.baidu.com/policy","2021-04-06","2021-10-21","https://web.archive.org/web/20211013144133/http://privacy.baidu.com/policy"
6,"Privacy Protection for Specific Products/特定产品的隐私保护","http://www.baidu.com/duty/yinsiquan-sub.html","No date.","2021-11-01","https://web.archive.org/web/20211101032932/https://www.baidu.com/duty/yinsiquan-sub.html"
7,"Netizen Rights Protection Scheme/百度网民权益保障计划","http://www.baidu.com/duty/baozhang.html","No date.","2021-11-12","https://web.archive.org/web/20211112040452/http://www.baidu.com/duty/baozhang.html"
8,"Baidu User Agreement/百度用户协议","https://passport.baidu.com/static/passpc-account/html/protocal.html","No date.","2021-11-03","https://web.archive.org/web/20211026124658/http://passport.baidu.com/static/passpc-account/html/protocal.html"
9,"Baidu WangPan Terms of Service/百度网盘服务协议","https://pan.baidu.com/disk/duty/","No date.","2021-11-01","https://archive.org/details/20211101_20211101_0332"
10,"PostBar Agreement/贴吧协议","https://gsp0.baidu.com/5aAHeD3nKhI2p27j8IqW0jdnxx1xbK/tb/eula.html","No date.","2021-11-03","https://web.archive.org/web/20211006083525/https://gsp0.baidu.com/5aAHeD3nKhI2p27j8IqW0jdnxx1xbK/tb/eula.html"
11,"Baidu AI Public Platform Service Agreement/百度AI开放平台服务协议","https://ai.baidu.com/ai-doc/REFERENCE/kk3dwjg7d","2021-06-30","2021-11-05","https://web.archive.org/web/20211105073029/https://ai.baidu.com/ai-doc/REFERENCE/kk3dwjg7d"
12,"Privacy Setting-Search History/隐私设置-搜索历史记录","https://passport.baidu.com/v2/?login&tpl=pc&extrajson=%7B%22l%22%3A%22%22%2C%22s%22%3A%22%22%2C%22src%22%3A%22se_070001%22%7D&u=https%3A%2F%2Fwww.baidu.com%2Fduty%2Fprivacysettings.html%3Ffrom%3Dyinsiwenzi","No date.","2021-11-02","https://archive.org/details/20211102_20211102_0225"
13,"Baidu Search Ads Policy Center/百度搜索推广政策中心","http://rules.baidu.com/","No date.","2021-11-22","https://web.archive.org/web/20211122184004/http://rules.baidu.com/"
14,"Baidu Security Response Center/百度安全应急响应中心","https://bsrc.baidu.com/v2/#/home","No date.","2021-11-10","https://ia601404.us.archive.org/11/items/baidu-security-response-center/Baidu%20Security%20Response%20Center.pdf"
15,"Rewarding Details of Loophole Reporting for Baidu Security Response Center (Version 6.0)/百度安全应急响应中心漏洞奖励细节V6.0","https://bj.bcebos.com/bsrc-public/2020110217152857605b75bce16b68.pdf","2020-11-02","2021-11-10","https://ia601504.us.archive.org/20/items/baidu-bug-bounty-program-v-6/Baidu%20Bug%20Bounty%20Program%20V6.pdf"
16,"Baidu Service Center - How to View Recent Account Logins/百度服务中心 - 如何查看百度帐号的最近登录记录","http://help.baidu.com/question?prod_en=passport&class=9&id=2138","No date.","2021-11-10","https://web.archive.org/web/20211110063236/https://help.baidu.com/question?prod_en=passport&class=9&id=2138"
17,"Baidu Service Center Main Page/百度服务中心首页","http://help.baidu.com/index","No date.","2021-11-10","https://web.archive.org/web/20211110071903/https://help.baidu.com/index"
18,"Register Baidu Account/注册百度账号","https://passport.baidu.com/v2/?reg&tt=1591133963687&overseas=undefined&gid=E29C630-F609-45D5-8272-E73D5FBE1A31&tpl=mn&u=http%3A%2F%2Fwww.baidu.com%2F","No date.","2021-11-03","https://archive.org/details/20211103_20211103_0911"
19,"Baidu WangPan/百度网盘","https://pan.baidu.com/","No date.","2021-11-03","https://archive.org/details/20211103_20211103_0906"
20,"Baidu PostBar/百度贴吧","https://tieba.baidu.com/index.html","No date.","2021-11-01","https://archive.org/details/20211101_20211101_0517"
21,"Baidu Homepage/百度首页","http://www.baidu.com/","No date.","2021-11-01","https://archive.org/details/20211101_20211101_0249"
22,"Baidu WangPan Help Center-FAQ/百度网盘帮助中心-热点FAQ","https://yun.baidu.com/disk/help","No date.","2021-11-01","https://web.archive.org/web/20211009021135/https://yun.baidu.com/disk/help"
22,"Baidu WangPan Help Center-FAQ/百度网盘帮助中心-热点FAQ","https://yun.baidu.com/disk/help","No date.","2021-11-10","https://web.archive.org/web/20211110072729/https://yun.baidu.com/disk/help"
23,"Baidu PostBar's Complaint Rules/百度贴吧投诉规则","http://tieba.baidu.com/tb/tsgz/index.html","No date.","2021-11-08","https://web.archive.org/web/20210816195342/http://tieba.baidu.com/tb/tsgz/index.html"
24,"Baidu Personal Information Protection Advice/个人信息保护咨询指引","http://help.baidu.com/personalinformation","No date.","2021-11-09","https://web.archive.org/web/20211109102603/https://help.baidu.com/personalinformation"
25,"Baidu PostBar Help Center/贴吧帮助中心","http://tieba.baidu.com/helpcenter/index#/index","No date.","2021-11-09","https://web.archive.org/web/20211109104048/http://tieba.baidu.com/helpcenter/index#/index"
26,"Baidu Service Center for Baidu Postbar /百度服务中心-百度贴吧","http://help.baidu.com/question?prod_id=3","No date.","2021-11-09","https://web.archive.org/web/20211006103556/https://help.baidu.com/question?prod_id=3"
29,"Baidu Service Center for Baidu PostBar - Unblock Account /百度服务中心百度贴吧 - 账号解封","http://help.baidu.com/question?prod_id=3&class=405","No date.","2021-11-09","https://web.archive.org/web/20210908135838/https://help.baidu.com/question?prod_id=3&class=405"
30,"Baidu Service Center for Baidu PostBar - Complaint Center Intro / 百度服务中心百度贴吧 - 投诉中心简介","http://help.baidu.com/question?prod_id=3&class=393&id=2608","No date.","2021-11-09","https://web.archive.org/web/20211109105354/https://help.baidu.com/question?prod_id=3&class=393&id=2608"
31,"Baidu 2020 Environmental, Social and Governance Report/百度 2020 年
环境、社会及管治（ESG）报告","https://esg.baidu.com/article/Baidu_2020_Environmental,_Social_and_Governance_Report","2021-08-26","2021-11-09","https://ia601408.us.archive.org/23/items/2020-esg/%E7%99%BE%E5%BA%A62020%E5%B9%B4%E7%8E%AF%E5%A2%83%E3%80%81%E7%A4%BE%E4%BC%9A%E5%8F%8A%E7%AE%A1%E6%B2%BB%EF%BC%88ESG%EF%BC%89%E6%8A%A5%E5%91%8A.pdf"
32,"Baidu 2020 Environmental, Social and Governance Report (English)","https://esg.baidu.com/en/article/Baidu_2020_Environmental,_Social_and_Governance_Report","2021-08-26","2021-11-09","https://ia601408.us.archive.org/23/items/2020-esg/Baidu%202020%20Environmental%2C%20Social%20and%20Governance%20Report.pdf"
33,"Baidu WangPan Privacy Policy/百度⽹盘隐私政策","https://pan.baidu.com/disk/main#/protocol/privacy_policy","2021-10-20","2021-10-22","https://archive.org/details/baidu-wang-pan-privacy-policy"
34,"Baidu PostBar Privacy Policy/百度贴吧隐私政策","https://tieba.baidu.com/tb/cms/tieba-fe/tieba_promise.html","2021-08-11","2021-10-22","https://web.archive.org/web/20211018130022/https://tieba.baidu.com/tb/cms/tieba-fe/tieba_promise.html"
35,"Baidu Search Advertising Policy Center Ten Forbidden Areas/百度搜索推广十大禁区","http://rules.baidu.com/overview?read=readForbidden","No date.","2021-11-04","https://web.archive.org/web/20210906024558/http://rules.baidu.com/overview?read=readForbidden"
36,"Baidu Search Advertising Audit Policy/百度搜索推广审核政策","http://rules.baidu.com/overview?read=readAudit","No date.","2021-11-04","https://web.archive.org/web/20210906085451/http://rules.baidu.com/overview?read=readAudit&anchor=audit1"
37,"Baidu Search Advertising Technological Auditing Stategy/百度搜索推广技术审核策略","http://rules.baidu.com/overview?read=readStrategy","No date.","2021-11-04","https://web.archive.org/web/20210906035552/http://rules.baidu.com/overview?read=readStrategy"
38,"Baidu Advertising Service Agreement/百度推广服务协议","http://e.baidu.com/accept.html","No date.","2021-11-04","https://archive.org/details/baidu-promotion-agreement"
39,"Baidu 2019 Information Security Comprehensive Governance Yearly Report/2019信息安全综合治理年报","https://anquan.baidu.com/article/1046","2020-02-17","2021-11-08","https://web.archive.org/web/20211108033952/https://anquan.baidu.com/article/1046"
40,"Baidu Security Community/百度安全社区","https://anquan.baidu.com/forum","No date.","2021-11-05","https://web.archive.org/web/20211105081323/https://anquan.baidu.com/forum"
41,"Baidu Information Security Governance Report of August/Sept.2020/百度2020年8月9月信息安全综合治理双月报 (Chinese)","https://esg.baidu.com/zh/article/Monthly_Report_of_Baidu%E2%80%99s_Comprehensive_Governance_of_Information_Security_(August_&_September_2020)","2020-10-01","2021-11-05","https://ia601401.us.archive.org/9/items/2020-aug-sept-information-gov.-english/2020%20Aug%3ASept%20Information%20Gov.%20Chinese.pdf"
42,"Baidu Information Security Governance Report of Oct 2020/202010月信息安全综合治理月报 (Chinese)","https://esg.baidu.com/article/%E7%99%BE%E5%BA%A6%E4%BF%A1%E6%81%AF%E5%AE%89%E5%85%A8%E7%BB%BC%E5%90%88%E6%B2%BB%E7%90%8610%E6%9C%88%E6%9C%88%E6%8A%A5","2020-11-01","2021-11-05","https://ia601500.us.archive.org/25/items/monthly-report-of-baidus-comprehensive-governance-of-information-security-october-2020-chinese/Monthly%20Report%20of%20Baidu%E2%80%99s%20Comprehensive%20Governance%20of%20Information%20Security%20%28October%202020%29%20%28Chinese%29.pdf"
43,"Baidu Information Security Governance Report of Nov 2020/202011月信息安全综合治理月报 (Chinese)","http://home.baidu.com/home/index/news_detail/id/17951","2020-12-31","2021-11-05","https://web.archive.org/web/20211105083055/http://home.baidu.com/home/index/news_detail/id/17951"
44,"Baidu Information Security Governance Annual Report of 2020/2020信息安全综合治理年报 (Chinese)","https://esg.baidu.com/zh/article/Baidu_Announces_the_Annual_Report_of_Comprehensive_Governance_of_Information_Security","2021-02-09","2021-11-05","https://ia601508.us.archive.org/24/items/baidu-announces-the-annual-report-of-comprehensive-governance-of-information-security-chinese/Baidu%20Announces%20the%20Annual%20Report%20of%20Comprehensive%20Governance%20of%20Information%20Security%20%28Chinese%29.pdf"
45,"Baidu PostBar User Privacy Management-Baidu Privacy Policy Platform/百度隐私政策平台-隐私管理-百度贴吧","http://privacy.baidu.com/control/%E7%99%BE%E5%BA%A6%E8%B4%B4%E5%90%A7","No date.","2021-11-10","https://web.archive.org/web/20211103065307/http://privacy.baidu.com/control/%E7%99%BE%E5%BA%A6%E8%B4%B4%E5%90%A7"
48,"Baidu Ads Portal/百度营销中心","https://yingxiao.baidu.com/home","No date.","2021-11-23","https://ia601407.us.archive.org/15/items/baidu-48/Baidu_48.pdf"
49,"Baidu Marketing Products Atlas/百度商业产品知识图谱","http://yingxiao.baidu.com/new/topic/607/index?ly=nav_list","No date.","2021-11-05","https://ia601508.us.archive.org/27/items/20211105_20211105_0416/%E4%BA%A7%E5%93%81%E5%9B%BE%E8%B0%B1-%E7%99%BE%E5%BA%A6%E8%90%A5%E9%94%80%E4%B8%AD%E5%BF%83.pdf"
50,"BaiduSearchPromotion-Group Targeting Product Introduction百度人群产品介绍","http://yingxiao.baidu.com/new/home/product/details?id=6116&ly=author_essay","2019-11-28","2021-11-05","https://web.archive.org/web/20211105045521/https://yingxiao.baidu.com/new/home/product/details?id=6116&ly=author_essay&castk=LTE%3D"
51,"Introduction of Baidu Information Feed Promotion Targeting System/百度信息流推广定向系统介绍","http://yingxiao.baidu.com/new/home/product/details?id=6943&ly=author_essay","2020-04-22","2021-11-05","https://web.archive.org/web/20211105045751/https://yingxiao.baidu.com/new/home/product/details?id=6943&ly=author_essay&castk=LTE%3D"
52,"Baidu Internet governance report for Second quarter of 2021/第二季度信息安全综合治理数据2021 (Chinese)","https://esg.baidu.com/zh/article/Baidu_releases_Q2_2021_data_on_the_comprehensive_governance_of_information_security,_removing_over_16.4_million_pieces_of_harmful_information","2021-08-12","2021-11-05","https://ia601509.us.archive.org/12/items/baidu-releases-q-2-2021-data-on-the-comprehensive-governance-of-information-secu/Baidu%20releases%20Q2%202021%20data%20on%20the%20comprehensive%20governance%20of%20information%20security%2C%20removing%20over%2016.4%20million%20pieces%20of%20harmful%20information%20%28Chinese%29.pdf"
53,"Baidu Service Center Q&A about How to Report in Baidu Search/百度服务中心百度搜索关于举报问题","https://help.baidu.com/search?keywords=%25E4%25B8%25BE%25E6%258A%25A5&undefined=%25E4%25B8%25BE%25E6%258A%25A5","No date.","2021-11-05","https://ia601507.us.archive.org/8/items/20211105_20211105_0107/%E7%99%BE%E5%BA%A6%E7%94%A8%E6%88%B7%E6%9C%8D%E5%8A%A1%E4%B8%AD%E5%BF%83-%E6%90%9C%E7%B4%A2%E7%BB%93%E6%9E%9C.pdf"
54,"Baidu PostBar Comments Feedback Bar(official)/百度贴吧意见反馈吧","https://tieba.baidu.com/f?kw=%E8%B4%B4%E5%90%A7%E6%84%8F%E8%A7%81%E5%8F%8D%E9%A6%88&ie=utf-8","No date.","2021-11-06","https://web.archive.org/web/20211106030701/https://tieba.baidu.com/f?kw=%E8%B4%B4%E5%90%A7%E6%84%8F%E8%A7%81%E5%8F%8D%E9%A6%88&ie=utf-8"
55,"Public Notice about Punishment of Insulting Accounts between June 1 and June 7/【公告】关于6月1日~6月7日辱骂帐号的处罚公示","https://tieba.baidu.com/p/7406987129","2021-06-16","2021-11-06","https://web.archive.org/web/20211106031343/https://tieba.baidu.com/p/7406987129"
56,"Baidu Service Center Q&A about Log In from Other Place/我为什么会收到异地登录提醒邮件？","https://help.baidu.com/question?prod_en=passport&class=9&id=2137","No date.","2021-11-10","https://web.archive.org/web/20211110072035/https://help.baidu.com/question?prod_en=passport&class=9&id=2137"
57,"Baidu Notice to Right Holders/百度权利声明","https://www.baidu.com/duty/right.html","No date.","2021-11-08","https://web.archive.org/web/20211108030635/https://www.baidu.com/duty/right.html"
58,"Baidu Wangpan Notice to Right Holders/百度网盘权利声明","https://yun.baidu.com/disk/privacy","No date.","2021-11-08","https://web.archive.org/web/20211006103547/http://yun.baidu.com/disk/privacy"
59,"Public Notice about PostBar Internet Ecology Governance May 25 to May 31/【清朗】5.25~5.31贴吧网络生态治理公示","https://tieba.baidu.com/p/7396158658","2021-06-09","2021-11-06","https://web.archive.org/web/20211106031737/https://tieba.baidu.com/p/7396158658"
60,"Information Security Governance First Half Year Report of 2020/百度上半年信息安全综合治理情况(2020) (Chinese)","https://esg.baidu.com/zh/article/Baidu%E2%80%99s_Comprehensive_Governance_of_Information_Security_in_the_First_Half_of_2020","2020-07-01","2021-11-05","https://ia601506.us.archive.org/35/items/baidus-comprehensive-governance-of-information-security-first-half-of-2020-english/Baidu%27s%20Comprehensive%20Governance%20of%20Information%20Security%20First%20Half%20of%202020%20%28Chinese%29.pdf"
61,"Baidu Human Rights Policy/百度人权制度 (English)","https://esg.baidu.com/zh/article/Baidu's_Human_Rights_Policy","2021-08-06","2021-10-21","https://archive.org/details/baidus-human-rights-policy"
62,"Baidu Human Rights Policy/百度人权制度 (Chinese)","https://esg.baidu.com/article/Baidu's_Human_Rights_Policy","2021-08-23","2021-10-21","https://archive.org/details/BaiduRenquanZhidu"
63,"Baidu PostBar Privacy Management-Baidu Privacy Policy Platform - Personalized Content/百度隐私政策平台-隐私管理-百度贴吧-个性化推荐","http://privacy.baidu.com/control/%E7%99%BE%E5%BA%A6%E8%B4%B4%E5%90%A7","No date.","2021-11-03","https://archive.org/details/tieba-privacy-management-personalized-content"
64,"Baidu Disclaimer/免责声明","http://www.baidu.com/duty/#","No date.","2021-11-01","https://web.archive.org/web/20211101030339/http://www.baidu.com/duty/"
65,"Baidu Search Promotion Policy Center/百度搜索推广政策中心","http://rules.baidu.com/","No date.","2021-11-04","https://web.archive.org/web/20211028011949/http://rules.baidu.com/"
66,"Baidu 2020 Data Security, Privacy Protection and Content Governance Report/百度2020年数据安全、隐私保护与内容治理专项报告 (Chinese)","https://esg.baidu.com/article/Baidu_Special_Report_on_Data_Security,_Privacy_Protection,_and_Content_Management_2020","2021-08-26","2021-11-04","https://ia601403.us.archive.org/34/items/2-2020_202111/%E9%A9%AD%E6%95%B0%E6%9C%89%E9%81%93%20%E7%94%A8%E6%88%B7%E8%87%B3%E4%B8%8A%E2%80%94%E2%80%94%E7%99%BE%E5%BA%A62020%E5%B9%B4%E6%95%B0%E6%8D%AE%E5%AE%89%E5%85%A8%E3%80%81%E9%9A%90%E7%A7%81%E4%BF%9D%E6%8A%A4%E4%B8%8E%E5%86%85%E5%AE%B9%E6%B2%BB%E7%90%86%E4%B8%93%E9%A1%B9%E6%8A%A5%E5%91%8A.pdf"
67,"Baidu 2020 Data Security, Privacy Protection and Content Governance Report/百度2020年数据安全、隐私保护与内容治理专项报告 (English)","https://esg.baidu.com/zh/article/Baidu_Special_Report_on_Data_Security,_Privacy_Protection,_and_Content_Management_2020","2021-08-26","2021-11-04","https://ia601502.us.archive.org/21/items/baidu-special-report-on-data-security-privacy-protection-and-content-management-2020/Baidu%20Special%20Report%20on%20Data%20Security%2CPrivacy%20Protection%2C%20and%20Content%20Management%202020.pdf"
68,"Baidu Content Ecological Goverance Regulation/百度内容生态管理规范 (Chinese)","https://esg.baidu.com/article/%E3%80%8A%E7%99%BE%E5%BA%A6%E5%86%85%E5%AE%B9%E7%94%9F%E6%80%81%E7%AE%A1%E7%90%86%E8%A7%84%E8%8C%83%E3%80%8B","2021-08-24","2021-11-04","https://ia601409.us.archive.org/21/items/20211104_20211104_0850/%E3%80%8A%E7%99%BE%E5%BA%A6%E5%86%85%E5%AE%B9%E7%94%9F%E6%80%81%E7%AE%A1%E7%90%86%E8%A7%84%E8%8C%83%E3%80%8B%20.pdf"
69,"Baidu Content Ecological Goverance Regulation/百度内容生态管理规范 (English)","https://esg.baidu.com/zh/article/Baidu_Content_Ecosystem_Management_Standards","2021-08-24","2021-11-04","https://ia601508.us.archive.org/12/items/baidu-content-ecosystem-management-standards/Baidu%20Content%20Ecosystem%20Management%20Standards.pdf"
70,"Baidu Information Security Governance Report of August/Sept.2020/百度2020年8月9月信息安全综合治理双月报 (English)","https://esg.baidu.com/article/%E7%99%BE%E5%BA%A6%E4%BF%A1%E6%81%AF%E5%AE%89%E5%85%A8%E7%BB%BC%E5%90%88%E6%B2%BB%E7%90%868%E3%80%819%E6%9C%88%E6%9C%88%E6%8A%A5","No date.","2021-11-05","https://ia601401.us.archive.org/9/items/2020-aug-sept-information-gov.-english/2020%20Aug%3ASept%20Information%20Gov.%20English.pdf"
71,"Baidu Information Security Governance Report of Oct 2020/202010月信息安全综合治理月报 (English)","https://esg.baidu.com/article/Monthly_Report_of_Baidu%E2%80%99s_Comprehensive_Governance_of_Information_Security_(October_2020)","2020-11-01","2021-11-05","https://ia601500.us.archive.org/25/items/monthly-report-of-baidus-comprehensive-governance-of-information-security-october-2020-chinese/Monthly%20Report%20of%20Baidu%E2%80%99s%20Comprehensive%20Governance%20of%20Information%20Security%20%28October%202020%29%20%28English%29.pdf"
72,"Baidu ESG Platform/百度ESG官方网站","https://esg.baidu.com/zh","No date.","2021-11-05","https://ia601409.us.archive.org/0/items/baidu-esg-official-website/Baidu%20ESG%20Official%20Website.pdf"
73,"Baidu Information Security Governance Annual Report of 2020/2020信息安全综合治理年报 (English)","https://esg.baidu.com/article/%E7%99%BE%E5%BA%A6%E5%8F%91%E5%B8%83%E4%BF%A1%E6%81%AF%E5%AE%89%E5%85%A8%E7%BB%BC%E5%90%88%E6%B2%BB%E7%90%86%E5%B9%B4%E6%8A%A5","2021-02-09","2021-11-05","https://ia601508.us.archive.org/24/items/baidu-announces-the-annual-report-of-comprehensive-governance-of-information-security-chinese/Baidu%20Announces%20the%20Annual%20Report%20of%20Comprehensive%20Governance%20of%20Information%20Security%20%28English%29.pdf"
74,"Baidu Internet governance report for Second quarter of 2021/第二季度信息安全综合治理数据2021 (English)","https://esg.baidu.com/zh/article/Baidu_releases_Q2_2021_data_on_the_comprehensive_governance_of_information_security,_removing_over_16.4_million_pieces_of_harmful_information","2021-08-12","2021-11-05","https://ia601509.us.archive.org/12/items/baidu-releases-q-2-2021-data-on-the-comprehensive-governance-of-information-secu/Baidu%20releases%20Q2%202021%20data%20on%20the%20comprehensive%20governance%20of%20information%20security%2C%20removing%20over%2016.4%20million%20pieces%20of%20harmful%20information%20%28English%29.pdf"
75,"Information Security Governance First Half Year Report of 2020/百度上半年信息安全综合治理情况(2020) (English)","https://esg.baidu.com/article/Baidu%E2%80%99s_Comprehensive_Governance_of_Information_Security_in_the_First_Half_of_2020","2020-07-01","2021-11-05","https://ia601506.us.archive.org/35/items/baidus-comprehensive-governance-of-information-security-first-half-of-2020-english/Baidu%27s%20Comprehensive%20Governance%20of%20Information%20Security%20First%20Half%20of%202020%20%28English%29.pdf"
76,"Baidu Help Center Security Articles/百度服务中心安全上网文件","https://help.baidu.com/search?keywords=%25E5%25AE%2589%25E5%2585%25A8%25E4%25B8%258A%25E7%25BD%2591&undefined=%25E5%25AE%2589%25E5%2585%25A8%25E4%25B8%258A%25E7%25BD%2591","No date.","2021-11-11","https://ia601500.us.archive.org/0/items/baidu-help-center-security-articles/Baidu%20Help%20Center%20Security%20Articles.pdf"
77,"Responsible AI (Chinese)/负责任AI","https://esg.baidu.com/article/Responsible_AI","No date.","2021-11-15","https://web.archive.org/web/20211208125311/https://esg.baidu.com/en/article/Responsible_AI"
78,"Responsible AI (English)","https://esg.baidu.com/en/article/Responsible_AI","No date.","2021-11-15","https://web.archive.org/web/20211208125311/https://esg.baidu.com/en/article/Responsible_AI"
79,"Baidu ESG Concept(Chinese)/百度ESG理念","https://esg.baidu.com/about","No date.","2021-11-15","https://web.archive.org/web/20211208130321/https://esg.baidu.com/en/about"
80,"Baidu ESG Concept (English)","https://esg.baidu.com/en/about","No date.","2021-11-15","https://web.archive.org/web/20211208130321/https://esg.baidu.com/en/about"
81,"Baidu Management Team","https://home.baidu.com/home/index/management_team","No date.","2021-11-15","https://web.archive.org/web/20211208132843/https://home.baidu.com/home/index/management_team"
82,"Baidu Privacy Protection Platform-Organization/百度隐私保护平台保护架构","http://privacy.baidu.com/organization","No date.","2021-11-15","https://web.archive.org/web/20211208131737/http://privacy.baidu.com/organization"
83,"Baidu is making strides in strengthening the governance of internet content ecosystems/加强内容生态治理，百度在行动(Chinese)","https://esg.baidu.com/article/%E5%8A%A0%E5%BC%BA%E5%86%85%E5%AE%B9%E7%94%9F%E6%80%81%E6%B2%BB%E7%90%86%EF%BC%8C%E7%99%BE%E5%BA%A6%E5%9C%A8%E8%A1%8C%E5%8A%A8","2020-08-01","2021-11-22","https://web.archive.org/web/20211208132412/https://esg.baidu.com/en/article/%E5%8A%A0%E5%BC%BA%E5%86%85%E5%AE%B9%E7%94%9F%E6%80%81%E6%B2%BB%E7%90%86%EF%BC%8C%E7%99%BE%E5%BA%A6%E5%9C%A8%E8%A1%8C%E5%8A%A8"
84,"Baidu is making strides in strengthening the governance of internet content ecosystems/加强内容生态治理，百度在行动(English)","https://esg.baidu.com/en/article/Baidu_is_making_strides_in_strengthening_the_governance_of_internet_content_ecosystems","2020-08-01","2021-11-22","https://web.archive.org/web/20211122213455/https://esg.baidu.com/en/article/%E5%8A%A0%E5%BC%BA%E5%86%85%E5%AE%B9%E7%94%9F%E6%80%81%E6%B2%BB%E7%90%86%EF%BC%8C%E7%99%BE%E5%BA%A6%E5%9C%A8%E8%A1%8C%E5%8A%A8"
85,"Baidu Information Security Governance Report 2021 Jan-Feb/百度信息治理双月报","https://esg.baidu.com/article/Baidu_releases_a_bimonthly_report_of_comprehensive_governance_of_information_security,_removing_over_12.8_billion_pieces_of_harmful_information","2021-04-01","2021-11-22","https://web.archive.org/web/20211208131933/https://esg.baidu.com/en/article/Baidu_releases_a_bimonthly_report_of_comprehensive_governance_of_information_security,_removing_over_12.8_billion_pieces_of_harmful_information"
86,"PostBar Weekly Report May 25-May 31","https://tieba.baidu.com/p/7396158658","2021-06-09","2021-11-22","https://web.archive.org/web/20211123232054/https://tieba.baidu.com/p/7396158658"
