﻿"SourceNr","DocumentTitle","URL","DocumentDate","DateAccessed","Saved source link"
1,"Business Conduct Guidelines 2016 (K)","https://images.samsung.com/is/content/samsung/p5/sec/aboutsamsung/2018/pdf/BusinessConductGuidelines.pdf","No date.","2021-10-25","https://web.archive.org/web/20211025040636/https://images.samsung.com/is/content/samsung/p5/sec/aboutsamsung/2018/pdf/BusinessConductGuidelines.pdf"
2,"Business Conduct Guidelines 2016 (E)","https://images.samsung.com/is/content/samsung/p5/uk/aboutsamsung/2017/pdf/about-us-sustainability-report-and-policy-business-conduct-guidelines-2016-en.pdf","No date.","2021-10-25","https://web.archive.org/web/20211025040912/https://images.samsung.com/is/content/samsung/p5/uk/aboutsamsung/2017/pdf/about-us-sustainability-report-and-policy-business-conduct-guidelines-2016-en.pdf"
3,"Samsung Research AI","https://research.samsung.com/artificial-intelligence","No date.","2021-10-25","https://web.archive.org/web/20211025041322/https://research.samsung.com/artificial-intelligence"
4,"Sustainability Report 2019 (K)","https://images.samsung.com/is/content/samsung/p5/sec/aboutsamsung/sustainability/pdf/2019/0828/Sustainability_report_2019_kr.pdf","No date.","2020-06-01","https://web.archive.org/web/20211026032216/https://images.samsung.com/is/content/samsung/p5/sec/aboutsamsung/sustainability/pdf/2019/0828/Sustainability_report_2019_kr.pdf"
5,"Sustainability Report 2019 (E)","https://images.samsung.com/is/content/samsung/assets/global/our-values/resource/SustainabilityReport2019v2-en.pdf","No date.","2020-06-01","https://web.archive.org/web/20211026032124/https://images.samsung.com/is/content/samsung/assets/global/our-values/resource/SustainabilityReport2019v2-en.pdf"
6,"Samsung Service Terms and Conditions (K)","https://account.samsung.com/membership/terms/termscontents","2021-01-14","2021-11-04","https://ia601502.us.archive.org/25/items/samsung-service-terms-and-conditions-k-november-2021/Samsumg_6_Samsung%20Service%20Terms%20and%20Conditions%20%28K%29_November2021.pdf"
7,"Samsung Service Terms and Conditions (E)","https://account.samsung.com/membership/terms/termscontents","2021-09-30","2021-11-04","https://web.archive.org/web/20211104130002/https://account.samsung.com/membership/policy/terms"
8,"Samsung Galaxy Store Terms and Conditions (K)","https://account.samsung.com/membership/terms/termscontentsbyservice/1","No date.","2021-10-25","https://web.archive.org/web/20211025082152/https://account.samsung.com/membership/terms/termscontentsbyservice/1"
9,"Samsung Galaxy Store Terms and Conditions (E)","https://account.samsung.com/membership/terms/termscontentsbyservice/0","No date.","2021-11-05","https://web.archive.org/web/20211105134617/https://account.samsung.com/membership/terms/termscontentsbyservice/0"
10,"Privacy Policy (K)","https://account.samsung.com/membership/policy/privacy","2021-10-15","2021-10-25","https://ia801501.us.archive.org/24/items/samsung-privacy-policy-k/Samsung_10_Privacy%20Policy%20%28K%29_October2021.pdf"
11,"Privacy Policy for the U.S. (E)","https://www.samsung.com/us/account/privacy-policy/","2021-10-01","2021-10-26","https://web.archive.org/web/20211026040225/https://www.samsung.com/us/account/privacy-policy/"
12,"Samsung Galaxy Store Seller Privacy Policy (K)","https://seller.samsungapps.com/help/privacy.as?channel=common&localeLanguage=ko","2021-08-24","2021-11-03","https://web.archive.org/web/20211103112237/https://seller.samsungapps.com/help/privacy.as?channel=common&localeLanguage=ko"
13,"Samsung Galaxy Store Seller Privacy Policy (E)","https://seller.samsungapps.com/help/privacy.as?channel=common&localeLanguage=en","2019-12-18","2021-11-03","https://web.archive.org/web/20211103112202/https://seller.samsungapps.com/help/privacy.as?channel=common&localeLanguage=en"
14,"App Distribution Guide (K)","https://developer.samsung.com/galaxy-store/distribution-guide.html?lang=ko","No date.","2021-10-26","https://web.archive.org/web/20211026035020/https://developer.samsung.com/galaxy-store/distribution-guide.html?lang=ko"
15,"App Distribution Guide (E)","https://developer.samsung.com/galaxy-store/distribution-guide.html","No date.","2021-10-26","https://web.archive.org/web/20211026034929/https://developer.samsung.com/galaxy-store/distribution-guide.html"
17,"List of Privacy Policy (K)","https://account.samsung.com/membership/terms/pplistbyversion","No date.","2021-11-03","https://ia601508.us.archive.org/33/items/samsung-list-of-privacy-policy-k/Samsung_17_List%20of%20Privacy%20Policy%20%28K%29_November2021.pdf"
18,"Notice (K)","https://account.samsung.com/membership/notice/notice-list","No date.","2021-11-03","https://web.archive.org/web/20211111140201/https://account.samsung.com/membership/notice/notice-list"
19,"Galaxy Store Seller Portal Notice (K)","https://seller.samsungapps.com/notice/getNoticeList.as","No date.","2021-11-03","https://web.archive.org/web/20211103115025/https://seller.samsungapps.com/notice/getNoticeList.as"
20,"FAQ Membership Termination","https://help.content.samsung.com/csweb/faq/searchFaq.do","No date.","2021-11-03","https://ia601404.us.archive.org/32/items/samsung-20-faq-membership-termination/Samsung_20_FAQ%20Membership%20Termination_November2021.pdf"
21,"S20 User Manual (K)","https://downloadcenter.samsung.com/content/UM/202011/20201109191701963/SM-G98X_UM_QQ_Kor_Rev.1.2_201109.pdf","No date.","2021-11-03","https://web.archive.org/web/20211103134435/https://downloadcenter.samsung.com/content/UM/202011/20201109191701963/SM-G98X_UM_QQ_Kor_Rev.1.2_201109.pdf"
22,"S20 User Manual (E)","https://downloadcenter.samsung.com/content/UM/202011/20201109191701963/SM-G98X_UM_EU_QQ_Eng_Rev.1.2_201109.pdf","No date.","2021-11-03","https://web.archive.org/web/20211103134503/https://downloadcenter.samsung.com/content/UM/202011/20201109191701963/SM-G98X_UM_EU_QQ_Eng_Rev.1.2_201109.pdf"
23,"Samsung Galaxy Store Seller Terms and Conditions (K)","https://seller.samsungapps.com/help/termsAndConditions.as?channel=mobile&localeLanguage=ko","2019-09-20","2021-11-05","https://web.archive.org/web/20211105135029/https://seller.samsungapps.com/help/termsAndConditions.as?channel=mobile&localeLanguage=ko"
24,"Samsung Galaxy Store Seller Terms and Conditions (E)","https://seller.samsungapps.com/help/termsAndConditions.as?channel=mobile&localeLanguage=en","2020-08-13","2021-11-05","https://web.archive.org/web/20211105135138/https://seller.samsungapps.com/help/termsAndConditions.as?channel=mobile&localeLanguage=en"
26,"FAQ: Are there any Apps that are prohibited (K)","https://help.content.samsung.com/csseller/faq/searchFaq.do","No date.","2021-11-06","https://ia601405.us.archive.org/34/items/samsung-faq-are-there-any-apps-that-are-prohibited-k/Samsung_26_FAQ%20Are%20there%20any%20Apps%20that%20are%20prohibited%20%28K%29_November2021.pdf"
28,"FAQ: Which documents do I have to submit to request commercial status? (K)","https://help.content.samsung.com/csseller/faq/searchFaq.do","No date.","2021-11-07","https://ia601407.us.archive.org/35/items/samsung-28-faq-which-documents-do-i-have-to-submit-to-request-commercial-status-k/Samsung_28_FAQ%20Which%20documents%20do%20I%20have%20to%20submit%20to%20request%20commercial%20status%20%28K%29_November2021.pdf"
29,"Ethics (K)","https://www.samsung.com/sec/about-us/ethics/","No date.","2021-11-08","https://web.archive.org/web/20211111132321/https://www.samsung.com/sec/about-us/ethics/"
30,"Ethics (E)","https://www.samsung.com/us/aboutsamsung/sustainability/ethics/","No date.","2021-11-08","https://web.archive.org/web/20211111132534/https://www.samsung.com/us/about-us/ethics/"
31,"Sustainability Report 2020 (K)","https://www.samsung.com/sec/aboutsamsung/sustainability/report-and-policy/","No date.","2021-10-26","https://web.archive.org/web/20211026031504/https://images.samsung.com/is/content/samsung/p5/sec/aboutsamsung/pdf/sustainability_report_kr_2020.pdf"
32,"Sustainability Report 2020 (E)","https://images.samsung.com/is/content/samsung/assets/global/our-values/resource/Sustainability_report_2020_en_new.pdf","No date.","2021-10-26","https://web.archive.org/web/20211026032035/https://images.samsung.com/is/content/samsung/assets/global/our-values/resource/Sustainability_report_2020_en_new.pdf"
33,"Samsung Security Reporting (E)","https://security.samsungmobile.com/securityReporting.smsb","No date.","2021-11-10","https://web.archive.org/web/20211111132929/https://security.samsungmobile.com/securityReporting.smsb"
34,"Smart TV Bug Bounty Program (E)","https://samsungtvbounty.com/bugbountyProgram","No date.","2021-11-10","https://web.archive.org/web/20211111134254/https://samsungtvbounty.com/bugbountyProgram"
35,"Samsung Knox Security Solution White Paper (E)","https://images.samsung.com/is/content/samsung/p5/global/business/mobile/SamsungKnoxSecuritySolution.pdf","No date.","2021-11-11","https://web.archive.org/web/20211111134321/https://images.samsung.com/is/content/samsung/p5/global/business/mobile/SamsungKnoxSecuritySolution.pdf"
36,"Samsung Mobile Security Blog (E)","https://security.samsungmobile.com/workScope.smsb","No date.","2021-11-11","https://web.archive.org/web/20211111134403/https://security.samsungmobile.com/workScope.smsb"
37,"Samsung Android Security Updates (E)","https://security.samsungmobile.com/securityUpdate.smsb","No date.","2021-11-11","https://web.archive.org/web/20211111134432/https://security.samsungmobile.com/securityUpdate.smsb"
38,"Keep your Samsung account secure 2-step verification (K)","https://account.samsung.com/membership/guide/2step/gate","No date.","2021-11-11","https://ia601400.us.archive.org/35/items/samsung-38-keep-your-samsung-account-secure-2-step-verification-k/Samsung_38_Keep%20your%20Samsung%20account%20secure%202-step%20verification%20%28K%29_November2021.pdf"
39,"Keep your Samsung account secure 2-step verification (E)","https://account.samsung.com/membership/guide/2step/gate","No date.","2021-11-11","https://web.archive.org/web/20211111134604/https://account.samsung.com/membership/guide/2step/gate"
43,"My Data-Samsung Privacy","https://privacy.samsung.com/#/mydata/overview","No date.","2021-11-03","https://web.archive.org/web/20211103134321/https://privacy.samsung.com/mydata/overview"
44,"Samsung Mobile Security","https://security.samsungmobile.com/main.smsb","No date.","2021-11-10","https://web.archive.org/web/20211111132658/https://security.samsungmobile.com/main.smsb"
46,"Where can I check my recent Login History?","https://help.content.samsung.com/csweb/faq/searchFaq.do","No date.","2021-11-11","https://ia601404.us.archive.org/30/items/samsung-46-where-can-i-check-my-recent-login-history/Samsung_46_Where%20can%20I%20check%20my%20recent%20Login%20History_November2021.pdf"
47,"What do I do if someone unauthorized accessed my account?","https://help.content.samsung.com/csweb/faq/searchFaq.do","No date.","2021-11-11","https://ia601505.us.archive.org/26/items/samsung-what-do-i-do-if-someone-unauthroized-accessed-my-account/Samsung_47_What%20do%20I%20do%20if%20someone%20unauthroized%20accessed%20my%20account_November2021.pdf"
48,"Knox certifications and guidance","https://www.samsungknox.com/en/knox-platform/knox-certifications","No date.","2021-11-10","https://web.archive.org/web/20211111132800/https://www.samsungknox.com/en/knox-platform/knox-certifications"
49,"Sustainability Report 2021 (K)","https://images.samsung.com/kdp/aboutsamsung/overview/sustainability_report_kr_2021_01.pdf","No date.","2021-10-26","https://web.archive.org/web/20211026033258/https://images.samsung.com/kdp/aboutsamsung/overview/sustainability_report_kr_2021_01.pdf"
50,"Sustainability Report 2021 (E)","https://image-us.samsung.com/SamsungUS/home/pdf/Samsung-Electronics-Sustainability-Report-2021.pdf","No date.","2021-10-26","https://web.archive.org/web/20211026031841/https://image-us.samsung.com/SamsungUS/home/pdf/Samsung-Electronics-Sustainability-Report-2021.pdf"
51,"Privacy Policy (E)","https://account.samsung.com/membership/policy/privacy","2021-03-29","2021-10-26","https://ia601408.us.archive.org/12/items/samsung-privacy-policy-e/Samsung_51_Privacy%20Policy%20%28E%29_October2021.pdf"
52,"Samsung Ads Privacy Notice(E)","https://www.samsung.com/us/account/privacy-policy/samsungads/","2020-01-01","2021-11-05","https://web.archive.org/web/20211105141838/https://www.samsung.com/us/account/privacy-policy/samsungads/"
53,"Samsung's Privacy Policy (K)","https://privacy.samsung.com/policy/samsung","2021-06-30","2021-11-05","https://web.archive.org/web/20211105145211/https://privacy.samsung.com/policy/samsung"
