﻿"SourceNr","DocumentTitle","URL","DocumentDate","DateAccessed","Saved source link"
1,"Privacy Policy (Russian)","https://yandex.ru/legal/confidential/","2021-06-21","2021-11-22","https://web.archive.org/web/20211019072301/https://yandex.ru/legal/confidential/?lang=en"
3,"Ads Settings (Russian)","https://yandex.ru/tune/adv","No date.","2021-11-09","https://web.archive.org/web/20211102051424/https://yandex.ru/tune/adv/"
4,"Cookie Settings (Russian)","https://yandex.ru/support/common/browsers-settings/browsers-cookies.html","No date.","2021-11-12","https://web.archive.org/web/20211029063151/https://yandex.ru/support/common/browsers-settings/browsers-cookies.html"
5,"Code of Business Ethics and Conduct","https://ir-docs.s3.yandex.net/governance/Code_external%20eng%20final%202020%20.pdf","2020","2021-11-12","https://web.archive.org/web/20210121081929/https://ir-docs.s3.yandex.net/governance/Code_external%20eng%20final%202020%20.pdf"
6,"Bug Bounty Program (Russian)","https://yandex.ru/bugbounty/","No date.","2021-11-12","https://web.archive.org/web/20210720050647/https://yandex.ru/bugbounty/index"
7,"Bug Bounty Program FAQ (Russian)","https://yandex.ru/support/bugbounty/","No date.","2021-11-12","https://web.archive.org/web/20211104013802/https://yandex.ru/legal/confidential/?lang=en"
8,"What HTTPS Protocol Is and How It Protects You Online (Russian)","https://yandex.ru/blog/company/77455","2014-03-12","2021-11-12","https://web.archive.org/web/20211111060908/https://yandex.ru/blog/company/77455"
9,"User Agreement for Yandex Services (Russian)","https://yandex.ru/legal/rules/?lang=ru","2020-06-04","2021-11-12","https://web.archive.org/web/20211109161643/https://yandex.ru/legal/rules/?lang=ru"
10,"User Agreement for Yandex Services (English)","https://yandex.ru/legal/rules/?lang=en","2019-07-18","2021-11-12","https://web.archive.org/web/20200806063533/https://yandex.ru/legal/rules/?lang=en"
11,"Operations History (Russian)","https://yandex.ru/blog/disk/4414","2016-01-15","2021-11-12","https://web.archive.org/web/20180615053236/https://yandex.ru/blog/disk/4414"
12,"Protection of Your Account (Russian)","https://yandex.ru/support/passport/security.html","No date.","2021-11-12","https://web.archive.org/web/20211007015236/https://yandex.ru/support/id/security.html"
13,"Safety in Mail: Protect Your Inbox","https://yandex.ru/support/mail/web/security/protect-by-myself.html","No date.","2021-11-12","https://web.archive.org/web/20211103114308/https://yandex.ru/support/mail/web/security/protect-by-myself.html"
13,"Safety in Mail: Protect Your Inbox","https://yandex.ru/support/mail/web/security/protect-by-myself.html","No date.","2021-11-12","https://web.archive.org/web/20211103114308/https://yandex.ru/support/mail/web/security/protect-by-myself.html"
14,"Check at the Entrance","https://yandex.ru/support/passport/security/login-challenge.html","No date.","2021-11-12","https://web.archive.org/web/20211022144912/https://yandex.ru/support/id/security/login-challenge.html"
15,"Safety on the Internet","https://yandex.ru/support/common/security/web-security.html","No date.","2021-11-12","https://web.archive.org/web/20211009191553/https://yandex.ru/support/common/security/web-security.html"
16,"Safety on Disk","https://yandex.ru/support/disk/security.html","No date.","2021-11-12","https://web.archive.org/web/20211022034428/https://yandex.ru/support/disk/security.html"
17,"Yandex Resources on Internet Safety","https://yandex.ru/support/common/security/security-intro.html","No date.","2021-11-12","https://web.archive.org/web/20211103041443/https://yandex.ru/support/common/security/security-intro.html"
18,"Does Yandex Have Media Influence?","https://yandex.ru/company/rules/media/","No date.","2021-11-12","https://web.archive.org/web/20190201050000/https://yandex.ru/company/rules/media/"
19,"Mission","https://yandex.ru/company/main","No date.","2021-10-26","https://web.archive.org/web/20211122115244/https://yandex.ru/company/main"
20,"Limitations on the Rights of Anonymous Content","https://yandex.ru/company/rules/anonymous_content/","No date.","2021-11-12","https://web.archive.org/web/20211031075352/https://yandex.ru/company/rules/anonymous_content/"
21,"Annual Report 2017","https://cache-man01i.cdn.yandex.net/download.cdn.yandex.net/company/annual_2017.pdf","No date.","2021-11-12","https://web.archive.org/web/2020*/https://cache-man01i.cdn.yandex.net/download.cdn.yandex.net/company/annual_2017.pdf"
23,"The Official Position of Yandex on Yarovaya's Law","https://www.searchengines.ru/ofitsialnaya-pozitsiya-yandeksa-i-raek.html","2016-06-22","2021-11-12","https://web.archive.org/web/20201024153322/https://searchengines.guru/ru/news/28196"
25,"User Agreement for Yandex Services (Russian)","https://yandex.ru/legal/rules/?lang=ru","2021-10-12","2021-11-11","https://web.archive.org/web/20210924131501/https://yandex.ru/legal/rules/?lang=ru"
26,"User Agreement for Yandex Mail (Russian)","https://yandex.ru/legal/mail_termsofuse/","2021-09-21","2021-11-22","https://web.archive.org/web/20211103162802/https://yandex.ru/legal/mail_termsofuse/"
27,"Yandex Mail Registration Page","https://passport.yandex.ru/registration?mode=register","No date.","2021-11-11","https://web.archive.org/web/20211105202250/https://passport.yandex.ru/registration?mode=register"
28,"License to Use Yandex Search Engine (Russian)","https://yandex.ru/legal/termsofuse/?lang=ru","2019-08-30","2021-11-11","https://web.archive.org/web/20210813080552/https://yandex.ru/legal/termsofuse/?lang=ru"
28,"License to Use Yandex Search Engine (Russian)","https://yandex.ru/legal/termsofuse/?lang=ru","2019-08-30","2021-11-11","https://web.archive.org/web/20210813080552/https://yandex.ru/legal/termsofuse/?lang=ru"
29,"License to Use Yandex Search Engine (English)","https://yandex.ru/legal/termsofuse/?lang=en","2019-02-14","2021-11-11","https://web.archive.org/web/20200804030333/https://yandex.ru/legal/termsofuse/?lang=en"
30,"Terms of Use of Yandex.Disk Service (Russian)","https://yandex.ru/legal/disk_termsofuse/?lang=ru","2020-06-15","2021-11-11","https://web.archive.org/web/20200919171413/https://yandex.ru/legal/disk_termsofuse/?lang=ru"
31,"Terms of Use of Yandex.Disk Service (English)","https://yandex.ru/legal/disk_termsofuse/?lang=en","2020-04-24","2021-11-11","https://web.archive.org/web/20171213152852/https://yandex.ru/legal/disk_termsofuse/?lang=en"
33,"Complain about Website Appearing as Search Result","https://yandex.ru/support/abuse/troubleshooting/search/main.html#main","No date.","2021-11-12","https://web.archive.org/web/20210824200038/https://yandex.ru/support/abuse/troubleshooting/search/main.html"
34,"Report a Violation on Yandex Disk","https://yandex.ru/support/abuse/troubleshooting/disk/list.html","No date.","2021-11-12","https://web.archive.org/web/20211112192927/https://yandex.ru/support/abuse/troubleshooting/disk/list.html"
35,"On the Responsibilities of Users and Complaints about Content","https://yandex.ru/support/common/support/complaints-about.html","No date.","2021-11-12","https://web.archive.org/web/20210218025716/https://yandex.ru/support/common/support/complaints-about.html"
36,"Right to Be Forgotten Requests","https://yandex.ru/support/abuse/troubleshooting/oblivion.html","No date.","2021-11-12","https://web.archive.org/web/20210826141532/https://yandex.ru/support/abuse/troubleshooting/oblivion.html"
38,"Your privacy","https://yandex.ru/company/privacy","No date.","2021-11-12","https://web.archive.org/web/20211030153345/https://yandex.ru/company/privacy"
39,"About (Yandex Mission) Russian","https://yandex.ru/company/main","No date.","2021-11-11","https://web.archive.org/web/20211122115244/https://yandex.ru/company/main"
40,"About (Yandex Mission)","https://yandex.com/company/general_info/yandex_today","No date.","2021-10-26","https://web.archive.org/web/20211106090545/https://yandex.com/company/general_info/yandex_today"
40,"About (Yandex Mission) English","https://yandex.com/company/general_info/yandex_today","No date.","2021-11-11","https://web.archive.org/web/20211106090545/https://yandex.com/company/general_info/yandex_today"
41,"Complaints Hotline","https://yandex.alertline.eu/gcs/welcome","No date.","2021-11-12","https://web.archive.org/web/20220121065837/https://yandex.alertline.eu/gcs/welcome"
42,"Principles of Yandex Search Ranking","https://yandex.ru/company/rules/ranking","No date.","2021-11-11","https://web.archive.org/web/20211030152355/https://yandex.ru/company/technologies"
43,"Technologies","https://yandex.ru/company/technologies","No date.","2021-11-11","https://web.archive.org/web/20211030152355/https://yandex.ru/company/technologies"
44,"Ranking and Machine Learning","https://yandex.ru/company/technologies/learning/","No date.","2021-11-11","https://web.archive.org/web/20211210112938/https://yandex.ru/company/technologies/learning/"
45,"General Terms and Conditions. Advertising Requirements","https://yandex.ru/legal/general_adv_rules/?lang=ru","2017-09-25","2021-11-11","https://web.archive.org/web/20201126140838/https://yandex.ru/legal/general_adv_rules/?lang=ru"
47,"Advertising Requirements (YandexMarket_Russian)","https://yandex.ru/legal/market_adv_rules/?lang=ru","2020-04-01","2021-11-11","https://web.archive.org/web/20201101004238/https://yandex.ru/legal/market_adv_rules/?lang=ru"
48,"Audience: Terms of Service (English)","https://yandex.com/legal/audience_tos_ch/?lang=en","2018-05-25","2021-11-11","https://web.archive.org/web/20210419040653/https://yandex.com/legal/audience_tos_ch/?lang=en"
49,"Audience: Terms of Service (Russian)","https://yandex.ru/legal/audience_tos/","2020-07-03","2021-11-11","https://web.archive.org/web/20211009222215/https://yandex.com/legal/audience_tos_ch/"
50,"Advertising Terms of Placement. Advertising Requirements (Russian)","https://yandex.ru/legal/adv_rules/","2020-04-24","2021-11-11","https://web.archive.org/web/20211024084918/https://www.yandex.ru/legal/adv_rules/"
52,"Audience Data Processing Agreement (English)","https://yandex.com/legal/audience_dpa_ch/","2018-05-25","2021-11-11","https://web.archive.org/web/20201020212150/https://yandex.com/legal/audience_dpa_ch/"
53,"Support/Audience Segment Creation","https://yandex.ru/support/audience/segments/create-from-file.html","No date.","2021-11-11","https://web.archive.org/web/20210613184926/https://yandex.ru/support/audience/segments/create-from-file.html"
54,"Annual Report 2019","https://company-docs.s3.yandex.net/prospectus/annual_2019.pdf","2020-04-02","2021-11-11","https://web.archive.org/web/20220216142007/https://company-docs.s3.yandex.net/prospectus/annual_2019.pdf"
55,"Public Interest Committee (Board of Directors) Charter","https://ir-docs.s3.yandex.net/directors/Public%20Interest%20Committee%20Charter_23122019.pdf","2019-12-23","2021-11-11","https://web.archive.org/web/20210121074243/https://ir-docs.s3.yandex.net/directors/Public%20Interest%20Committee%20Charter_23122019.pdf"
56,"Yandex on the Sovereign Internet Bill","https://yandex.ru/company/services_news/2019/2019-01-17","2019-01-17","2021-11-12","https://web.archive.org/web/20190205170723/https://yandex.ru/company/services_news/2019/2019-01-17"
57,"On the Situation Around Blockings","https://yandex.ru/blog/company/o-situatsii-s-blokirovkami","2018-04-27","2021-11-12","https://web.archive.org/web/20211225024449/https://yandex.ru/blog/company/o-situatsii-s-blokirovkami"
58,"Data Management (Yandex ID)","https://yandex.com/support/id/data.html","No date.","2021-11-10","https://web.archive.org/web/20211216202009/https://yandex.com/support/id/data.html"
59,"Company News Cyber Attack","https://yandex.com/company/press_center/press_releases/2019/2019-06-27-1","2019-06-27","2021-11-12","https://web.archive.org/web/20220216141727/https://yandex.com/company/press_center/press_releases/2019/2019-06-27-1"
60,"Information about government requests","https://yandex.ru/company/privacy/transparencyreport","No date.","2021-11-09","https://web.archive.org/web/20220208182930/https://yandex.ru/company/privacy/transparencyreport"
61,"Yandex Sustainability Report 2020","https://ir-docs.s3.yandex.net/sustainability/2020%20Yandex%20Sustainability%20Report.pdf","2020","2021-11-11","https://web.archive.org/web/20220121064225/https://ir-docs.s3.yandex.net/sustainability/2020%20Yandex%20Sustainability%20Report.pdf"
62,"Yandex Annual Report 2020","https://ir.yandex/latest-annual-report","2020","2021-10-26","https://web.archive.org/web/20210904205936/https://ir-docs.s3.yandex.net/main/Yandex%2020-F%202020.pdf"
63,"Yandex Transparency Report 2020 ""Information about government requests” (Russian)","https://yandex.ru/company/privacy/transparencyreport","No date.","2021-11-09","https://web.archive.org/web/20220208182930/https://yandex.ru/company/privacy/transparencyreport"
64,"Yandex Transparency Report 2020 (English)","https://yandex.com/company/privacy/transparencyreport","2020","2021-11-12","https://web.archive.org/web/20210817214015/https://yandex.com/company/privacy/transparencyreport"
65,"Technologies/Matrixnet","https://yandex.ru/company/technologies/matrixnet/","No date.","2021-11-11","https://web.archive.org/web/20210813150725/https://yandex.ru/company/technologies/matrixnet/"
66,"Deleting Data (Yandex ID)","https://yandex.com/support/id/deleting-data.html","No date.","2021-11-22","https://web.archive.org/web/20211126142503/https://yandex.com/support/id/deleting-data.html"
67,"Deleting your account","https://yandex.com/support/id/delete.html","No date.","2021-11-22","https://web.archive.org/web/20211126145637/https://yandex.com/support/id/delete.html"
68,"Company Principles (Values)","https://yandex.ru/company/values","No date.","2021-11-22","https://web.archive.org/web/20211121054019/https://yandex.ru/company/values"
69,"Yandex appoints Chief Privacy Officer","https://yandex.com/company/press_center/press_releases/2021/27-05-2021","2021-05-27","2021-11-28","https://web.archive.org/web/20211201215030/https://yandex.com/company/press_center/press_releases/2021/27-05-2021"
70,"Yandex AI Principles","https://ai.yandex.com/","No date.","2022-01-31","https://web.archive.org/web/20220217101252/https://ai.yandex.com/"
71,"Corporate Governance Committee Charter","https://ir-docs.s3.yandex.net/directors/Corporate%20Governance%20Committee%20Charter_upd%2023%20July%202020.pdf","2020-07-23","2022-02-02","https://web.archive.org/web/20210121083818/https://ir-docs.s3.yandex.net/directors/Corporate%20Governance%20Committee%20Charter_upd%2023%20July%202020.pdf"
72,"Federal Laws No. 156-FZ dated July 1, 2017, No. 276-FZ dated July 29, 2017","https://yandex.ru/support/law/fz-156-fz-276.html","No date.","2022-02-03","https://web.archive.org/web/20220216141646/https://yandex.ru/support/law/fz-156-fz-276.html"
