﻿"SourceNr","DocumentTitle","URL","DocumentDate","DateAccessed","Saved source link"
1,"Tencent Service Agreement (Chinese)/腾讯服务协议","http://www.qq.com/contract.shtml","No date.","2021-11-01","https://web.archive.org/web/20211101043911/https://www.qq.com/contract.shtml"
2,"Tencent Corporate Social Responsibility Report 2019 (Chinese)/腾讯企业社会责任报告 2019","https://static.www.tencent.com/uploads/2020/11/20/080fa12557087ba52b7ac4bef6504359.pdf","2020-11-20","2021-11-01","https://web.archive.org/web/20211101054210/https://static.www.tencent.com/uploads/2020/11/20/080fa12557087ba52b7ac4bef6504359.pdf"
3,"Tencent Corporate Social Responsibility Report 2019 (English)","https://static.www.tencent.com/uploads/2020/11/20/104a5d175e6310f6373605015082993e.pdf","2020-11-20","2021-11-01","https://web.archive.org/web/20211101054401/https://static.www.tencent.com/uploads/2020/11/20/104a5d175e6310f6373605015082993e.pdf"
4,"Corporate Responsibility-User Privacy and Data Protection (Chinese)/企业责任用户隐私与数据保护","https://tencent.com/zh-cn/responsibility/user-privacy-and-data-protection.html","No date.","2021-11-01","https://web.archive.org/web/20211101062120/https://www.tencent.com/zh-cn/responsibility/user-privacy-and-data-protection.html"
5,"Corporate Responsibility-User Privacy and Data Protection (English)","https://tencent.com/en-us/responsibility/user-privacy-and-data-protection.html","No date.","2021-11-01","https://web.archive.org/web/20211101062350/https://www.tencent.com/en-us/responsibility/user-privacy-and-data-protection.html"
6,"Tencent Privacy Protection Platform-Privacy Policy (Chinese) /腾讯隐私保护平台-隐私政策","https://privacy.qq.com/","2020-12-21","2021-11-01","https://web.archive.org/web/20211101224051/https://privacy.qq.com/"
7,"Tencent Privacy Protection Platform-Privacy Policy (English)","https://www.qq.com/yszc-en.htm","2018-06-13","2021-11-01","https://web.archive.org/web/20211101062735/https://www.qq.com/yszc-en.htm"
8,"Qzone Terms of Service/QQ空间服务协议","https://qzone.qq.com/web/tk.html","No date.","2021-11-03","https://web.archive.org/web/20211103080837/https://qzone.qq.com/web/tk.html"
9,"QQ Software License and Service Agreement/QQ软件许可及服务协议","https://ti.qq.com/agreement/index.html","No date.","2021-11-03","https://web.archive.org/web/20210801073438/https://ti.qq.com/agreement/index.html"
10,"QQ Number Rules/QQ号码规则","https://ssl.zc.qq.com/chs/agreement1_chs.html","No date.","2021-11-03","https://web.archive.org/web/20211103081156/https://ssl.zc.qq.com/chs/agreement1_chs.html"
11,"QQ Group Service Agrement/QQ群服务协议","https://ti.qq.com/agreement/qqface.html?appname=mqq_qun_2019","No date.","2021-11-03","https://web.archive.org/web/20211103081316/https://ti.qq.com/agreement/qqface.html?appname=mqq_qun_2019"
12,"Agreement on Software License and Service of Tencent Weixin (WeChat simplified Chinese)/腾讯微信软件许可及服务协议","https://weixin.qq.com/cgi-bin/readtemplate?lang=zh_CN&t=weixin_agreement&s=default","No date.","2021-11-03","https://web.archive.org/web/20211103081413/https://weixin.qq.com/cgi-bin/readtemplate?lang=zh_CN&t=weixin_agreement&s=default"
13,"Agreement on Software License and Service of Tencent Weixin (Wexin English)","https://weixin.qq.com/cgi-bin/readtemplate?lang=en&t=weixin_agreement&s=default&cc=CN","No date.","2021-11-03","https://web.archive.org/web/20210503103943/https://weixin.qq.com/cgi-bin/readtemplate?lang=en&t=weixin_agreement&s=default&cc=CN"
14,"Standards of Weixin (WeChat) Account Usage (simplified Chinese) /微信个人帐号使用规范","https://weixin.qq.com/cgi-bin/readtemplate?&t=page/agreement/personal_account&lang=zh_CN","2021-07-20","2021-11-03","https://web.archive.org/web/20211005220027/https://weixin.qq.com/cgi-bin/readtemplate?t=page%2Fagreement%2Fpersonal_account&lang=zh_CN"
15,"Standards of Weixin (WeChat) Account Usage (English)","https://weixin.qq.com/cgi-bin/readtemplate?&t=page/agreement/personal_account&lang=en_US","No date.","2021-11-03","https://web.archive.org/web/20211103081644/https://weixin.qq.com/cgi-bin/readtemplate?t=page%2Fagreement%2Fpersonal_account&lang=en_US"
16,"Tencent WeiYun (Tencent Cloud) Software License and Service Agreement/腾讯微云许可及服务协议","https://www.weiyun.com/xy.html","No date.","2021-11-03","https://web.archive.org/web/20211016193518/https://www.weiyun.com/xy.html"
17,"Weixin (WeChat) Privacy Protection Guidelines (simplified Chinese)/微信隐私保护指引","https://weixin.qq.com/cgi-bin/readtemplate?lang=zh_CN&t=weixin_agreement&s=privacy","2021-10-29","2021-11-01","https://web.archive.org/web/20220216131005/https://weixin.qq.com/readtemplate?lang=zh_CN&t=weixin_agreement&s=privacy_1029"
18,"Weixin (WeChat) Privacy Protection Guideline (English)","https://weixin.qq.com/cgi-bin/readtemplate?lang=en&t=weixin_agreement&s=privacy&cc=CN","2020-09-09","2021-11-01","https://web.archive.org/web/20211101065842/https://weixin.qq.com/cgi-bin/readtemplate?lang=en&t=weixin_agreement&s=privacy&cc=CN"
19,"Tencent Privacy Protection Platform-Privacy Protection Guidelines (Chinese)/腾讯隐私保护平台-隐私保护指引","https://privacy.qq.com/policy/apps-privacypolicy","No date.","2021-11-03","https://ia601406.us.archive.org/18/items/tencent-19-tencent-privacy-protection-platform-privacy-protection-guidelines-chi/Tencent_19_TencentPrivacyProtectionPlatformPrivacyProtectionGuidelinesChinese_13November2021.pdf"
20,"Tencent Cookie Policy/腾讯Cookie政策","https://privacy.qq.com/policy/cookie-privacypolicy","No date.","2021-12-06","https://web.archive.org/web/20211220094345/https://privacy.qq.com/policy/cookie-privacypolicy"
21,"Tencent Intellectual Property Rights Protection Platform/腾讯知识产权保护平台","https://ipr.tencent.com/","No date.","2021-12-06","https://web.archive.org/web/20211026210745/https://ipr.tencent.com/"
22,"Tencent Intellectual Property Rights Protection Guidelines/腾讯知识产权维权指引","https://ipr.tencent.com/complain","No date.","2021-12-06","https://web.archive.org/web/20210817040928/https://ipr.tencent.com/complain"
23,"Tencent Product Privacy Management Guidelines for QQ/QQ产品隐私管理指引","https://privacy.qq.com/user-center/admin-guidline","No date.","2021-12-06","https://archive.org/details/tencent-product-privacy-management-guidelines-for-qq"
25,"Tencent Product Privacy Management Guidelines for WeChat/WeChat产品隐私管理指引","https://privacy.qq.com/user-center/admin-guidline","No date.","2021-12-06","https://web.archive.org/web/20220216132419/https://privacy.qq.com/user-center/admin-guidline"
27,"QQ Privacy Protection Guidelines/QQ隐私保护指引","https://docs.qq.com/doc/DQVFLeGd4Ym1oTm5P?pub=1&dver=2.1.27013722","2021-03-29","2021-11-01","https://ia601500.us.archive.org/31/items/qq-privacy-protection-guidelines-qq_202202/QQ%20Privacy%20Protection%20Guidelines%3AQQ%E9%9A%90%E7%A7%81%E4%BF%9D%E6%8A%A4%E6%8C%87%E5%BC%95.pdf"
28,"Children's Privacy Protection Statement/儿童隐私保护声明","https://privacy.qq.com/privacy-children.htm","No date.","2021-11-13","https://ia601507.us.archive.org/5/items/tencent-29-childrens-privacy-protection-statement-13-november-2021/Tencent_29_ChildrensPrivacyProtectionStatement_13November2021.pdf"
29,"Tencent Privacy Protection Platform-About Our Advertising (Chinese)/腾讯隐私保护平台-关于广告","https://privacy.qq.com/advertisement.htm","No date.","2021-11-03","https://web.archive.org/web/20211103083928/https://privacy.qq.com/advertisement.htm"
30,"Tencent Privacy Protection Platform-About Our Advertising (English)","https://privacy.qq.com/advertisement-en.htm","No date.","2021-11-03","https://web.archive.org/web/20210420043547/https://privacy.qq.com/advertisement-en.htm"
31,"Tencent Advertising Personalized Management (Opt-out)/腾讯广告个性化管理","https://ads.privacy.qq.com/ads/optout.html?v1","No date.","2021-11-03","https://web.archive.org/web/20210619211337/https://ads.privacy.qq.com/ads/optout.html?v1"
32,"Homepage of Tencent QQ.COM","https://www.qq.com/","No date.","2021-11-02","https://web.archive.org/web/20211103075146/https://www.qq.com/"
33,"Website for Tencent's Investors (English)","https://www.tencent.com/en-us/index.html","No date.","2021-11-02","https://web.archive.org/web/20211102111956/https://www.tencent.com/en-us/index.html"
34,"Privacy Policy (Traditional Chinese)/私隱政策","https://www.tencent.com/zh-hk/privacy-policy.html","2020-10-01","2021-11-02","https://web.archive.org/web/20211103080221/https://www.tencent.com/zh-hk/privacy-policy.html"
35,"Privacy Policy (English)","https://www.tencent.com/en-us/privacy-policy.html","2020-10-01","2021-11-02","https://web.archive.org/web/20211029040209/https://www.tencent.com/en-us/privacy-policy.html"
36,"Qzone Login Webpage/QQ空间登录页面","https://qzone.qq.com","No date.","2021-11-02","https://ia601409.us.archive.org/25/items/qq_20220216/QQ%E7%A9%BA%E9%97%B4-%E5%88%86%E4%BA%AB%E7%94%9F%E6%B4%BB%EF%BC%8C%E7%95%99%E4%BD%8F%E6%84%9F%E5%8A%A8.pdf"
37,"Tencent Legal Statement (for Investors)","https://www.tencent.com/en-us/statement.html","No date.","2021-11-02","https://web.archive.org/web/20211102133717/https://www.tencent.com/en-us/statement.html"
38,"QQ Service Homepage","https://im.qq.com/","No date.","2021-11-03","https://web.archive.org/web/20211101235846/https://im.qq.com/index"
39,"QQ International Homepage","https://international.qq.com/index.html","No date.","2021-11-03","https://web.archive.org/web/20211103085636/https://www.imqq.com/index.html"
40,"QQ International Privacy Policy (Chinese) / QQ国际版隐私政策","https://docs.qq.com/doc/DUndxVXdJS0ZyTm5o?pub=1&dver=2.1.27035434","2020-02-11","2021-11-01","https://web.archive.org/web/20211103050909/https://docs.qq.com/doc/DUndxVXdJS0ZyTm5o?pub=1&dver=2.1.27035434"
41,"QQ International Privacy Policy (English)","https://docs.qq.com/doc/DQUpVeGNoYk9NZXBX?pub=1&dver=2.1.27114423","2020-02-11","2021-11-01","https://web.archive.org/web/20211103051218/https://docs.qq.com/doc/DQUpVeGNoYk9NZXBX?pub=1&dver=2.1.27114423"
42,"Homepage of Wexin (WeChat)","https://weixin.qq.com/","No date.","2021-11-03","https://web.archive.org/web/20211103090318/https://weixin.qq.com/"
43,"Homepage of Weiyun (Tencent Cloud)","https://www.weiyun.com","No date.","2021-11-03","https://web.archive.org/web/20211103090355/https://www.weiyun.com/"
44,"Homepage of WeChat International (English)","https://www.wechat.com/","No date.","2021-11-03","https://web.archive.org/web/20211103090847/https://www.wechat.com/"
45,"WeChat International Privacy Policy (English)","https://www.wechat.com/en/privacy_policy.html","2021-08-19","2021-11-03","https://web.archive.org/web/20211103090935/https://www.wechat.com/en/privacy_policy.html"
46,"WeChat International Privacy Policy (Traditional Chinese for Hong Kong) /WeChat隱私政策","https://www.wechat.com/zh_HK/privacy_policy.html","2021-08-19","2021-11-03","https://web.archive.org/web/20211103091049/https://www.wechat.com/zh_HK/privacy_policy.html"
47,"WeChat International Terms of Service (English)","https://www.wechat.com/en/service_terms.html","2021-08-19","2021-11-03","https://web.archive.org/web/20211103091141/https://www.wechat.com/en/service_terms.html"
48,"WeChat International Terms of Service (Traditional Chinese for Hong Kong)","https://www.wechat.com/zh_HK/service_terms.html","2021-08-19","2021-11-03","https://web.archive.org/web/20210708004735/https://www.wechat.com/zh_HK/service_terms.html"
49,"Tencent Privacy Protection Platform Homepage/腾讯隐私保护平台首页","https://privacy.qq.com/home","No date.","2021-12-03","https://web.archive.org/web/20220216150142/https://privacy.qq.com/home"
51,"Tencent Customer Service - Search Result of ""Security"" / 腾讯客服 - 关键字“安全”的搜索结果","http://kf.qq.com/kf_search.html?search_key=%E5%AE%89%E5%85%A8&code=","No date.","2021-11-03","https://web.archive.org/web/20211103091414/https://kf.qq.com/kf_search.html?search_key=%E5%AE%89%E5%85%A8&code="
52,"Tencent Guardian - Security Class/腾讯卫士 - 安全课堂","https://110.qq.com/lesson.html","2021-10-21","2021-11-03","https://web.archive.org/web/20211103091537/https://110.qq.com/lesson.html"
53,"Tencent Customer Service - Account Protection - QQ Account /腾讯客服-帐号保护 - QQ帐号","https://kf.qq.com/product/zhzh.html#hid=1391","No date.","2021-11-13","https://ia601409.us.archive.org/5/items/tencent-52-tencent-customer-service-account-protection-qqaccount-13-november-2021/Tencent_52_TencentCustomerServiceAccountProtectionQQAccount_13November2021.pdf"
54,"Tencent Customer Service /腾讯客服","https://kf.qq.com","No date.","2021-11-03","https://web.archive.org/web/20211103091758/https://kf.qq.com/"
55,"Tencent Customer Service - QZone - How to Protect Security of QZone /腾讯客服 - QQ空间 - 如何保护QQ空间使用安全？","https://kf.qq.com/faq/161222YFfMZr161222fEv2ue.html","No date.","2021-11-03","https://web.archive.org/web/20211103091905/https://kf.qq.com/faq/161222YFfMZr161222fEv2ue.html"
56,"WeiXin (WeChat) Security Center/ 微信安全","https://weixin110.qq.com/security/readtemplate?t=security_center_website/index&","No date.","2021-11-03","https://web.archive.org/web/20211103092400/https://weixin110.qq.com/security/readtemplate?t=security_center_website%2Findex"
57,"WeiXin (WeChat) Security Center - Security School / 微信安全 - 安全学堂","https://weixin110.qq.com/security/readtemplate?t=security_center_website/school","No date.","2021-11-04","https://web.archive.org/web/20211104065539/https://weixin110.qq.com/security/readtemplate?t=security_center_website%2Fschool"
58,"QQ Security Center /QQ安全中心","https://aq.qq.com/cn2/index","No date.","2021-11-04","https://web.archive.org/web/20211028033706/https://aq.qq.com/cn2/index"
59,"Tencent Guardian/腾讯卫士","https://110.qq.com/","No date.","2021-11-04","https://web.archive.org/web/20211104065850/https://110.qq.com/"
60,"QQ FAQ page - How do I check my QQ login history?","http://kf.qq.com/faq/120322fu63YV130422f2uMNn.html","No date.","2021-11-04","https://web.archive.org/web/20211104070004/https://kf.qq.com/faq/120322fu63YV130422f2uMNn.html"
61,"QQ Security Center Mobile App Introduction Webpage / QQ安全中心手机版介绍","https://aq.qq.com/cn2/manage/mbtoken/mbtoken_home?source_id=2228","No date.","2021-11-04","https://web.archive.org/web/20211104070104/https://aq.qq.com/cn2/manage/mbtoken/mbtoken_home?source_id=2228"
62,"Tencent Security Response Center/腾讯安全应急响应中心","https://security.tencent.com/index.php","No date.","2021-11-04","https://web.archive.org/web/20211104070154/https://security.tencent.com/index.php"
63,"Tencent External Threat Intelligence Handling Procedure/TSRC 漏洞处理和评分标准","https://security.tencent.com/uploadimg_dir/other/TSRC.pdf","2020-05-21","2021-11-04","https://ia601503.us.archive.org/25/items/tsrc_20220216/TSRC%3A%E5%A8%81%E8%83%81%E7%A8%8B%E5%BA%A6%20.pdf"
64,"Tencent Service Agreement (Traditional Chinese)/ 騰訊服務協議","https://www.tencent.com/zh-cn/service-agreement.html","2014-08-01","2021-11-04","https://web.archive.org/web/20211104070422/https://www.tencent.com/zh-cn/service-agreement.html"
65,"Tencent Service Agreement (English)","https://www.tencent.com/en-us/service-agreement.html","2014-08-01","2021-11-04","https://web.archive.org/web/20211029063823/https://www.tencent.com/en-us/service-agreement.html"
66,"QZone Homepage After Login","https://user.qzone.qq.com/","No date.","2021-11-04","https://web.archive.org/web/20211114070141/https://i.qq.com/"
67,"Promise to Resist Ilegal Advertising /抵制违法广告承诺书","https://www.qq.com/dzwfggcns.htm","2014-07-15","2021-11-04","https://web.archive.org/web/20211103222047/https://www.qq.com/dzwfggcns.htm"
68,"Homepage of Tencent Adertising /腾讯广告","https://e.qq.com/ads/","No date.","2021-11-04","https://web.archive.org/web/20211104070722/https://e.qq.com/ads/"
69,"WeiXin (WeChat) Official Account Admin Platform Terms of Service (Chinese)/ 微信公众平台服务协议","https://mp.weixin.qq.com/cgi-biNo date. nnounce?action=getannouncement&key=1503979103&version=1&lang=zh_CN&platform=2","No date.","2021-11-04","https://web.archive.org/web/20211103005354/https://mp.weixin.qq.com/cgi-bin/announce?action=getannouncement&key=1503979103&version=1&lang=zh_CN&platform=2"
70,"WeiXin (WeChat) Official Account Admin Platform – Terms of Service (English)","https://mp.weixin.qq.com/cgi-biNo date. nnounce?action=getannouncement&key=11531365616REOE3&version=1&lang=zh_CN&platform=2","No date.","2021-11-04","https://web.archive.org/web/20211104070923/https://mp.weixin.qq.com/cgi-bin/announce?action=getannouncement&key=11531365616REOE3&version=1&lang=zh_CN&platform=2"
71,"WeChat Official Account Operation Rules /微信公众平台运营规范","https://mp.weixin.qq.com/cgi-bin/readtemplate?t=business/faq_operation_tmpl&type=info&lang=zh_CN&token=","No date.","2021-11-04","https://web.archive.org/web/20211104071007/https://mp.weixin.qq.com/mp/opshowpage?action=newoplaw"
72,"QQ Terms of Service for International Users (traditional Chinese) / 服务条款","https://international.qq.com/mobile/terms/terms.html","2018-05-15","2021-11-04","https://web.archive.org/web/20211026210801/https://www.imqq.com/mobile/terms/terms.html?language=ch_simple"
73,"QQ Terms of Service for International Users (English)","https://international.qq.com/mobile/terms/terms.html?language=English","2018-05-15","2021-11-08","https://web.archive.org/web/20211104071258/https://www.imqq.com/mobile/terms/terms.html?language=en"
74,"Tencent 110 - FAQ - Report /腾讯110 - 常见问题 - 举报","https://110.qq.com/faq.html","No date.","2021-11-08","https://web.archive.org/web/20211108090014/https://110.qq.com/faq.html"
75,"Tencent 110 - FAQ - Report Records/腾讯110 - 常见问题 - 举报记录","https://110.qq.com/faq.html","No date.","2021-11-08","https://web.archive.org/web/20211108090014/https://110.qq.com/faq.html"
76,"Wechat Personal User Infringement Complaint Guidelines/微信个人用户侵权投诉指引","https://support.weixin.qq.com/cgi-bin/mmsupport-bin/readtemplate?t=page/security_center__personal_infringement","No date.","2021-11-08","https://web.archive.org/web/20211108090230/https://support.weixin.qq.com/cgi-bin/mmsupport-bin/readtemplate?t=page%2Fsecurity_center__personal_infringement"
77,"WeChat Security Center - How to File Complaint for Infringement against Personal Account / 如何进行微信个人帐号侵权投诉","https://weixin110.qq.com/security/readtemplate?t=person_report/guide","No date.","2021-11-08","https://web.archive.org/web/20211108090326/https://weixin110.qq.com/security/readtemplate?t=person_report%2Fguide"
78,"QZone User Rules /QQ空间使用规则","https://qzone.qq.com/web/rule.html","No date.","2021-11-08","https://web.archive.org/web/20211108090441/https://qzone.qq.com/web/rule.html"
79,"Rules of Penalties for Infringements by Advertisers on Tencent Advertising Platform v2.3 /腾讯广告平台广告主违规处罚条例v2.3","https://e.qq.com/ads/helpcenter/detail?cid=579&pid=2086","2021-04-21","2021-11-08","https://web.archive.org/web/20211108090542/https://e.qq.com/ads/helpcenter/detail/?cid=579&pid=2086"
80,"Rules of Sampling Inspection for Products Advertised by Wholesale E-Commerce Merchants /大货电商广告商品检验管理规范","https://e.qq.com/ads/helpcenter/detail?cid=700&pid=2105","No date.","2021-11-08","https://ia601506.us.archive.org/25/items/tencent-81-rules-of-sampling-inspectionfor-products-advertisedby-wholesale-ecomm/Tencent_81_RulesOfSamplingInspectionforProductsAdvertisedbyWholesaleECommerceMerchants_13November2021.pdf"
81,"Tencent Customer Service --- FAQ: What to do if QZone shows it's blocked permanently? /QQ空间提示永久封闭怎么办？","https://kf.qq.com/faq/1612226nMv6J161222IRNfER.html","No date.","2021-11-08","https://web.archive.org/web/20211108091243/https://kf.qq.com/faq/1612226nMv6J161222IRNfER.html"
82,"Tencent Customer Service FAQ:QZoneLogsNotApproved /QQ空间日志审核不通过有哪些原因，怎么申诉？","https://kf.qq.com/faq/161221EBfUV3161221AnuMry.html","No date.","2021-11-08","https://web.archive.org/web/20211108091344/https://kf.qq.com/faq/161221EBfUV3161221AnuMry.html"
83,"Tencent Customer Service FAQ：Weixin Official Account Rights Infringement Appeal/公众号侵权申诉","https://kf.qq.com/faq/171211F3YNNj171211ZBNrUb.html","No date.","2021-11-08","https://web.archive.org/web/20211108091518/https://kf.qq.com/faq/171211F3YNNj171211ZBNrUb.html"
84,"Tencent Ads Review General Rule and Regulation/ 广告审核总则及规范","https://e.qq.com/ads/helpcenter/detail?cid=551&pid=1767","No date.","2021-11-09","https://web.archive.org/web/20210127110204/https://e.qq.com/ads/helpcenter/detail/?cid=551&pid=1767"
85,"Basic Compliance Requirement from Ads Law/基于广告法的基本合规要求","https://e.qq.com/ads/helpcenter/detail?cid=423&pid=1924","No date.","2021-11-09","https://web.archive.org/web/20211109034142/https://e.qq.com/ads/helpcenter/detail/?cid=423&pid=1924"
86,"Products Prohibited to Promote by Laws and Regulations/法律法规禁止推广产品","https://e.qq.com/ads/helpcenter/detail?cid=475&pid=1976","No date.","2021-11-09","https://web.archive.org/web/20211109034322/https://e.qq.com/ads/helpcenter/detail/?cid=475&pid=1976"
87,"Products Prohibited on Tencent Ads Platform/腾讯广告平台禁止接入产品","https://e.qq.com/ads/helpcenter/detail?cid=476&pid=1977","No date.","2021-11-09","https://web.archive.org/web/20211109034520/https://e.qq.com/ads/helpcenter/detail/?cid=476&pid=1977"
88,"Dating Ads Review Regulation/婚恋行业审核规则","https://e.qq.com/ads/helpcenter/detail?cid=458&pid=1960","No date.","2021-11-09","https://web.archive.org/web/20211109035551/https://e.qq.com/ads/helpcenter/detail/?cid=458&pid=1960"
89,"Tencent 110 Rule Violating Accounts Crackdown Report of September 2021/腾讯卫士违规账号打击公示2021年九月","https://110.qq.com/article_detail.html?id=0AC814E9C70F9C25A4E1","No date.","2021-11-09","https://web.archive.org/web/20211109040346/https://110.qq.com/article_detail.html?id=0AC814E9C70F9C25A4E1"
90,"Tencent 110 Rule Violating Accounts Crackdown Report of August 2021/腾讯110违规账号打击公示2021年八月","https://110.qq.com/article_detail.html?id=60F0028B086159DF7C86","No date.","2021-11-09","https://web.archive.org/web/20211109040758/https://110.qq.com/article_detail.html?id=60F0028B086159DF7C86"
91,"Tencent 110 Rule Violating Accounts Crackdown Report of July 2021/腾讯卫士违规账号打击公示2021年七月","https://110.qq.com/article_detail.html?id=1214AB508D8E184FBA71","No date.","2021-11-09","https://web.archive.org/web/20211109041114/https://110.qq.com/article_detail.html?id=1214AB508D8E184FBA71"
92,"Tencent Ads Targeting/腾讯广告定向能力","https://e.qq.com/ads/helpcenter/detail?cid=503&pid=1771","No date.","2021-11-09","https://web.archive.org/web/20211109041220/https://e.qq.com/ads/helpcenter/detail/?cid=503&pid=1771"
93,"Weixin Ads Targeting/微信广告定向人群","https://ad.weixin.qq.com/guide/3400","No date.","2021-11-09","https://web.archive.org/web/20211109041627/https://ad.weixin.qq.com/guide/3400"
94,"QQ User Report(Flagging) Function/QQ用户举报功能","https://kf.qq.com/faq/161227viue2M1612276jAFNB.html","No date.","2021-11-09","https://web.archive.org/web/20211109041813/https://kf.qq.com/faq/161227viue2M1612276jAFNB.html"
95,"QZoneOfficialAccountRecommendation and Exposure/QZone公众空间推荐与曝光","https://kf.qq.com/faq/160824QjQvAr160824zaAN3a.html","No date.","2021-11-09","https://web.archive.org/web/20211109042107/https://kf.qq.com/faq/160824QjQvAr160824zaAN3a.html"
96,"Wexin Official Account Rights Infringement Procedure Guidance/微信公众号侵权投诉指引流程","https://kf.qq.com/faq/161221niyAnQ161221EVb2Qr.html","No date.","2021-11-09","https://web.archive.org/web/20211109041928/https://kf.qq.com/faq/161221niyAnQ161221EVb2Qr.html"
97,"Tencent CopyRights Protection Guidelines/腾讯版权保护指引","https://www.qq.com/copyright.shtml","No date.","2021-11-09","https://web.archive.org/web/20211108233805/https://www.qq.com/copyright.shtml"
98,"WeChat Official Account Rights Infringement Q&A Collection/公众号侵权疑难解答汇总","https://kf.qq.com/faq/170113QF7BVJ170113NvAJvA.html","No date.","2021-11-09","https://web.archive.org/web/20211109042417/https://kf.qq.com/faq/170113QF7BVJ170113NvAJvA.html"
99,"Tencent Corporate Social Responsibility Report 2020 (Chinese)/腾讯企业社会责任报告 2020","https://static.www.tencent.com/uploads/2021/10/26/2e29750b827f03d6cc6cde3ba2b69bf0.pdf","2021-10-26","2021-11-01","https://web.archive.org/web/20211101052131/https://static.www.tencent.com/uploads/2021/10/26/2e29750b827f03d6cc6cde3ba2b69bf0.pdf"
100,"Tencent Privacy Computing White Paper 2021/腾讯隐私计算白皮书2021","https://new.qq.com/omn/20210502/20210502A06BL700.html","2021-05-02","2021-11-10","https://web.archive.org/web/20211110020416/https://new.qq.com/omn/20210502/20210502A06BL700.html"
101,"Tencent SDK Privacy Policies and Third Party Catalogue /腾讯SDK隐私政策及第三方目录","https://privacy.qq.com/policy/sdk-privacypolicy","No date.","2021-11-10","https://ia601506.us.archive.org/23/items/tencent-101-tencent-sdkprivacy-policiesand-third-party-catalogue-13-november-2021/Tencent_101_TencentSDKPrivacyPoliciesandThirdPartyCatalogue_13November2021.pdf"
102,"【Android】QQ Third Party Information Sharing List /【Android】QQ第三方信息共享清单","https://docs.qq.com/doc/p/f8582a8418496e9313ccb5077baf47657d33f118?dver=2.1.27246538","No date.","2021-11-10","https://web.archive.org/web/20211110091314/https://docs.qq.com/doc/p/f8582a8418496e9313ccb5077baf47657d33f118?dver=2.1.27246538"
103,"(WeChat) List of Information Shared for Advertisement/(微信)广告共享信息清单","https://weixin.qq.com/cgi-bin/readtemplate?t=ad_shared_info_list&lang=zh_CN","No date.","2021-11-10","https://web.archive.org/web/20211110092731/https://weixin.qq.com/cgi-bin/readtemplate?t=ad_shared_info_list&lang=zh_CN"
104,"(Weixin) Third Party Catalogue/(微信)第三方 SDK 目录","https://weixin.qq.com/cgi-bin/readtemplate?t=3rdsdk_list&lang=zh_CN","No date.","2021-11-10","https://web.archive.org/web/20211110092838/http://web.archive.org/screenshot/https://weixin.qq.com/cgi-bin/readtemplate?t=3rdsdk_list&lang=zh_CN"
105,"Tencent WeiYun (Tencent Cloud) Privacy Protection Guidelines /腾讯微云隐私保护指引","https://www.weiyun.com/xy-privacy.html","2021-11-02","2021-11-12","https://web.archive.org/web/20211112015410/https://www.weiyun.com/xy-privacy.html"
106,"Tencent SDK Privacy Protection Guidelines /腾讯SDK隐私保护指引","https://privacy.qq.com/document/priview/bdf936b2477a45ff86da57e3d988bc2b","2021-08-23","2021-11-12","https://web.archive.org/web/20211112022703/https://privacy.qq.com/document/priview/bdf936b2477a45ff86da57e3d988bc2b"
107,"Weixin Ads Banned by Laws and the Platform /微信广告-法律及平台禁投","https://ad.weixin.qq.com/guide/73","No date.","2021-11-12","https://web.archive.org/web/20211112090443/https://ad.weixin.qq.com/guide/73"
108,"Weixin Ads Laws and Platform Rules /微信广告-法律及平台规范","https://ad.weixin.qq.com/guide/46","No date.","2021-11-12","https://web.archive.org/web/20211112090548/https://ad.weixin.qq.com/guide/46"
109,"Weixin Ads Penalties for Advertisers Violating Rules/微信广告-广告主违规处罚","https://ad.weixin.qq.com/guide/58","No date.","2021-11-12","https://web.archive.org/web/20211112090055/http://ad.weixin.qq.com/guide/58"
110,"Tencent Cloud (Weiyun) Third Party Information Sharing List /微云第三方信息共享清单","https://docs.qq.com/doc/p/1113424a0a7c7b78133263e0a098a15b812eca9b?dver=2.1.27237808","No date.","2021-12-06","https://ia601506.us.archive.org/13/items/20220216_20220216_1533/%E5%BE%AE%E4%BA%91%E7%AC%AC%E4%B8%89%E6%96%B9%E4%BF%A1%E6%81%AF%E5%85%B1%E4%BA%AB%E6%B8%85%E5%8D%95.png"
111,"Tencent Privacy Protection Platform Product Privacy Management Guidelines/产品隐私管理指引","https://privacy.qq.com/user-center/admin-guidline","No date.","2021-12-06","https://web.archive.org/web/20220216132419/https://privacy.qq.com/user-center/admin-guidline"
