﻿"SourceNr","DocumentTitle","URL","DocumentDate","DateAccessed","Saved source link"
,"Daum 서비스 약관 [ToS]","http://policy.daum.net/info/info?type=daum","2020-11-03","2021-11-07","https://web.archive.org/save/https://policy.daum.net/info/info?type=daum"
,"Daum 운영정책 [Operation Policy]","http://policy.daum.net/operation_policy/operation_policy","No date.","2021-11-07","https://web.archive.org/save/https://policy.daum.net/operation_policy/operation_policy"
,"Kakao 통합 약관 [Comprehensive ToS]","https://www.kakao.com/policy/kakaoTerms?type=t&version=simple&lang=ko","2021-06-16","2021-11-07","https://web.archive.org/save/https://www.kakao.com/policy/kakaoTerms?type=t&version=simple&lang=ko"
,"Kakao Comprehensive ToS (English)","https://www.kakao.com/policy/kakaoTerms?lang=en","2021-06-16","2021-11-07","https://web.archive.org/save/https://www.kakao.com/policy/kakaoTerms?lang=en"
,"Kakao 서비스 약관 [ToS]","http://www.kakao.com/policy/kakaoTerms?type=s&version=simple&lang=ko","2021-08-02","2021-11-03","https://web.archive.org/save/https://www.kakao.com/policy/kakaoTerms?type=s&version=simple&lang=ko"
,"Kakao ToS (Eng)","http://www.kakao.com/policy/kakaoTerms?type=s&version=simple&lang=en","2021-08-02","2021-11-03","https://web.archive.org/save/https://www.kakao.com/policy/kakaoTerms?type=s&version=simple&lang=en"
,"Kakao 운영정책 [Operation Policy]","https://www.kakao.com/policy/oppolicy?lang=ko","No date.","2021-11-07","https://web.archive.org/save/https://www.kakao.com/policy/oppolicy?lang=ko"
,"Kakao Operation Policy (English)","https://www.kakao.com/policy/oppolicy?lang=en","No date.","2021-11-07","https://web.archive.org/save/https://www.kakao.com/policy/oppolicy?lang=en"
,"Daum 개인정보처리방침 [Privacy Policy]","http://policy.daum.net/info_protection/info_protection?type=daum","2021-09-10","2021-10-25","https://web.archive.org/save/http://policy.daum.net/info_protection/info_protection?type=daum"
,"Kakao 개인정보 처리방침 [Privacy Policy]","http://www.kakao.com/policy/privacy?lang=ko","2021-09-10","2021-10-25","https://web.archive.org/save/https://www.kakao.com/policy/privacy?lang=ko"
,"Kakao Privacy Policy (Eng)","http://www.kakao.com/policy/privacy?lang=en","2021-09-10","2021-10-25","https://web.archive.org/save/https://www.kakao.com/policy/privacy?lang=en"
,"Kakao 프라이버시 철학","https://privacy.kakao.com/protect/philosophy","No date.","2021-10-25","https://web.archive.org/save/https://privacy.kakao.com/protect/philosophy"
,"Kakao Privacy Philosophy","https://privacy.kakao.com/protect/philosophy?lang=en","No date.","2021-10-25","https://web.archive.org/save/https://privacy.kakao.com/protect/philosophy?lang=en"
,"kakao FAQ_2-step verification","https://cs.kakao.com/helps?articleId=1073195564&service=52&category=559&device=2025&locale=ko","No date.","2021-11-11","https://web.archive.org/save/https://cs.kakao.com/helps?articleId=1073195564&service=52&category=559&device=2025&locale=ko"
,"kakao FAQ_2-step verification","https://cs.kakao.com/helps?articleId=1073195690&service=52&category=561&device=2040&locale=en","No date.","2021-11-11","https://web.archive.org/save/https://cs.kakao.com/helps?articleId=1073195690&service=52&category=561&device=2040&locale=en"
,"프라이버시 정책 자문위원회","https://privacy.kakao.com/protect/commission","No date.","2021-11-10","https://web.archive.org/save/https://privacy.kakao.com/protect/commission"
,"Privacy Policy Advisory Committee","https://privacy.kakao.com/protect/commission?lang=en","No date.","2021-11-10","https://web.archive.org/save/https://privacy.kakao.com/protect/commission?lang=en"
,"프라이버시 보호 노력","https://privacy.kakao.com/protect/protection","No date.","2021-11-10","https://web.archive.org/save/https://privacy.kakao.com/protect/protection"
,"Privacy Protection Measures","https://privacy.kakao.com/protect/protection?lang=en","No date.","2021-11-10","https://web.archive.org/save/https://privacy.kakao.com/protect/protection?lang=en"
,"KISO 소개 브로셔","https://www.kiso.or.kr/wp-content/uploads/2020/01/1901107_KISO-%EC%86%8C%EA%B0%9C%EC%9E%90%EB%A3%8C%EA%B5%AD%EB%AC%B8.pdf","2019-11-07","2021-11-10","https://web.archive.org/save/https://www.kiso.or.kr/wp-content/uploads/2020/01/1901107_KISO-%EC%86%8C%EA%B0%9C%EC%9E%90%EB%A3%8C%EA%B5%AD%EB%AC%B8.pdf"
,"KISO Brocchure","https://www.kiso.or.kr/wp-content/uploads/2019/03/190326-KISO-%EC%86%8C%EA%B0%9C%EC%9E%90%EB%A3%8C%EC%98%81%EB%AC%B8.pdf","2019-03-26","2021-11-10","https://web.archive.org/save/https://www.kiso.or.kr/wp-content/uploads/2019/03/190326-KISO-%EC%86%8C%EA%B0%9C%EC%9E%90%EB%A3%8C%EC%98%81%EB%AC%B8.pdf"
,"Kakao 고객센터","https://cs.kakao.com/","No date.","2021-11-10","https://web.archive.org/save/https://cs.kakao.com/"
,"Kakao Customer Service","https://cs.kakao.com/","No date.","2021-11-10","https://web.archive.org/save/https://cs.kakao.com/"
,"KakaoTalk 문의하기","https://cs.kakao.com/requests?locale=ko&service=8","No date.","2021-11-10","https://web.archive.org/save/https://cs.kakao.com/requests?locale=ko&service=8"
,"KakaoTalk Question","https://cs.kakao.com/requests?locale=en&service=8","No date.","2021-11-10","https://web.archive.org/save/https://cs.kakao.com/requests?locale=en&service=8"
,"Daum 고객센터 (Customer Service)","http://cs.daum.net/","No date.","2021-11-10","https://web.archive.org/save/https://cs.daum.net/"
,"Daum Search 문의하기 (Question_Customer Service)","https://cs.daum.net/question/15.html","No date.","2021-11-10","https://web.archive.org/save/https://cs.daum.net/question/15.html"
,"Daum Mail 문의하기 (Question_Customer Service)","https://cs.daum.net/question/43.html","No date.","2021-11-10","https://web.archive.org/save/https://cs.daum.net/question/43.html"
,"kakao 권리침해신고 안내 (Report Rights Infringement)","http://www.kakao.com/policy/right","No date.","2021-11-07","https://web.archive.org/save/https://www.kakao.com/policy/right"
,"Daum 명예훼손 신고 처리 절차 (Defamation Report Handling Process)","https://cs.daum.net/redbell/right/libelProcess.html","No date.","2021-11-08","https://web.archive.org/save/https://cs.daum.net/redbell/right/libelProcess.html"
,"Daum 저작권 침해 처리절차 (Copyright Infringement Handling Process)","https://cs.daum.net/redbell/right/copyrightProcess.html","No date.","2021-11-10","https://web.archive.org/save/https://cs.daum.net/redbell/right/copyrightProcess.html"
,"Daum 명예훼손 복원 신청 처리 절차 안내 (Repost Request Procedure_Defamation)","https://cs.daum.net/redbell/right/libelRestore.html","No date.","2021-11-10","https://web.archive.org/save/https://cs.daum.net/redbell/right/libelRestore.html"
,"Daum 저작권 침해 복원신청 처리절차 안내 (Repost Request Procedure_Copyright Infringement Post)","https://cs.daum.net/redbell/right/copyrightRestore.html","No date.","2021-11-10","https://web.archive.org/save/https://cs.daum.net/redbell/right/copyrightRestore.html"
,"Kakao 이용자 보호 현황 리포트 (이용자권리보호현황)","https://clean.kakao.com/transparence/report","No date.","2021-10-25","https://web.archive.org/save/https://clean.kakao.com/transparence/report"
,"Kakao User Protection Report (Protection of Users' Right)","https://clean.kakao.com/transparence/en/report","No date.","2021-10-25","https://web.archive.org/save/https://clean.kakao.com/transparence/en/report"
,"카카오 투명성 보고서 (이용자 정보)","https://privacy.kakao.com/transparency/report","No date.","2021-11-02","https://web.archive.org/save/https://privacy.kakao.com/transparency/report"
,"Kakao Transparency Report (User Information)","https://privacy.kakao.com/transparency/report?lang=en","No date.","2021-11-02","https://web.archive.org/save/https://privacy.kakao.com/transparency/report?lang=en"
,"카카오 공지사항 (약관변경 등)","http://www.kakao.com/notices","No date.","2021-11-07","https://web.archive.org/save/https://www.kakao.com/notices"
,"카카오 개인정보 처리절차 안내","https://privacy.kakao.com/center/process","No date.","2021-10-25","https://web.archive.org/save/https://privacy.kakao.com/center/process"
,"Personal Data Processing Procedures","https://privacy.kakao.com/center/process?lang=en","No date.","2021-10-25","https://web.archive.org/save/https://privacy.kakao.com/center/process?lang=en"
,"Daum 개인정보수집항목 (Personal Information Collection Items)","http://policy.daum.net/info_protection/popup/info_collect_190528","No date.","2021-10-25","https://web.archive.org/save/http://policy.daum.net/info_protection/popup/info_collect_190528"
,"Kakao 별도 수집 개인정보 항목 (Other personal information items)","http://www.kakao.com/policy/privacyPolicy/collectSeparately?type=kakao&lang=en","No date.","2021-10-25","https://web.archive.org/save/https://www.kakao.com/policy/privacyPolicy/collectSeparately?type=kakao&lang=en"
,"kakao 개인정보 제3자 제공 현황 (카카오계정 로그인을 위한 제공)","http://www.kakao.com/accountLogin?lang=ko","No date.","2021-11-02","https://web.archive.org/save/https://www.kakao.com/accountLogin?lang=ko"
,"Kakao The status of the provision of personal information (For Kakao Account login)","http://www.kakao.com/accountLogin?lang=en","No date.","2021-11-02","https://web.archive.org/save/https://www.kakao.com/accountLogin?lang=en"
,"Daum 개인정보 제공 내역 (The status of the provision of personal information)","http://policy.daum.net/info_protection/popup/info_provide_service","No date.","2021-11-02","https://web.archive.org/save/https://policy.daum.net/info_protection/popup/info_provide_service"
,"Kakao 맞춤형광고 (Targeted Advertising)","https://info.ad.daum.net/optout.do","No date.","2021-11-04","https://web.archive.org/save/https://info.ad.daum.net/optout.do"
,"정보보호 인증 (Information Security Certifications)","https://privacy.kakao.com/protect/certification","No date.","2021-11-11","https://web.archive.org/save/https://privacy.kakao.com/protect/certification"
,"Information Security Certifications","https://privacy.kakao.com/protect/certification?lang=en","No date.","2021-11-11","https://web.archive.org/save/https://privacy.kakao.com/protect/certification?lang=en"
,"보안(Security)_Kakao Developers","https://developers.kakao.com/terms/latest/ko/security","No date.","2021-11-11","https://web.archive.org/save/https://developers.kakao.com/terms/latest/ko/security"
,"Daum FAQ _ HTTS, SSL, TLS","https://cs.daum.net/faq/43/18760.html#36395","No date.","2021-11-30","link no longer available"
,"Daum FAQ _ 2 step verification","https://cs.daum.net/faq/59/15645.html?faqId=31041","No date.","2021-11-11","https://web.archive.org/save/https://cs.daum.net/faq/59/15645.html?faqId=31041"
,"Daum FAQ _ Login record","https://cs.daum.net/faq/59/8035.html#10027","No date.","2021-11-11","https://web.archive.org/save/https://cs.daum.net/faq/59/8035.html#10027"
,"Daum FAQ _ Login Problem","https://cs.daum.net/faq/59/14970.html#30993","No date.","2021-11-11","https://web.archive.org/save/https://cs.daum.net/faq/59/14970.html#30993"
,"Kakao FAQ_Account Protection Measure Email","https://cs.kakao.com/helps?articleId=1073185476&service=52&category=172&device=423&locale=ko","No date.","2021-11-11","https://web.archive.org/save/https://cs.kakao.com/helps?articleId=1073185476&service=52&category=172&device=423&locale=ko"
,"Kakao FAQ_Account Protection Measure Email (eng)","https://cs.kakao.com/helps?articleId=1073186011&service=52&category=186&device=442&locale=en","No date.","2021-11-11","https://web.archive.org/save/https://cs.kakao.com/helps?articleId=1073186011&service=52&category=186&device=442&locale=en"
,"Daum FAQ_Protection of My Information","https://cs.daum.net/faq/59/15645.html","No date.","2021-11-11","https://web.archive.org/save/https://cs.daum.net/faq/59/15645.html"
,"Daum FAQ_IP Protection","https://cs.daum.net/faq/59/8035.html#29554","No date.","2021-11-11","https://web.archive.org/save/https://cs.daum.net/faq/59/8035.html#29554"
,"Daum Content Restriction Policy","https://cs.daum.net/redbell/harm/policyArticle.html","No date.","2021-11-07","https://web.archive.org/save/https://cs.daum.net/redbell/harm/policyArticle.html"
,"Daum FAQ_ID Warning","https://cs.daum.net/faq/85/5203.html#9629","No date.","2021-11-08","https://web.archive.org/save/https://cs.daum.net/faq/85/5203.html#9629"
,"Kakao FAQ_Verification","https://cs.kakao.com/helps?service=52&category=174&locale=ko","No date.","2021-11-07","https://web.archive.org/save/https://cs.kakao.com/helps?service=52&category=174&locale=ko"
,"Daum FAQ_Register","https://cs.daum.net/faq/59/8034.html#6353","No date.","2021-11-07","https://web.archive.org/save/https://cs.daum.net/faq/59/8034.html#"
,"Daum FAQ_Finding ID","https://cs.daum.net/faq/59/5217.html#27227","No date.","2021-11-07","https://web.archive.org/save/https://cs.daum.net/faq/59/5217.html#27227"
,"Daum FAQ_Real Name Member","https://cs.daum.net/faq/59/5218.html#7042","No date.","2021-11-07","https://web.archive.org/save/https://cs.daum.net/faq/59/5218.html#7042"
,"Kakao FAQ Account compromise/hacking","https://cs.kakao.com/helps?articleId=1073185997&service=52&category=184&device=442&locale=en","No date.","2021-11-11","https://web.archive.org/save/https://cs.kakao.com/helps?articleId=1073185997&service=52&category=184&device=442&locale=en"
,"kakao FAQ_Account protection measures","https://cs.kakao.com/helps?articleId=1073186012&service=52&category=186&device=442&locale=en","No date.","2021-11-11","https://web.archive.org/save/https://cs.kakao.com/helps?articleId=1073186012&service=52&category=186&device=442&locale=en"
,"Daum 메일수신 도움말 [Mail Reception FAQ]","https://cs.daum.net/faq/43/4589.html","No date.","2021-11-04","https://web.archive.org/save/https://cs.daum.net/faq/43/4589.html"
,"Daum 주소록 도움말 [Address Book FAQ]","http://cs.daum.net/faq/43/4604.html#24158","No date.","2021-11-04","https://web.archive.org/save/https://cs.daum.net/faq/43/4604.html#24158"
,"카카오톡 도움말","https://cs.kakao.com/helps?service=8&category=24&locale=ko&device=1013&articleId=1073188988","No date.","2021-11-04","https://web.archive.org/save/https://cs.kakao.com/helps?service=8&category=24&locale=ko&device=1013&articleId=1073188988"
,"KakaoTalk Help","https://cs.kakao.com/helps?articleId=1073182396&service=8&category=5&device=2&locale=en","No date.","2021-11-04","https://web.archive.org/save/https://cs.kakao.com/helps?articleId=1073182396&service=8&category=5&device=2&locale=en"
,"kakao 알고리즘 윤리","https://www.kakaocorp.com/page/responsible/detail/algorithm?lang=KOR&tab=all","No date.","2021-10-25","https://web.archive.org/save/https://www.kakaocorp.com/page/responsible/detail/algorithm?lang=KOR&tab=all"
,"Kakao Algorithm Ethics","https://www.kakaocorp.com/page/responsible/detail/algorithm?lang=ENG&tab=all","No date.","2021-10-25","https://web.archive.org/save/https://www.kakaocorp.com/page/responsible/detail/algorithm?lang=ENG&tab=all"
,"kakao 투명성보고서 (통계)","https://privacy.kakao.com/transparency/statistic","No date.","2021-11-10","https://web.archive.org/save/https://privacy.kakao.com/transparency/statistic"
,"kakao Transparency Report (Statistics)","https://privacy.kakao.com/transparency/statistic?lang=en","No date.","2021-11-10","https://web.archive.org/save/https://privacy.kakao.com/transparency/statistic?lang=en"
,"kakao for business","https://kakaobusiness.gitbook.io/main/","No date.","2021-11-07","https://web.archive.org/save/https://kakaobusiness.gitbook.io/main/"
,"Review Guide (Keyword search ad)","https://kakaobusiness.gitbook.io/main/ad/searchad/keywordad/ad-audit","No date.","2021-11-07","https://web.archive.org/save/https://kakaobusiness.gitbook.io/main/ad/searchad/keywordad/ad-audit"
,"Kakao FAQ_what is a secret chat?","https://cs.kakao.com/helps?articleId=1073183303&service=8&category=24&device=9&locale=ko","No date.","2021-11-11","https://web.archive.org/save/https://cs.kakao.com/helps?articleId=1073183303&service=8&category=24&device=9&locale=ko"
,"Kakao FAQ_what is a secret chat? (ENG)","https://cs.kakao.com/helps?service=8&category=5&locale=en&device=2&articleId=1073183324","No date.","2021-11-11","https://web.archive.org/save/https://cs.kakao.com/helps?service=8&category=5&locale=en&device=2&articleId=1073183324"
,"The Kakao Code of Business Conduct and the Code of Ethics(Korean)","https://www.kakaocorp.com/kakao/introduce/codeOfBusinessEthics?lang=ko","2019-01-02","2021-11-10","https://web.archive.org/save/https://www.kakaocorp.com/ir/managementInformation/codeOfBusinessEthics?lang=ko"
,"The Kakao Code of Business Conduct and the Code of Ethics(Eng)","https://www.kakaocorp.com/kakao/introduce/codeOfBusinessEthics?lang=en","2019-01-02","2021-11-10","https://web.archive.org/save/https://www.kakaocorp.com/ir/managementInformation/codeOfBusinessEthics?lang=en"
,"Privacy Center of Kakao Privacy Policy Page(Korean)","https://privacy.kakao.com/center/kakao","No date.","2021-11-04","https://web.archive.org/save/https://privacy.kakao.com/center/kakao"
,"Privacy Center of Kakao Privacy Policy Page(English)","https://privacy.kakao.com/center/kakao?lang=en","No date.","2021-11-04","https://web.archive.org/save/https://privacy.kakao.com/center/kakao?lang=en"
,"Kakao Moment Advertising Policy Q&A","https://cs.kakao.com/helps?articleId=1073191144&service=110&category=329&device=1158&locale=ko","No date.","2021-11-07","https://web.archive.org/save/https://cs.kakao.com/helps?articleId=1073191144&service=110&category=329&device=1158&locale=ko"
,"Terms of service for Kakao i developers","https://i.kakao.com/terms/5e4251ff2c3e420001d40dca","2018-12-03","2021-11-07","https://web.archive.org/save/https://i.kakao.com/terms/5e4251ff2c3e420001d40dca"
,"kakao 개인정보 제3자 제공 현황 (서비스 이용시 제휴를 위한 제공)","https://www.kakao.com/policy/privacyPolicy/informationThirdParty?lang=","No date.","2021-11-04","https://web.archive.org/save/https://www.kakao.com/policy/privacyPolicy/informationThirdParty?lang="
,"Kakao The status of the provision of personal information (For Service partnership)","https://www.kakao.com/policy/privacyPolicy/informationThirdParty?lang=en","No date.","2021-11-04","https://web.archive.org/save/https://www.kakao.com/policy/privacyPolicy/informationThirdParty?lang=en"
,"Kakao 이용자 보호 현황 리포트 (게시물 보호현황)","https://clean.kakao.com/transparence/report/contents","No date.","2021-11-07","https://web.archive.org/save/https://clean.kakao.com/transparence/report/contents"
,"Kakao User Protection Report (Posting Protection Status)","https://clean.kakao.com/transparence/en/report/contents","No date.","2021-11-07","https://web.archive.org/save/https://clean.kakao.com/transparence/en/report/contents"
,"ESG보고서, 2020 카카오의 약속과 책임","https://www.kakaocorp.com/page/detail/9400","2021-05","2021-11-26","https://ia601508.us.archive.org/3/items/kakao-67-esg-2020-november-2021/Kakao_67_ESG%E1%84%87%E1%85%A9%E1%84%80%E1%85%A9%E1%84%89%E1%85%A5%2C%202020%20%E1%84%8F%E1%85%A1%E1%84%8F%E1%85%A1%E1%84%8B%E1%85%A9%E1%84%8B%E1%85%B4%20%E1%84%8B%E1%85%A3%E1%86%A8%E1%84%89%E1%85%A9%E1%86%A8%E1%84%80%E1%85%AA%20%E1%84%8E%E1%85%A2%E1%86%A8%E1%84%8B%E1%85%B5%E1%86%B7_November2021.pdf"
,"2020 ESG Report (EN)","https://t1.kakaocdn.net/kakaocorp/kakaocorp/admin/esg/report/revisedReport/KAKAO_2020_ESG_REPORT_ENG.pdf?download","2021-05","2021-11-26","https://ia601505.us.archive.org/4/items/kakao-67-2020-esg-report-november-2021/Kakao_67%27_2020_ESG-Report_November2021.pdf"
,"카카오광고 서비스 운영정책(Kakao Advertising Service Operation Policy)","https://kakaobusiness-policy.kakao.com/OPERATIONPOLICY/","2022-01-05","2022-01-26","https://web.archive.org/web/20220127015253/https://kakaobusiness-policy.kakao.com/OPERATIONPOLICY/"
,"Daum Search 검색원칙 (Search Principle)","https://cs.daum.net/faq/15/15649.html#31070","No date.","2022-01-27","https://web.archive.org/web/20211025210815/https://cs.daum.net/faq/15/15649.html"
,"Block Harmful Information","https://clean.kakao.com/safe/toxic","No date.","2022-01-27","https://web.archive.org/web/20220127201106/https://clean.kakao.com/safe/toxic"
,"신고 시 운영정책에 의해
이용제한조치가 적용될 수 있어요","https://kakao.com/talksafety/measure/reporting","No date.","2022-01-27","https://web.archive.org/web/20220127201316/https://kakao.com/talksafety/measure/reporting"
,"Measures to restrict use by reporting","https://kakao.com/talksafety/en/measure/reporting","No date.","2022-01-27","https://web.archive.org/web/20220127201316/https://kakao.com/talksafety/measure/reporting"
,"자동감지에 의한 이용자보호조치
자동화된 안티어뷰징 시스템이
이용자를 보호해요","https://www.kakao.com/talksafety/measure/detection","No date.","2022-01-27","https://web.archive.org/web/20220127201400/https://www.kakao.com/talksafety/measure/detection"
,"User Protection Measures by Automated Detection","https://www.kakao.com/talksafety/en/measure/detection","No date.","2022-01-27","https://web.archive.org/web/20220127201400/https://www.kakao.com/talksafety/measure/detection"
,"다음뉴스 서비스 운영원칙
(Daum News Service Operation Principles)","https://news.daum.net/info/edit","No date.","2022-01-27","https://web.archive.org/web/20220112195751/https://news.daum.net/info/edit"
,"details of personal information items provided by the third-parties","https://www.kakao.com/policy/privacyPolicy/providedInfo?lang=en","No date.","2022-01-31","https://web.archive.org/web/20220131235703/https://www.kakao.com/policy/privacyPolicy/providedInfo?lang=en+your"
,"Kakao Board of Directors composition","https://www.kakaocorp.com/ir/managementInformation/boardOfDirectors/committee","No date.","2022-02-04","https://web.archive.org/web/20220210232909/https://www.kakaocorp.com/ir/managementInformation/boardOfDirectors/committee"
,"User Protection Vision","https://clean.kakao.com/safe/user","No date.","2022-02-04","https://web.archive.org/web/20220210233119/https://clean.kakao.com/safe/user"
