﻿"SourceNr","DocumentTitle","URL","DocumentDate","DateAccessed","Saved source link"
1,"Apple Privacy Policy","https://www.apple.com/legal/privacy/en-ww/","2021-10-27","2021-11-01","https://web.archive.org/web/20211101110233/https://www.apple.com/legal/privacy/en-ww/"
2,"Apple Privacy Policy Spanish","https://www.apple.com/legal/privacy/es-la/","2021-10-27","2021-11-01","https://web.archive.org/web/20211101123713/https://www.apple.com/legal/privacy/es-la/"
3,"Apple App Store Review Guidelines","https://developer.apple.com/app-store/review/guidelines/#privacy","2021-06-07","2021-11-01","https://web.archive.org/web/20211101131142/https://developer.apple.com/app-store/review/guidelines/"
4,"Privacy Governance","https://www.apple.com/legal/privacy/en-ww/governance/","No date.","2021-11-01","https://web.archive.org/web/20211101142710/https://www.apple.com/legal/privacy/en-ww/governance/"
5,"Common App Rejections","https://developer.apple.com/app-store/review/#common-app-rejections","No date.","2021-11-01","https://web.archive.org/web/20211101131348/https://developer.apple.com/app-store/review/"
6,"Siri Suggestions, Search & Privacy","https://support.apple.com/en-us/HT210658","No date.","2021-11-11","https://web.archive.org/web/20211111124752/https://www.apple.com/legal/privacy/data/en/siri-suggestions-search/"
7,"App Store Review","https://developer.apple.com/app-store/review/","No date.","2021-10-22","https://web.archive.org/web/20211021202546/https://developer.apple.com/app-store/review/"
8,"Protecting the User’s Privacy","https://developer.apple.com/documentation/uikit/protecting_the_user_s_privacy","No date.","2021-11-01","https://web.archive.org/web/20211112115903/https://developer.apple.com/documentation/uikit/protecting_the_user_s_privacy"
9,"Apple Differential Privacy","https://www.apple.com/privacy/docs/Differential_Privacy_Overview.pdf","No date.","2021-11-01","https://web.archive.org/web/20211027132141/https://www.apple.com/privacy/docs/Differential_Privacy_Overview.pdf"
10,"US Law Enforcement Guidelines","https://www.apple.com/legal/privacy/law-enforcement-guidelines-us.pdf","No date.","2021-11-03","https://web.archive.org/web/20211006053712/https://www.apple.com/legal/privacy/law-enforcement-guidelines-us.pdf"
11,"Privacy Control","https://www.apple.com/privacy/control/","No date.","2021-11-03","https://web.archive.org/web/20211103050907/https://www.apple.com/privacy/control/"
12,"Privacy Policy - California Privacy Disclosures","https://www.apple.com/legal/privacy/california-dnt/","No date.","2021-11-05","https://web.archive.org/save/https://www.apple.com/legal/privacy/california/"
13,"ITI AI Policy Principle","https://www.itic.org/resources/AI-Policy-Principles-FullReport2.pdf","No date.","2021-11-11","https://web.archive.org/web/20211006140944/https://www.itic.org/resources/AI-Policy-Principles-FullReport2.pdf"
14,"Apple Developer Security","https://developer.apple.com/security/","No date.","2021-11-12","https://web.archive.org/web/20211112120202/https://developer.apple.com/security/"
15,"Apple Privacy Overview","https://www.apple.com/privacy/","No date.","2021-11-12","https://web.archive.org/web/20211112002226/https://www.apple.com/privacy/"
16,"Apple Media Services Terms and Conditions","https://www.apple.com/legal/internet-services/itunes/us/terms.html","2021-09-20","2021-11-04","https://web.archive.org/save/https://www.apple.com/legal/internet-services/itunes/us/terms.html"
17,"Términos y Condiciones de los Servicios multimedia de Apple","https://www.apple.com/legal/internet-services/itunes/us-latino/terms.html","2021-09-20","2021-11-04","https://web.archive.org/web/20211104150456/https://www.apple.com/legal/internet-services/itunes/us-latino/terms.html"
18,"iOS15 Service Agreement","https://www.apple.com/legal/sla/docs/iOS15_iPadOS15.pdf","2021-07-16","2021-11-04","https://web.archive.org/web/20211104144009/https://www.apple.com/legal/sla/docs/iOS15_iPadOS15.pdf"
19,"Apple Developer Agreement","https://developer.apple.com/terms/apple-developer-agreement/Apple-Developer-Agreement-English.pdf","2021-06-07","2021-11-04","https://web.archive.org/web/20211020082454/https://developer.apple.com/support/downloads/terms/apple-developer-agreement/Apple-Developer-Agreement-20210607-English.pdf"
20,"iCloud Terms of Services","https://www.apple.com/legal/internet-services/icloud/en/terms.html","2021-09-20","2021-11-04","https://web.archive.org/web/20211104144515/https://www.apple.com/legal/internet-services/icloud/en/terms.html"
21,"Apple Developer Agreement (Spanish)","https://developer.apple.com/support/downloads/terms/apple-developer-agreement/Apple-Developer-Agreement-20210607-Spanish.pdf","2021-06-07","2021-11-04","https://web.archive.org/web/20211020060424/https://developer.apple.com/support/downloads/terms/apple-developer-agreement/Apple-Developer-Agreement-20210607-Spanish.pdf"
22,"iCloud Terms and Services (Spanish)","https://www.apple.com/legal/internet-services/icloud/la/terms.html","2021-09-20","2021-11-04","https://web.archive.org/web/20211104150640/https://www.apple.com/legal/internet-services/icloud/la/terms.html"
23,"Apple Search Ads Ad Content Policies","https://searchads.apple.com/policies/","2021-06-22","2021-11-04","https://web.archive.org/web/20211104161025/https://searchads.apple.com/policies/"
24,"Apple Search Ads Ad Content Policies (Spanish)","https://searchads.apple.com/es/","2021-06-22","2021-11-04","https://web.archive.org/web/20211104161205/https://searchads.apple.com/es/"
25,"Government Information Requests","https://www.apple.com/privacy/government-information-requests/","No date.","2021-11-12","https://web.archive.org/web/20211112121010/https://www.apple.com/privacy/government-information-requests/"
27,"Advertising and Privacy Support","https://support.apple.com/en-us/HT205223","No date.","2021-11-03","https://web.archive.org/web/20211103031550/https://www.apple.com/legal/privacy/data/en/apple-advertising/"
28,"Advertising on Apple News","https://developer.apple.com/news-publisher/Apple-Advertising-Platforms-Content-Guidelines.pdf","No date.","2021-11-12","https://web.archive.org/web/20211112120438/https://support.apple.com/hu-hu/guide/adguide/apd2b2b7aef1/icloud"
29,"AdGuide for Publishers Apple News","https://developer.apple.com/news-publisher/News-Publisher-Advertising-Guide.pdf","No date.","2021-11-12","https://web.archive.org/web/20211112120539/https://support.apple.com/hu-hu/guide/adguide/welcome/icloud"
30,"Security and your Apple ID","https://support.apple.com/en-us/HT201303","2020-06-17","2021-11-05","https://web.archive.org/web/20211105173557/https://support.apple.com/en-us/HT201303"
31,"US Legal Process Guidelines","https://www.apple.com/legal/privacy/law-enforcement-guidelines-us.pdf","No date.","2021-11-05","https://web.archive.org/web/20211103132031/https://www.apple.com/legal/privacy/law-enforcement-guidelines-us.pdf"
32,"Legal Process Guidelines Outside US","https://images.apple.com/legal/privacy/law-enforcement-guidelines-outside-us.pdf","No date.","2021-11-05","https://web.archive.org/web/20211105180055/https://images.apple.com/legal/privacy/law-enforcement-guidelines-outside-us.pdf"
33,"Transparancy Report","https://www.apple.com/legal/transparency/","No date.","2021-11-05","https://web.archive.org/web/20211104173514/https://www.apple.com/legal/transparency/"
34,"Transparancy Report H12020","https://www.apple.com/legal/transparency/pdf/requests-2020-H1-en.pdf","No date.","2021-11-05","https://web.archive.org/web/20210807115302/http://www.apple.com/legal/transparency/pdf/requests-2020-H1-en.pdf"
35,"App Store Content Dispute","https://www.apple.com/legal/internet-services/itunes/appstorenotices/#?lang=en","No date.","2021-11-05","https://web.archive.org/web/20211105182823/https://www.apple.com/legal/internet-services/itunes/appstorenotices/#?lang=hu"
36,"App iTunes Content Dispute","https://www.apple.com/legal/internet-services/itunes/itunesstorenotices/","No date.","2021-11-05","https://web.archive.org/web/20211010112749/https://www.apple.com/legal/internet-services/itunes/itunesstorenotices/"
37,"App Ringtone Content Dispute","https://www.apple.com/legal/internet-services/itunes/ringtonestorenotices/#?lang=en","No date.","2021-11-05","https://web.archive.org/web/20211105183218/https://www.apple.com/legal/internet-services/itunes/ringtonestorenotices/"
38,"Claims of Copyright Infringement (“DMCA”)","https://www.apple.com/legal/contact/copyright-infringement.html","No date.","2021-11-05","https://web.archive.org/web/20211105183314/https://www.apple.com/legal/contact/copyright-infringement.html"
39,"Audit and Finance Committee Charter","https://s2.q4cdn.com/470004039/files/doc_downloads/2020/20200819-Audit-and-Finance-Committee-Charter.pdf","2020-08-19","2021-11-10","https://web.archive.org/web/20211104191714/https://s2.q4cdn.com/470004039/files/doc_downloads/2020/20200819-Audit-and-Finance-Committee-Charter.pdf"
40,"Apple's Executive Team: Katherine Adams","http://investor.apple.com/investor-relations/leadership-and-governance/","No date.","2021-11-10","https://web.archive.org/web/20211110101507/https://investor.apple.com/investor-relations/leadership-and-governance/"
41,"Business Conduct Policy","https://s2.q4cdn.com/470004039/files/doc_downloads/Business-Conduct-Policy.pdf","2020-10-01","2021-11-10","https://web.archive.org/web/20211104055525/https://s2.q4cdn.com/470004039/files/doc_downloads/Business-Conduct-Policy.pdf"
42,"Public Policy Advocacy","https://www.apple.com/public-policy-advocacy/","No date.","2021-11-10","https://web.archive.org/web/20210903155532/https://www.apple.com/public-policy-advocacy/"
43,"Encryption and Data Protection overview","https://manuals.info.apple.com/MANUALS/1000/MA1902/en_US/apple-platform-security-guide.pdf","2021-05-01","2021-11-11","https://web.archive.org/web/20211103014856/https://manuals.info.apple.com/MANUALS/1000/MA1902/en_US/apple-platform-security-guide.pdf"
44,"Apple Security Bounty Program","https://developer.apple.com/security-bounty/","No date.","2021-11-11","https://web.archive.org/web/20211111091304/https://developer.apple.com/security-bounty/"
45,"Apple Privacy Features","https://www.apple.com/privacy/features/","No date.","2021-11-11","https://web.archive.org/web/20211111124236/https://www.apple.com/privacy/features/"
46,"iCloud Security","https://support.apple.com/en-us/HT202303","2021-10-05","2021-11-11","https://web.archive.org/web/20211111130501/https://support.apple.com/en-us/HT202303"
47,"How to view recent logins on apple id?","https://discussions.apple.com/thread/5862162","2014-05-14","2021-11-11","https://web.archive.org/web/20211111132248/https://discussions.apple.com/thread/5862162"
48,"Check your Apple ID device list","https://support.apple.com/en-us/HT205064","2021-11-04","2021-11-11","https://web.archive.org/web/20211105224426/https://support.apple.com/en-us/HT205064"
49,"Advertising & Privacy Support (Spanish)","https://support.apple.com/es-us/HT205223","No date.","2021-11-04","https://web.archive.org/web/20211104190244/https://www.apple.com/mx/legal/privacy/data/es-419/apple-advertising/"
50,"Apple Human Rights Policy","https://s2.q4cdn.com/470004039/files/doc_downloads/gov_docs/2020/Apple-Human-Rights-Policy.pdf","2020-08","2021-10-22","https://web.archive.org/web/20211022133300/https://s2.q4cdn.com/470004039/files/doc_downloads/gov_docs/2020/Apple-Human-Rights-Policy.pdf"
52,"Apple Search Ads and privacy","https://searchads.apple.com/privacy/","No date.","2021-11-05","https://web.archive.org/web/20211105160330/https://searchads.apple.com/privacy/"
53,"About Applebot","https://support.apple.com/en-us/HT204683","2020-07-10","2021-11-03","https://web.archive.org/web/20211103175234/https://support.apple.com/en-us/HT204683"
54,"App Store & Privacy","https://support.apple.com/en-us/HT210584","No date.","2021-11-02","https://web.archive.org/web/20211102162540/https://www.apple.com/legal/privacy/data/en/app-store/"
56,"How to delete your Apple ID account","https://support.apple.com/en-gb/HT208504","2020-09-28","2021-11-03","https://web.archive.org/web/20211103131641/https://support.apple.com/en-gb/HT208504"
57,"Get a copy of the data associated with your Apple ID account","https://support.apple.com/en-us/HT208502","2019-05-16","2021-11-03","https://web.archive.org/web/20211103154458/https://support.apple.com/en-us/HT208502"
58,"Apple Internet Services Certifications","https://support.apple.com/en-us/HT210897","2021-08-17","2021-11-11","https://web.archive.org/web/20211111090902/https://support.apple.com/guide/sccc/security-certifications-apple-internet-sccc4d2c0468b/1/web/1.0"
59,"Apple Security Bounty Program Terms and Conditions","https://developer.apple.com/security-bounty/requirements/","No date.","2021-11-11","https://web.archive.org/web/20211010165825/https://developer.apple.com/security-bounty/requirements/"
60,"Secure software updates overview","https://support.apple.com/guide/security/secure-software-updates-overview-secf683e0b36/1/web/1","No date.","2021-11-12","https://web.archive.org/web/20211112120640/https://support.apple.com/hu-hu/guide/security/secf683e0b36/1/web/1"
61,"Apple security updates","https://support.apple.com/en-us/HT201222","No date.","2021-11-11","https://web.archive.org/web/20211111122626/https://support.apple.com/en-us/HT201222"
62,"Vintage and obsolete products","https://support.apple.com/en-us/HT201624","2021-11-05","2021-11-12","https://web.archive.org/web/20211112120738/https://support.apple.com/en-us/HT201624"
63,"Apple ID & Privacy","https://support.apple.com/en-us/HT208650","No date.","2021-11-02","https://web.archive.org/web/20211102162906/https://www.apple.com/legal/privacy/data/en/apple-id/"
65,"Data&Privacy","https://www.apple.com/legal/privacy/data/","No date.","2021-10-22","https://web.archive.org/web/20211022134920/https://www.apple.com/legal/privacy/data/"
66,"Ask Siri, Dictation & Privacy","https://www.apple.com/legal/privacy/data/en/ask-siri-dictation/","No date.","2021-10-22","https://web.archive.org/web/20211022145727/https://www.apple.com/legal/privacy/data/en/ask-siri-dictation/"
67,"Siri for Developers","https://developer.apple.com/siri/","No date.","2021-11-02","https://web.archive.org/web/20211028010226/https://developer.apple.com/siri/"
68,"Apple Developer Program License Agreement","https://developer.apple.com/support/downloads/terms/apple-developer-program/Apple-Developer-Program-License-Agreement-20210607-English.pdf","2021-06-07","2021-11-04","https://web.archive.org/web/20211020044325/https://developer.apple.com/support/downloads/terms/apple-developer-program/Apple-Developer-Program-License-Agreement-20210607-English.pdf"
69,"Apple Developer Program License Agreement Spanish","https://developer.apple.com/support/downloads/terms/apple-developer-program/Apple-Developer-Program-License-Agreement-20210607-Spanish.pdf","2021-06-07","2021-11-04","https://web.archive.org/web/20211020030754/https://developer.apple.com/support/downloads/terms/apple-developer-program/Apple-Developer-Program-License-Agreement-20210607-Spanish.pdf"
70,"App Store stopped more than $1.5 billion in potentially fraudulent transactions in 2020","https://www.apple.com/newsroom/2021/05/app-store-stopped-over-1-5-billion-in-suspect-transactions-in-2020/","2021-05-11","2021-11-05","https://web.archive.org/web/20211016083738/https://www.apple.com/newsroom/2021/05/app-store-stopped-over-1-5-billion-in-suspect-transactions-in-2020/"
71,"Expanded Protections for Children","https://www.apple.com/child-safety/","2021-09-03","2021-11-09","https://web.archive.org/web/20211109160253/https://www.apple.com/child-safety/"
72,"Ethic's Point FAQ","https://secure.ethicspoint.com/domain/media/en/gui/48987/faq.html","No date.","2021-11-10","https://web.archive.org/web/20211110112046/https://secure.ethicspoint.com/domain/media/en/gui/48987/faq.html"
73,"Introduction to Apple platform security","https://support.apple.com/guide/security/intro-to-apple-platform-security-seccd5016d31/web","2021-05-17","2021-11-11","https://web.archive.org/web/20211111090257/https://support.apple.com/guide/security/intro-to-apple-platform-security-seccd5016d31/web"
74,"Discovery on the App Store and Mac App Store","https://developer.apple.com/app-store/discoverability/","No date.","2022-02-09","https://web.archive.org/web/20220209184712/https://developer.apple.com/app-store/discoverability/"
75,"Acerca de Applebot","https://support.apple.com/es-es/HT204683","No date.","2022-02-09","https://web.archive.org/web/20211019230430/https://support.apple.com/es-es/HT204683"
76,"App Removal Requests Platform Violation","https://www.apple.com/legal/transparency/app-removal-requests-platform-violation.html","covers July - December 2020","2022-02-10","https://web.archive.org/web/20211212085701/https://www.apple.com/legal/transparency/app-removal-requests-platform-violation.html"
78,"Apple’s Use of Cookies","https://www.apple.com/legal/privacy/en-ww/cookies/","No date.","2022-02-10","https://web.archive.org/web/20211103230904/https://www.apple.com/legal/privacy/en-ww/cookies/"
79,"Apple 2021 ESG report","https://s2.q4cdn.com/470004039/files/doc_downloads/2021/08/2021_Apple_ESG_Report.pdf","No date.","2022-03-04","https://web.archive.org/web/20211018170122/https://s2.q4cdn.com/470004039/files/doc_downloads/2021/08/2021_Apple_ESG_Report.pdf"
